{
"type": "FeatureCollection",
"name": "rues_prises",
"crs": { "type": "name", "properties": { "name": "urn:ogc:def:crs:OGC:1.3:CRS84" } },
"features": [
{"type":"Feature","properties":{"fid":1},"geometry":{"type":"LineString","coordinates":[[2.509463730478743,48.808738323285958],[2.510558990161927,48.808787032753131]]}},
{"type":"Feature","properties":{"fid":2},"geometry":{"type":"LineString","coordinates":[[2.486258734741188,48.808913517558608],[2.487099432163655,48.809132406267352],[2.487173846346568,48.809151780787133],[2.487461148827325,48.809698380386379],[2.487780373805946,48.810223951304998],[2.488057035454083,48.810434178129931],[2.488365619600084,48.810532283679933],[2.488791252904911,48.810504253542355],[2.489504188690496,48.810322057266326],[2.489823413669116,48.810202928574043],[2.490898137763806,48.81104383093777]]}},
{"type":"Feature","properties":{"fid":3},"geometry":{"type":"LineString","coordinates":[[2.487099432163655,48.809132406267352],[2.487812296303808,48.809158788512001],[2.490270328639185,48.80889950203936],[2.492153756013047,48.808668245405521],[2.492345291000219,48.80982451790927],[2.491940939360634,48.807764231967035]]}},
{"type":"Feature","properties":{"fid":4},"geometry":{"type":"LineString","coordinates":[[2.506782240658334,48.807578521762167],[2.505899051550816,48.807620569415946],[2.504781764125643,48.807620569415946],[2.503377174219712,48.807508442260833],[2.50089786021909,48.807172059291169],[2.501177182075384,48.806338100113926]]}},
{"type":"Feature","properties":{"fid":5},"geometry":{"type":"LineString","coordinates":[[2.496638866962657,48.80571787778365],[2.495479016207003,48.805556688803556],[2.495708854982146,48.804696215700865],[2.494326151507874,48.804507097249299],[2.493597041306807,48.80372963833009],[2.493340208850243,48.803461184915584]]}},
{"type":"Feature","properties":{"fid":6},"geometry":{"type":"LineString","coordinates":[[2.492193659135363,48.802260961396982],[2.491766686713544,48.802401577210446],[2.49121470253426,48.80258336002484]]}},
{"type":"Feature","properties":{"fid":7},"geometry":{"type":"LineString","coordinates":[[2.360782678744206,48.843605091202079],[2.360561239201075,48.843969831526969],[2.358295046084422,48.843367322203555]]}},
{"type":"Feature","properties":{"fid":8},"geometry":{"type":"LineString","coordinates":[[2.360561239201075,48.843969831526969],[2.360430812682236,48.844225665016857],[2.358103206865694,48.843661704825621]]}},
{"type":"Feature","properties":{"fid":9},"geometry":{"type":"LineString","coordinates":[[2.363257094600243,48.844242775155159],[2.362912863210247,48.844874942748618],[2.360430812682236,48.844225665016857],[2.360369704213901,48.844209678840244]]}},
{"type":"Feature","properties":{"fid":10},"geometry":{"type":"LineString","coordinates":[[2.364483746679963,48.844214893020926],[2.361327379149765,48.843439362221531],[2.358624607664108,48.842781082267706],[2.358507552179319,48.842999403160718]]}},
{"type":"Feature","properties":{"fid":11},"geometry":{"type":"LineString","coordinates":[[2.358507552179319,48.842999403160718],[2.358837424316523,48.842458942115954],[2.36365082418697,48.843715263737792],[2.363827974815627,48.843761496067117],[2.363776172455332,48.844041048796974],[2.364483746679963,48.844214893020926]]}},
{"type":"Feature","properties":{"fid":12},"geometry":{"type":"LineString","coordinates":[[2.358837424316523,48.842458942115954],[2.359081159087783,48.841984685469455]]}},
{"type":"Feature","properties":{"fid":13},"geometry":{"type":"LineString","coordinates":[[2.361124675340058,48.843055958036452],[2.361397126371986,48.842587193434383]]}},
{"type":"Feature","properties":{"fid":14},"geometry":{"type":"LineString","coordinates":[[2.36365082418697,48.843715263737792],[2.363881178978731,48.843229273814615]]}},
{"type":"Feature","properties":{"fid":15},"geometry":{"type":"LineString","coordinates":[[2.364381298111904,48.844909956393742],[2.363838615648248,48.844832926342164],[2.360912386677557,48.846807659338417],[2.356922074444796,48.844776904412051]]}},
{"type":"Feature","properties":{"fid":16},"geometry":{"type":"LineString","coordinates":[[2.354951367510703,48.843781286478986],[2.354775612490204,48.844699646536668],[2.354597732606206,48.845629075504498],[2.354378434403536,48.846774869661807]]}},
{"type":"Feature","properties":{"fid":17},"geometry":{"type":"LineString","coordinates":[[2.355301566184685,48.846057167110764],[2.354597732606206,48.845629075504498]]}},
{"type":"Feature","properties":{"fid":18},"geometry":{"type":"LineString","coordinates":[[2.355988341382331,48.845548951116911],[2.354817849794054,48.844764649606503],[2.354775612490204,48.844699646536668]]}},
{"type":"Feature","properties":{"fid":19},"geometry":{"type":"LineString","coordinates":[[2.354505093203338,48.846113106268888],[2.353681940911796,48.845745024575251],[2.352585935151864,48.846032130754189],[2.351628260216001,48.846599335684068],[2.352575294319243,48.847271570244686],[2.35318001150544,48.847365089069129]]}},
{"type":"Feature","properties":{"fid":20},"geometry":{"type":"LineString","coordinates":[[2.351628260216001,48.846599335684068],[2.352136374588864,48.84513460060694],[2.352362477666829,48.844482788250879],[2.353075413452415,48.844349735134308],[2.353373970233995,48.844361764938398],[2.353596814250829,48.844370743544637],[2.35358617341821,48.844629846547392],[2.35391603922945,48.845029002604001],[2.354695780171558,48.845116777580863]]}},
{"type":"Feature","properties":{"fid":21},"geometry":{"type":"LineString","coordinates":[[2.352362477666829,48.844482788250879],[2.352276982478917,48.843788161130135],[2.352276153923256,48.843781649798451],[2.352205044264386,48.843222817418365],[2.352181583512277,48.843038442747869]]}},
{"type":"Feature","properties":{"fid":22},"geometry":{"type":"LineString","coordinates":[[2.354958840826278,48.843647699021389],[2.352756188473795,48.843675710625881],[2.352276153923256,48.843781649798451]]}},
{"type":"Feature","properties":{"fid":23},"geometry":{"type":"LineString","coordinates":[[2.293827257420393,48.875094860805305],[2.292954709145498,48.874450994222855],[2.28395256474839,48.877264350240459],[2.282888481486322,48.877012414360607],[2.282422945059256,48.876783221589918],[2.281888243807606,48.876896942930784],[2.280890665161873,48.876996668325972],[2.279861164605819,48.876944181508115],[2.278924771335196,48.877031659507317],[2.279201432983335,48.877490041722019],[2.279478094631473,48.878431286689299],[2.276323087759353,48.879633185276468],[2.272145737269304,48.881024471730591],[2.27136445975811,48.881284655297179],[2.256499216587001,48.885951862595007],[2.251987503555827,48.887309259414295],[2.251157518611414,48.887351240171796],[2.250880856963275,48.887071367789275],[2.250391378662724,48.887197310555294],[2.250242407006034,48.887589130465336],[2.248773972104379,48.888078901035492]]}},
{"type":"Feature","properties":{"fid":24},"geometry":{"type":"LineString","coordinates":[[2.248781952728843,48.888073653519079],[2.248297794844601,48.888346523641651],[2.247523902296903,48.88859459253635],[2.247020894930119,48.888755826033467],[2.242817766044945,48.89002569161871],[2.241248243233393,48.890511940149452],[2.240503384949945,48.890735822775184],[2.2402746070486,48.891047157885168],[2.23967340000553,48.891358491056515],[2.238689122988117,48.891673320381955],[2.237582476395564,48.891991645795343],[2.236489130843788,48.892318714301368],[2.235589980487339,48.892700000019097],[2.23526543509241,48.89283992065404],[2.235031336774753,48.892867904734025]]}},
{"type":"Feature","properties":{"fid":25},"geometry":{"type":"LineString","coordinates":[[2.287549166174284,48.855495209374844],[2.28465485970145,48.858519656406195],[2.286102012937867,48.860703865618412],[2.28644251958173,48.861235902143967],[2.287123532869455,48.862803976899343]]}},
{"type":"Feature","properties":{"fid":26},"geometry":{"type":"LineString","coordinates":[[2.293566557021298,48.858986959180029],[2.292662086248536,48.859435005682911],[2.291097883853292,48.860429094540315],[2.291200396556128,48.860618453052084],[2.29137454550143,48.860940132536733],[2.291300059673085,48.861325157717623],[2.290980834694464,48.86162617534147],[2.290576483054878,48.861941191846363],[2.290278539741496,48.862109199838223],[2.289884828934531,48.862396212186354],[2.289512399792805,48.862354210482117],[2.28927830147515,48.86252921735052],[2.288448316530734,48.862123200478742],[2.287522564092733,48.862746225017467],[2.287086289955282,48.862809227067117],[2.289608167286392,48.863516244629707],[2.290637870293645,48.86377931986366],[2.294170424272523,48.864681751777461],[2.295983589906096,48.864768893742578],[2.297632191350296,48.864848102540435],[2.299852628891985,48.864954749528117]]}},
{"type":"Feature","properties":{"fid":27},"geometry":{"type":"LineString","coordinates":[[2.299873910557225,48.864947749604404],[2.300608294257183,48.864777030652753],[2.301289141295781,48.864618752085029],[2.301507537372616,48.864555897761882],[2.30265116787123,48.864226752216908],[2.307631077537726,48.864310752447139],[2.311291523959251,48.864387752534327],[2.313260077994082,48.864387752534334],[2.313636939867585,48.864394912731214],[2.318423542023282,48.864485752473946],[2.324871886591436,48.862693723248874],[2.330389158305275,48.86061285880421],[2.331985283198382,48.860122819267858],[2.336395908319667,48.859245986553589],[2.337992033212776,48.859112972664335],[2.33986481975402,48.85885394460243],[2.340394840739989,48.859951461176991],[2.340834349905268,48.860944723346044]]}},
{"type":"Feature","properties":{"fid":28},"geometry":{"type":"LineString","coordinates":[[2.340394840739989,48.859951461176991],[2.337853702388706,48.860541103314787]]}},
{"type":"Feature","properties":{"fid":29},"geometry":{"type":"LineString","coordinates":[[2.342449974037341,48.85847147703933],[2.341732285878956,48.858887198279966],[2.342360095003578,48.860420343844247],[2.342381478055664,48.860453168745622]]}},
{"type":"Feature","properties":{"fid":30},"geometry":{"type":"LineString","coordinates":[[2.342381478055664,48.860453168745622],[2.342498425827647,48.860847376027706],[2.342519460765754,48.861442435604758],[2.342519707492888,48.861449415212029],[2.342285665446997,48.861477861079237]]}},
{"type":"Feature","properties":{"fid":31},"geometry":{"type":"LineString","coordinates":[[2.28718205744887,48.862796976674822],[2.281159346185545,48.863552995269551],[2.275392014905119,48.864155001908635],[2.2727105250847,48.864141001836479],[2.270284415247176,48.863384992124359],[2.268773417015035,48.863132986349079],[2.267964713735862,48.86330099034025],[2.267283700448136,48.86377699858587],[2.26631538467965,48.865022998733096],[2.266038723031512,48.865694985935185],[2.265591808061443,48.866632952983281],[2.265506681400476,48.867038933268859],[2.266230258018685,48.867808886832428],[2.266528201332064,48.868270853283981],[2.267166651289307,48.868676820281152],[2.266783581314963,48.868830806901215],[2.265591808061442,48.868620825029083],[2.265208738087096,48.868844805661382],[2.26435747147744,48.870244661898148],[2.264463879803646,48.872291881122344],[2.263208261554403,48.872053918062107],[2.263059289897712,48.872809796811595],[2.262569811597159,48.873117744139194],[2.26212289662709,48.873481679446215],[2.261505728335089,48.87391909818696],[2.260462926738258,48.874227038686449],[2.259313716815221,48.874409002636128],[2.258760393518945,48.874506982950265],[2.258121943561701,48.87447898859439],[2.257440930273975,48.874422999835623],[2.256972733638664,48.874213041432149],[2.256461973672869,48.874059071376237],[2.255972495372316,48.873975087509663],[2.255248918754108,48.873933095523491],[2.253950737174381,48.873583160934785],[2.252524865603206,48.873555166061948],[2.25095534279165,48.873821116721416],[2.250402019495374,48.873849111445431],[2.249699724542406,48.873905100846493],[2.249146401246129,48.874059071376244],[2.248529232954128,48.874297024899285],[2.248337697966955,48.874590965923922],[2.248061036318816,48.874940893463332],[2.247592839683506,48.875136851816279],[2.247082079717711,48.875388797142115],[2.246677728078124,48.87562674434038],[2.246252094773295,48.876410562400295],[2.24498051527512,48.876725485840822],[2.244044122004498,48.877285344839812],[2.24381002368684,48.877537279345063],[2.24468257196174,48.878489020469459],[2.246725611824917,48.879972580812804],[2.24751303343885,48.880756330777537],[2.246129725198157,48.88144210192231],[2.247044836803539,48.882141858704088],[2.250934061126409,48.88519968096616],[2.250891497795926,48.885549534293894],[2.25065739947827,48.885913379158374],[2.249103837915646,48.886753011049876],[2.2487207679413,48.887298764219395],[2.24827385297123,48.887872498308617],[2.247252333039643,48.887746557243183],[2.246193570193881,48.888271309589854],[2.245789218554294,48.888201342928475],[2.245086923601327,48.889110901890142],[2.24334182705153,48.889600657554908],[2.242745940424771,48.889334790789277],[2.243107728733874,48.888970970819109],[2.242362870450424,48.888089396066626],[2.241064688870698,48.88846721572088],[2.240809308887801,48.888257316265403],[2.240426238913454,48.888369262751318],[2.240192140595799,48.887879495025182],[2.238936522346555,48.888299296227004],[2.238617297367933,48.888397249333629],[2.238936522346556,48.888761073478292],[2.237978847410691,48.88906892260993],[2.237340397453448,48.888928991421416],[2.236616820835239,48.888089396066626],[2.235467610912203,48.88906892260993],[2.235701709229858,48.889488713825884],[2.235786835890823,48.890272314665964],[2.235680427564616,48.890608139838058],[2.236276314191376,48.891545639838952],[2.234360964319648,48.892119325199367],[2.234595062637303,48.892399169327931]]}},
{"type":"Feature","properties":{"fid":32},"geometry":{"type":"LineString","coordinates":[[2.41840355715945,48.846414468281196],[2.417640256112411,48.846477577018028],[2.415860498304359,48.846624705553879],[2.415323153439244,48.846669121262977],[2.408631678807446,48.847222014756035],[2.407690500907413,48.847299750058561],[2.40626940441585,48.847417109102267],[2.403450383035931,48.847649862045515],[2.397555423911299,48.848136358724894],[2.397343072115593,48.847894100685465]]}},
{"type":"Feature","properties":{"fid":33},"geometry":{"type":"LineString","coordinates":[[2.394446500272031,48.847682098418588],[2.394370967155693,48.848206522778824],[2.394309969961983,48.848630016707695],[2.392013346134334,48.848982518504549],[2.384179897307064,48.850184482393573],[2.380168303409055,48.850450557268381],[2.378784995168362,48.850618603829247],[2.375614027047388,48.851388810016552],[2.373294325536073,48.851976959490301],[2.371719482308208,48.852509088775115],[2.370251047406549,48.853251259648268],[2.36997438575841,48.853307272097837],[2.369123119148753,48.852621115272264],[2.367888782564751,48.852817161039191],[2.367328345931795,48.852659124187895],[2.366721391390539,48.852487965740217],[2.365973300305539,48.852277001603547],[2.365574985723251,48.85216467296511],[2.36535626440102,48.852102990621532],[2.364121927817018,48.852621115272264],[2.363781421173154,48.852425068737716],[2.361701138395806,48.853464806776302],[2.361443098204752,48.853242507697352],[2.361159423949796,48.853353734183244],[2.361094227482206,48.853379297051248],[2.36066631742344,48.853547074689168],[2.36051202535044,48.853568079240986],[2.359974663303094,48.853007954843044],[2.360123634959784,48.852920434839788],[2.359815050813784,48.852608862386383],[2.357803933448469,48.853337028686191],[2.357075769330181,48.852489126580743],[2.355880602952274,48.851097358386816]]}},
{"type":"Feature","properties":{"fid":34},"geometry":{"type":"LineString","coordinates":[[2.35491228718379,48.849970046021454],[2.35145268647798,48.851056222434593]]}},
{"type":"Feature","properties":{"fid":35},"geometry":{"type":"LineString","coordinates":[[2.360019886841732,48.837518033029575],[2.362020363374427,48.840305452010504],[2.361275505090977,48.84031945874937],[2.359424000214974,48.840291445267731],[2.356572257072623,48.83968915162275],[2.356468377928096,48.839893697225179]]}},
{"type":"Feature","properties":{"fid":36},"geometry":{"type":"LineString","coordinates":[[2.382115575778645,48.83349070906285],[2.38611001276475,48.835718308980546],[2.386463777851455,48.835915579305642],[2.386712415470793,48.836054225771605],[2.387031640449416,48.836054225771605],[2.387840343728589,48.836516485316238],[2.391224128501977,48.837356946287187],[2.389244933634524,48.839023818828529],[2.395565588211229,48.839570092719327],[2.395395334889296,48.839948278846052],[2.390266453566111,48.844202676015215],[2.394501504949155,48.846289474527779],[2.395012264914951,48.847437876881486]]}},
{"type":"Feature","properties":{"fid":37},"geometry":{"type":"LineString","coordinates":[[2.364664610280675,48.866617203681741],[2.364725617273925,48.866507691234332],[2.365418238585342,48.865264345183377],[2.365745903589712,48.86467612098258],[2.366941748461509,48.862529217350591],[2.367309302229396,48.862673779983332],[2.370857574865933,48.86406925140529]]}},
{"type":"Feature","properties":{"fid":38},"geometry":{"type":"LineString","coordinates":[[2.375028781253252,48.865175246624219],[2.385016368825187,48.86335780116508],[2.385686548587873,48.863235813787703],[2.387414710423767,48.862921230515205],[2.39222618007889,48.864140453918829],[2.395592190292787,48.864993249091135],[2.397167033520652,48.864923249863722],[2.398848285074726,48.864069251405269],[2.398699313418036,48.86385924955195],[2.399656988353899,48.863383242088673],[2.400146466654452,48.862053197236996],[2.400423128302591,48.860961133986692],[2.400976451598868,48.860079065504578],[2.402104379856665,48.859168978555594],[2.404211264715566,48.860247079747246],[2.40516893965143,48.859449007071582]]}},
{"type":"Feature","properties":{"fid":39},"geometry":{"type":"LineString","coordinates":[[2.40510775486386,48.859485760698],[2.407736040521178,48.857686551500919],[2.410332403680634,48.855971291858964],[2.411726352753948,48.854900099902835],[2.412050898148879,48.854651552087844],[2.413083058913089,48.854301482649845],[2.413444847222192,48.854574537021506],[2.413987529685849,48.854658553451635],[2.414508930484265,48.854434509324641],[2.414796232965024,48.854203462768496],[2.417557267327584,48.854700132367576],[2.419233460167864,48.85500161907796],[2.420446515086625,48.854728567035679],[2.421489316683456,48.854455513504135],[2.422883265756767,48.852915183634749],[2.423710063388292,48.851985853939077],[2.423546516526095,48.851958544082706],[2.421174950147897,48.851893998410659],[2.419681879610819,48.851844485326218],[2.419230799959708,48.85179141308091]]}},
{"type":"Feature","properties":{"fid":40},"geometry":{"type":"LineString","coordinates":[[2.423710063388292,48.851985853939077],[2.423788203756177,48.851908704319989],[2.424051097136893,48.851679384727234],[2.424631963800473,48.850948280302937],[2.426275031154622,48.851084229895108],[2.42631911988224,48.850689792216734],[2.426424272597532,48.849749023779069],[2.426517062849353,48.848918829483438],[2.424631963800473,48.850948280302937]]}},
{"type":"Feature","properties":{"fid":41},"geometry":{"type":"LineString","coordinates":[[2.426517062849353,48.848918829483438],[2.426552354292277,48.848785538829432],[2.426610217382176,48.848566996810682],[2.427315380212859,48.84766698032778],[2.427579537162203,48.847329821122997],[2.42921722137425,48.847537660598505],[2.430813346267358,48.847572672381901],[2.431941274525153,48.847523655878277],[2.434644046010816,48.847502648790623],[2.434718531839161,48.847292577429236],[2.436923958457612,48.847186575514215]]}},
{"type":"Feature","properties":{"fid":42},"geometry":{"type":"LineString","coordinates":[[2.434641385802661,48.846574826961877],[2.436790833992046,48.846378756752507]]}},
{"type":"Feature","properties":{"fid":43},"geometry":{"type":"LineString","coordinates":[[2.429026156807756,48.84748101809349],[2.429026156807756,48.84748101809349],[2.429026156807756,48.84748101809349],[2.428497832098349,48.848800469060905]]}},
{"type":"Feature","properties":{"fid":44},"geometry":{"type":"LineString","coordinates":[[2.424631963800473,48.850948280302937],[2.424285195454548,48.850972199959067],[2.422486894741648,48.850986203714783],[2.421307841857268,48.850986204092003],[2.421231276492402,48.850986203714783],[2.421082304835712,48.851091231757771],[2.421174950147897,48.851893998410659]]}},
{"type":"Feature","properties":{"fid":45},"geometry":{"type":"LineString","coordinates":[[2.430313227134185,48.847233057049984],[2.429025686387078,48.846427774376821],[2.428815428707269,48.846252859016673],[2.428458328953192,48.845941006521954]]}},
{"type":"Feature","properties":{"fid":46},"geometry":{"type":"LineString","coordinates":[[2.428195701442663,48.845545449798117],[2.430623586220384,48.845312231897537],[2.434557281092854,48.84493425968072]]}},
{"type":"Feature","properties":{"fid":47},"geometry":{"type":"LineString","coordinates":[[2.294711776632059,48.859692280573157],[2.295935472383442,48.860665362755761],[2.296603999911696,48.861058529764421],[2.297360867862194,48.861393298278934],[2.297762381841626,48.861524288009946],[2.29867016636697,48.861820435753899],[2.298372223053589,48.862128450718011],[2.295445994082889,48.861120394694787],[2.293647693369988,48.859958304919324],[2.292615532605778,48.85908321950923]]}},
{"type":"Feature","properties":{"fid":48},"geometry":{"type":"LineString","coordinates":[[2.295698713857632,48.860474598135262],[2.300129358212305,48.857636121630897],[2.30545369716268,48.854224467044929]]}},
{"type":"Feature","properties":{"fid":49},"geometry":{"type":"LineString","coordinates":[[2.306390090433303,48.854084438368901],[2.312450044610806,48.853846388720747],[2.312322354619358,48.854721565681686],[2.311960566310253,48.85503662564232],[2.312077615469081,48.855736751789259],[2.312152101297425,48.855785760252843]]}},
{"type":"Feature","properties":{"fid":50},"geometry":{"type":"LineString","coordinates":[[2.314096713458864,48.858232621828066],[2.315756683347697,48.857896579254806],[2.318087025691635,48.857462520925431],[2.320757874679437,48.856566388597052],[2.322428485400891,48.856090311772526],[2.324508768178241,48.855059379896041],[2.325700541431762,48.855997546275994],[2.327498842144665,48.857012706508073],[2.32845651708053,48.858370888690082],[2.329262560151551,48.859550517021759],[2.330292588974554,48.859221445117754],[2.332220711620112,48.858605416418186],[2.332646344924941,48.858801438750881],[2.333359280710529,48.860075565201875],[2.33433557710348,48.861752182181441],[2.334424117603648,48.861850863673446],[2.335240047876242,48.86276022547991],[2.337091552752247,48.86220720423978]]}},
{"type":"Feature","properties":{"fid":51},"geometry":{"type":"LineString","coordinates":[[2.333569437154788,48.859848045000057],[2.333846098802927,48.860436095096141],[2.333914981586734,48.860474476854193],[2.334554167782644,48.86083062926528],[2.334888900399758,48.861017137809952],[2.335154921215274,48.861661177273334],[2.336133877816382,48.861409162818113],[2.336644637782177,48.862396212186425]]}},
{"type":"Feature","properties":{"fid":52},"geometry":{"type":"LineString","coordinates":[[2.335253348917018,48.862754975306999],[2.332124944126526,48.863818999096111],[2.331795078315284,48.863377991981132],[2.330060622598106,48.863895999939921],[2.329688193456379,48.863412992687792],[2.328602828529065,48.863727997946171],[2.328177195224236,48.863251989234485],[2.326123514528438,48.863888999868109]]}},
{"type":"Feature","properties":{"fid":53},"geometry":{"type":"LineString","coordinates":[[2.349424277759666,48.860541103314851],[2.34771945178047,48.861016354628838],[2.347557835224762,48.861067244855874]]}},
{"type":"Feature","properties":{"fid":54},"geometry":{"type":"LineString","coordinates":[[2.346487407956347,48.860243579456316],[2.346526156924243,48.860154354760226],[2.346721506274003,48.859704531725434],[2.346931827049431,48.859469302127678],[2.347466364557454,48.858871446540789],[2.346987527089521,48.857471272138632]]}},
{"type":"Feature","properties":{"fid":55},"geometry":{"type":"LineString","coordinates":[[2.355249581726162,48.85850330686084],[2.356886161634949,48.860098317165203],[2.358200225457486,48.861237052940446],[2.359301630639852,48.862191453545371],[2.361046727189651,48.86372799794615],[2.35969534144682,48.864701001667719]]}},
{"type":"Feature","properties":{"fid":56},"geometry":{"type":"LineString","coordinates":[[2.356141303351499,48.865446491719268],[2.362813105404692,48.867070431601661]]}},
{"type":"Feature","properties":{"fid":57},"geometry":{"type":"LineString","coordinates":[[2.350209969854787,48.861987997514071],[2.350886025934782,48.861827204090815],[2.351652875498651,48.861644810459936],[2.352445577711514,48.861456261289334],[2.352446013969901,48.861456157520735],[2.352567274457115,48.86142731436999],[2.353497056445249,48.861206150250773],[2.3536359808848,48.861467915073852],[2.354274644434591,48.862671263826677],[2.354300478206049,48.862719937696106],[2.354827160522839,48.863712247730341],[2.355426161122672,48.864805226026334],[2.355751255856386,48.865398395658794],[2.355838039621807,48.865556739305411]]}},
{"type":"Feature","properties":{"fid":58},"geometry":{"type":"LineString","coordinates":[[2.35098655002488,48.860159004136328],[2.351762600728071,48.861624425244322]]}},
{"type":"Feature","properties":{"fid":59},"geometry":{"type":"LineString","coordinates":[[2.347389877745468,48.860517071749243],[2.348432020117783,48.860406342727465],[2.349395286808562,48.862167961631464]]}},
{"type":"Feature","properties":{"fid":60},"geometry":{"type":"LineString","coordinates":[[2.34807023180868,48.861631425632893],[2.349781268818151,48.861198532361477]]}},
{"type":"Feature","properties":{"fid":61},"geometry":{"type":"LineString","coordinates":[[2.351600375250934,48.859891049494294],[2.35259704757963,48.859563556266139],[2.352736236912866,48.859520764126643],[2.35372230412949,48.859023853761265],[2.353736475179215,48.859016712392517],[2.355250975525116,48.858504665308942]]}},
{"type":"Feature","properties":{"fid":62},"geometry":{"type":"LineString","coordinates":[[2.354258823154986,48.857516804695507],[2.353906728501147,48.856951447422588],[2.355024015926321,48.856692408175128],[2.355273704907915,48.857063684852612],[2.355556057557358,48.857483523834482],[2.35604553585791,48.858253624414004]]}},
{"type":"Feature","properties":{"fid":63},"geometry":{"type":"LineString","coordinates":[[2.335224086627309,48.8627479750756],[2.335479080266261,48.863244775068637],[2.33550074827545,48.863286990029295],[2.334521791674343,48.865358993462166],[2.33405359503903,48.86652795754587]]}},
{"type":"Feature","properties":{"fid":64},"geometry":{"type":"LineString","coordinates":[[2.338692998061665,48.866321465876133],[2.339020128702693,48.866998358005148],[2.339084490140093,48.867131531169306]]}},
{"type":"Feature","properties":{"fid":65},"geometry":{"type":"LineString","coordinates":[[2.334755889991998,48.86495649950902],[2.334915502481308,48.865026498689936],[2.336447782378694,48.868309350295874],[2.336681880696348,48.868897300977132],[2.336777648189936,48.869555237596018]]}},
{"type":"Feature","properties":{"fid":66},"geometry":{"type":"LineString","coordinates":[[2.339969897976152,48.868925298456304],[2.338629153065942,48.868890301604864],[2.336320092387244,48.868883302231673],[2.335939519183837,48.868881857529459],[2.334479228343861,48.868876302857466],[2.334357640891666,48.868871751849341],[2.333170405931511,48.86882730721068],[2.332968230111715,48.869009290799816],[2.331521076875298,48.869548238315794],[2.330212254462948,48.868302350841361],[2.333670525064684,48.867546403994112],[2.333798215056132,48.867217423558991]]}},
{"type":"Feature","properties":{"fid":67},"geometry":{"type":"LineString","coordinates":[[2.33228721682399,48.871137049807565],[2.332828322843883,48.872254347677419],[2.333127842601027,48.872872786192012],[2.333287455090338,48.873005763512211],[2.332510674309025,48.874713440841283],[2.331906807057799,48.876256599107926],[2.328533663117029,48.875766712751918]]}},
{"type":"Feature","properties":{"fid":68},"geometry":{"type":"LineString","coordinates":[[2.32662895407792,48.875626744340494],[2.326852411562956,48.875976664634791],[2.326948179056542,48.877887186275316],[2.330172351340621,48.878153113905221],[2.331130026276486,48.876123630428502]]}},
{"type":"Feature","properties":{"fid":69},"geometry":{"type":"LineString","coordinates":[[2.331882865184402,48.876258348693447],[2.331819020188678,48.876524284982658],[2.332244653493508,48.877084146233464],[2.331957351012748,48.87793792257699],[2.333585398403718,48.879386509756017],[2.333766292558271,48.879501975044768],[2.332829899287646,48.879746900532446],[2.333276814257716,48.880838553834494],[2.331606203536264,48.881223425920354],[2.331819020188677,48.882266064509892],[2.33243618848068,48.883655049267183],[2.335984275814006,48.882636203136073],[2.337309689820972,48.882255568256539],[2.33713943649904,48.881961672268865],[2.33508916462294,48.880470455492009],[2.333776933390891,48.879515970819213]]}},
{"type":"Feature","properties":{"fid":70},"geometry":{"type":"LineString","coordinates":[[2.334245130026204,48.877696487301897],[2.334761626859539,48.879323519651763],[2.335356420917653,48.880213791221848],[2.33594268015279,48.881091254720921],[2.333776933390891,48.879501975044768]]}},
{"type":"Feature","properties":{"fid":71},"geometry":{"type":"LineString","coordinates":[[2.331140667109108,48.873210477906376],[2.331321561263659,48.874351264146981],[2.331396047092004,48.875030124594332],[2.331108744611245,48.876149874274788]]}},
{"type":"Feature","properties":{"fid":72},"geometry":{"type":"LineString","coordinates":[[2.365366905233701,48.871695221604675],[2.363451555361969,48.874151803398604],[2.363483477859829,48.874690695522176],[2.364111286984453,48.875362552896668],[2.365867024366874,48.877381569974339],[2.367750451740744,48.87966642514732],[2.368399542530611,48.879946338972182],[2.370006308256341,48.881923185761643],[2.370261688239239,48.882636930713687],[2.370027589921582,48.883224713025982],[2.369921181595375,48.883787997926319]]}},
{"type":"Feature","properties":{"fid":73},"geometry":{"type":"LineString","coordinates":[[2.388430909939139,48.892208525685582],[2.389537547159861,48.891209269719134],[2.390434231853762,48.890399557481764],[2.390910223939772,48.889969720261483],[2.391527392231774,48.88941000324153],[2.392389299674052,48.888808300456922],[2.392846855476744,48.8890461838186],[2.393229925451091,48.889661876675895],[2.39336825627516,48.890228587264204],[2.393644917923299,48.890333532964547],[2.393900297906197,48.890844265561782]]}},
{"type":"Feature","properties":{"fid":74},"geometry":{"type":"LineString","coordinates":[[2.392836214644124,48.889011201042273],[2.392953263802952,48.891173090637579],[2.391729568051567,48.890914228524984],[2.390356900643493,48.89206160715316],[2.390218569819424,48.892012634213103],[2.389984471501767,48.89220152957477],[2.389292817381419,48.892369435963808]]}},
{"type":"Feature","properties":{"fid":75},"geometry":{"type":"LineString","coordinates":[[2.385996819477147,48.897411611961125],[2.385996819477147,48.89711780504539],[2.387028980241358,48.895991529203947],[2.387326923554739,48.89575367888655],[2.386816163588945,48.896173413977202],[2.386592706103909,48.896110453938256],[2.385475418678731,48.896194400639196],[2.385549904507076,48.896495208493263],[2.38532644702204,48.896670095948387],[2.385975537811906,48.897215740875865]]}},
{"type":"Feature","properties":{"fid":76},"geometry":{"type":"LineString","coordinates":[[2.289452545109231,48.853709859735361],[2.292261724921103,48.85082516028762],[2.293836568148973,48.850321020992837]]}},
{"type":"Feature","properties":{"fid":77},"geometry":{"type":"LineString","coordinates":[[2.287111524416278,48.862816302001342],[2.283195735528239,48.865502490523561],[2.286685928627839,48.865054498334906],[2.289048193469641,48.864998499029312],[2.293641457637149,48.864818562551079],[2.294070666466629,48.86470450164699],[2.294153208689869,48.86488392750266],[2.294560144767182,48.865768483988042],[2.295922171342636,48.86799437387478],[2.298241872853957,48.869646228149556],[2.300969477580721,48.870061204358549],[2.301370277644453,48.870122176041008],[2.302782627628451,48.869274388713308],[2.306073085622127,48.867299060595016],[2.306416586707934,48.867092835929974],[2.30685030644413,48.866832443707722],[2.307687833416473,48.866338896714197],[2.30787182637572,48.866230469276609],[2.311915342771599,48.867266420782158],[2.313192242686088,48.867336416732002],[2.31395838263478,48.867140427825696],[2.314916057570646,48.867168426287876],[2.318768038979351,48.865964478267735],[2.319895967237149,48.865670486560383],[2.320102828377661,48.866044706542382],[2.320132228576891,48.866097892189551],[2.320748362894395,48.867154963856699],[2.32090600382417,48.867425413165186]]}},
{"type":"Feature","properties":{"fid":78},"geometry":{"type":"LineString","coordinates":[[2.32235399957254,48.865057998289416],[2.322173956885831,48.866781906046299],[2.322162464585365,48.866891940787333],[2.323354237838888,48.868431840590866],[2.323719889560355,48.868996542858142],[2.323843716139442,48.869187774061658],[2.325075198885638,48.869403801732687],[2.327993640861528,48.869915699202934],[2.330313342372848,48.868319849475768],[2.328568245823047,48.866611953913512],[2.326738022612281,48.867297918971722],[2.323077576190749,48.868473837194401],[2.321845501330298,48.868798057185934]]}},
{"type":"Feature","properties":{"fid":79},"geometry":{"type":"LineString","coordinates":[[2.323709714665109,48.876071126777532],[2.324285751192512,48.87518380434512],[2.325756160222988,48.874196764272092],[2.325862272214879,48.873937538397769],[2.328105782900554,48.873598548689259]]}},
{"type":"Feature","properties":{"fid":80},"geometry":{"type":"LineString","coordinates":[[2.32424027462456,48.875263564308668],[2.326589897302124,48.875562663039418],[2.326681668376184,48.875205550178975],[2.326953709845748,48.874146913246719],[2.327241728109448,48.873708222081611]]}},
{"type":"Feature","properties":{"fid":81},"geometry":{"type":"LineString","coordinates":[[2.287123480563251,48.862803856464964],[2.288033347106085,48.864110890371428],[2.290079792663964,48.866843201319668],[2.290376834993085,48.867263317429753],[2.291596340921024,48.868988021793101],[2.293668651818245,48.871918521675425],[2.293577698682339,48.871978345564457]]}},
{"type":"Feature","properties":{"fid":82},"geometry":{"type":"LineString","coordinates":[[2.290045685238,48.866805807559942],[2.292653008467297,48.86571888339985],[2.292695567262805,48.865680119893092],[2.293641457637149,48.864818562551079],[2.293835399234073,48.864641907736562]]}},
{"type":"Feature","properties":{"fid":83},"geometry":{"type":"LineString","coordinates":[[2.331243666089302,48.837827218335939],[2.330622152993945,48.839154201117509],[2.328393801164256,48.846254957027057],[2.327124246975572,48.850771282103622]]}},
{"type":"Feature","properties":{"fid":84},"geometry":{"type":"LineString","coordinates":[[2.328437246694361,48.851853481872034],[2.329413234229198,48.852686420095687],[2.330489513004084,48.854536653108994],[2.33171738033881,48.856341935852207],[2.333218107081256,48.858226940616717],[2.332626911697868,48.858765500368911]]}},
{"type":"Feature","properties":{"fid":85},"geometry":{"type":"LineString","coordinates":[[2.346985463625412,48.859409312829065],[2.34708643398066,48.859669254551164],[2.347178368909884,48.859905932763773],[2.347331002002629,48.860298867927163]]}},
{"type":"Feature","properties":{"fid":86},"geometry":{"type":"LineString","coordinates":[[2.364975910368343,48.834033150703128],[2.367674186733546,48.832237042148265],[2.369614520299534,48.833234888183824],[2.373070739463952,48.831718154355627],[2.374920119894037,48.832596269010516],[2.375890286677031,48.831398836119853],[2.378861422449952,48.832975450126412]]}},
{"type":"Feature","properties":{"fid":87},"geometry":{"type":"LineString","coordinates":[[2.379187337853614,48.829617601748446],[2.38203720277866,48.830755204115896]]}},
{"type":"Feature","properties":{"fid":88},"geometry":{"type":"LineString","coordinates":[[2.380525106894227,48.82936812409195],[2.380707013166039,48.829108666011528]]}},
{"type":"Feature","properties":{"fid":89},"geometry":{"type":"LineString","coordinates":[[2.380616060030133,48.829218436901826],[2.37985811723092,48.828944009225218],[2.378804576740011,48.828489952859634]]}},
{"type":"Feature","properties":{"fid":90},"geometry":{"type":"LineString","coordinates":[[2.379259342419539,48.82797102626084],[2.381002610857733,48.828689538582047]]}},
{"type":"Feature","properties":{"fid":91},"geometry":{"type":"LineString","coordinates":[[2.380676695454071,48.828015933582762],[2.381101143421631,48.827616755976862]]}},
{"type":"Feature","properties":{"fid":92},"geometry":{"type":"LineString","coordinates":[[2.3858572344867,48.827307391145126],[2.388305389728164,48.828504921816389],[2.388744435497014,48.828721373735988],[2.389995602170412,48.829338186689704],[2.390457947277933,48.829622591288938],[2.393872479588393,48.830483279583241],[2.395403524042807,48.830857487273718],[2.396464643961708,48.831042095371544],[2.397495446168639,48.83151109666909],[2.397988108988129,48.831720649021314],[2.398782054070306,48.831956394369961],[2.399350511169716,48.830753956758997]]}},
{"type":"Feature","properties":{"fid":93},"geometry":{"type":"LineString","coordinates":[[2.42411439727705,48.824188687381245],[2.42623663711485,48.82411383610598],[2.427623672437414,48.823964133220052],[2.429321464307655,48.823594864189438],[2.430731237914194,48.823105828042415],[2.432000792102878,48.822469574891976],[2.43335750971347,48.821461533757279],[2.435341424990415,48.820181491910922],[2.436501077473213,48.819732346673447],[2.438142023633512,48.819406713859564],[2.440180889763401,48.819132232450002],[2.442219755893286,48.818892683809736],[2.443174763820296,48.818917636846493],[2.444986247110418,48.81880784339176],[2.445105606987568,48.818807423763637],[2.44640360014495,48.818802852774468],[2.447915696029383,48.81870304032428],[2.449249675356,48.818668105919741],[2.450811037522382,48.81853335870278],[2.451114214642069,48.81836866716791],[2.452001007717149,48.817899542860332],[2.452523988248607,48.81771488634358],[2.454483270384577,48.817014932154727],[2.455271530895758,48.816865208064634],[2.456939005054031,48.816510859269918],[2.458890707762007,48.816109094578358],[2.459671388845198,48.815929422369983],[2.460535443636304,48.815595030712103],[2.461331283575479,48.815110907493988],[2.461585768323593,48.814815392285112],[2.46240010344617,48.814437757891959],[2.463529317693201,48.815080961574388],[2.464673811320015,48.815974340482441],[2.467610839666971,48.817757307495441],[2.468006481632363,48.818075220771384],[2.468058025918508,48.818116638165456],[2.468232352762327,48.818585760441316],[2.467921596214649,48.819104784226347],[2.46725460655134,48.820026786783515],[2.467307662547285,48.820525833867372],[2.467224288839373,48.821124683809252],[2.466989326571615,48.821913158653743],[2.466617934599999,48.823108323136914],[2.466686149451928,48.82352749724852],[2.466974167715631,48.824231103054288],[2.467421353967167,48.825337640428081],[2.467595680810987,48.826160978201251],[2.46799739049457,48.826799679398995],[2.468472999601077,48.827465816116096],[2.470352697743129,48.828922803387641],[2.471186434822265,48.829506584344706],[2.471735943351695,48.829899510005468],[2.473926398041425,48.830697825667613],[2.474631284844695,48.830937317886004],[2.475192162516115,48.831091989335256],[2.4757833578995,48.83137139461401],[2.476336656142927,48.831830414189383],[2.47683689839041,48.832299408107744],[2.476958169238284,48.832426634424301],[2.47871659653246,48.832571322783863],[2.48016426727896,48.832720999957481],[2.483593958445406,48.833036567866678],[2.48622401995868,48.833181254464783],[2.489159153448638,48.833335918986904],[2.489354730078359,48.833365804927432],[2.489583601416199,48.833400778160552],[2.49107674873065,48.833779953187616],[2.492206083501481,48.833824855303405],[2.492774540600891,48.833914659414262],[2.493259623992388,48.834004463364138],[2.494123678783493,48.834149147167032],[2.495189031319329,48.834358478646713],[2.495393232972177,48.834398601018286],[2.495719148375839,48.833909670301232],[2.498440163025019,48.833824855303398],[2.498531116160924,48.835236756860411]]}},
{"type":"Feature","properties":{"fid":94},"geometry":{"type":"LineString","coordinates":[[2.493839450233787,48.834104245341884],[2.494135047925481,48.832153471640851],[2.495143111848436,48.832432871000123],[2.496120858059423,48.832442849519857],[2.496621100306904,48.832397946165436],[2.49688638028663,48.832477774323259],[2.498553854444902,48.832368010573461],[2.501991125039339,48.831598410255687],[2.503332683793949,48.831348942461695],[2.503711655193555,48.831244165617797],[2.505110059658106,48.830664146982585],[2.506019591017165,48.830504484760382],[2.506944281232205,48.830464569125368],[2.508111513142995,48.830289937848171],[2.509225689057841,48.8301302744335],[2.510051846708985,48.829915725918895],[2.510733995228278,48.829761050838506],[2.511620788303359,48.829845872715907],[2.512439366526511,48.830065411025991],[2.514284957242598,48.830818819275173],[2.515861478264964,48.83188155469692],[2.516573944496225,48.833054030064496],[2.516609946779189,48.833350886495985],[2.516769114767023,48.833430713135428],[2.517064712458716,48.834144158077343]]}},
{"type":"Feature","properties":{"fid":95},"geometry":{"type":"LineString","coordinates":[[2.439581168442032,48.844521659194804],[2.446706777264636,48.843878174010086],[2.447707261759599,48.843419264821428],[2.448859334814406,48.842341809330499],[2.449082219043292,48.842133359203423],[2.449435371341808,48.841803072892617],[2.452887942174487,48.84090828717536],[2.456287174246707,48.840027196933889],[2.45754268366512,48.839709013905328],[2.460193167739025,48.839037246925486],[2.46056900719005,48.838941983973925],[2.462958708457337,48.838336237262759],[2.465479538025435,48.83769718450489],[2.465655347244997,48.837652612721286],[2.467630611194463,48.837041845355174],[2.470172686328316,48.836255745893681]]}},
{"type":"Feature","properties":{"fid":96},"geometry":{"type":"LineString","coordinates":[[2.473290853025365,48.8356864545026],[2.472974109010772,48.836051557126467],[2.470748722855718,48.838610441747619],[2.468353623610202,48.841264330659762],[2.465685664956966,48.843419264821435],[2.46532517038208,48.843229466756362],[2.464927722157751,48.843020209934913],[2.463879790408976,48.843474381617916],[2.463684695967041,48.843558933280505],[2.462502305200265,48.843638743653685],[2.460592289346245,48.843698601350091],[2.456681304502299,48.844456792645602],[2.451042210076142,48.845334684016045],[2.448774246895435,48.845653849358172],[2.446615824128729,48.845793575653069],[2.446156393466294,48.845666435582359],[2.44568999938245,48.845614871540306],[2.445014967088091,48.84555307961454],[2.444179642306371,48.845424813163369],[2.443476441789903,48.845284645087425],[2.442557574668316,48.845089220543066],[2.442288829015503,48.845013273791984],[2.442288829015503,48.845013273791984],[2.441979497061564,48.844941254130163],[2.441306242283046,48.844561166776494]]}},
{"type":"Feature","properties":{"fid":97},"geometry":{"type":"LineString","coordinates":[[2.447260075508062,48.843743494575428],[2.447857034114464,48.843828546571451],[2.448112172516822,48.843769375094773],[2.449170091362084,48.843524016202259],[2.44974909040259,48.843393618714117],[2.45018267724246,48.843098772066128],[2.450261528992951,48.84304515095846],[2.451013892076203,48.842561432332445],[2.451868367727287,48.842187172612569],[2.45209798132329,48.842128577651934],[2.452616950503189,48.841996140086842],[2.453424322321794,48.841891316546345],[2.454159564016552,48.841694828878069],[2.454778633789024,48.841579326389244],[2.456057083310321,48.841379007797642],[2.456323859643835,48.841283900101025],[2.457204285033756,48.840970015325688],[2.458169179309774,48.840776275615802],[2.459342010014891,48.840739633471678],[2.459811608263054,48.840690663578293],[2.460279237622955,48.840555916446469],[2.460601692291887,48.840462999838415],[2.461285480304262,48.840159140014997],[2.461543234342511,48.840035106807044],[2.461786056596088,48.839918257827016],[2.462407089912436,48.839604000051224],[2.46266259326679,48.839513109654412],[2.463156613127549,48.839337369137112],[2.463308461203609,48.839284578623015],[2.464546437678404,48.838854180502409],[2.464601806754089,48.838834930276299],[2.465491048462859,48.838377678277823],[2.465571973537085,48.838336065512948],[2.467421353967167,48.837238545544977],[2.467544801641165,48.837200176529137],[2.468512791598035,48.836899307235313],[2.469862516576031,48.836339104475556]]}},
{"type":"Feature","properties":{"fid":98},"geometry":{"type":"LineString","coordinates":[[2.464918247872761,48.838680282731012],[2.465600396392054,48.838680282731012],[2.466184012347451,48.83877506676702],[2.467305767690287,48.837926992699614],[2.468296777900262,48.837232309567362],[2.468978926419553,48.836937970541015],[2.469600439514909,48.836478997760771],[2.469862516576031,48.836339104475556]]}},
{"type":"Feature","properties":{"fid":99},"geometry":{"type":"LineString","coordinates":[[2.465479538025435,48.83769718450489],[2.465465861545195,48.837222332001559],[2.465246058133423,48.83685814949002],[2.464533591902161,48.836982869826294],[2.463949975946766,48.837077657074239],[2.463677116539048,48.837207365649135],[2.462972229735779,48.837162466565047],[2.462714529184046,48.836848171849688],[2.462487146344282,48.837287186143698],[2.461994483524792,48.837786061353015],[2.461183484729632,48.838324840998602],[2.460623764713079,48.838590908289106],[2.460228476802623,48.838778808238438],[2.459682757987188,48.838913501023647],[2.458807334054094,48.838871097778487],[2.458049391254881,48.83883118880906],[2.457966017546966,48.839010778921043],[2.455874095421136,48.839185379801513],[2.453625976080648,48.839378339513971],[2.451161073473868,48.839589855847031],[2.450511650116694,48.839645574920311],[2.449033661658224,48.839770288316494],[2.446896262964441,48.840009737166682],[2.446767412688573,48.840069599200369],[2.446797730400542,48.841082254428287],[2.447339817775821,48.84338270736577],[2.447381346355937,48.843558933280505],[2.447275234364047,48.843748482709117]]}},
{"type":"Feature","properties":{"fid":100},"geometry":{"type":"LineString","coordinates":[[2.435998657018571,48.842547368842155],[2.435743134673999,48.841223176500947]]}},
{"type":"Feature","properties":{"fid":101},"geometry":{"type":"LineString","coordinates":[[2.434151454795649,48.840963779812611],[2.437607673960067,48.840694404906635]]}},
{"type":"Feature","properties":{"fid":102},"geometry":{"type":"LineString","coordinates":[[2.432928501074109,48.841101126623393],[2.433529941700294,48.843258396202827]]}},
{"type":"Feature","properties":{"fid":103},"geometry":{"type":"LineString","coordinates":[[2.417640256112411,48.846477577018028],[2.417602908031349,48.845827572453537],[2.417580975942804,48.845445859490461],[2.417559527518502,48.845072558833579],[2.417568759124059,48.844954504813991],[2.41766998862673,48.843659943262686]]}},
{"type":"Feature","properties":{"fid":104},"geometry":{"type":"LineString","coordinates":[[2.417599276793327,48.841343428580927],[2.4195362222103,48.841421717861849],[2.420401161922598,48.841412124420565]]}},
{"type":"Feature","properties":{"fid":105},"geometry":{"type":"LineString","coordinates":[[2.420147366269109,48.842278980534758],[2.420383423847919,48.842622398930132],[2.421156525503118,48.842772046073833],[2.421648999229937,48.842691018620727],[2.42176287974249,48.842672281361061],[2.421899309446347,48.84247275133928],[2.422505663685719,48.842452798293387],[2.423127176781074,48.842253267397204],[2.423369718476824,48.842163478234575],[2.42367289559651,48.842103618703405],[2.423932746341551,48.842150259829481],[2.424006390428164,48.842163478234589],[2.424567268099582,48.841834249927771],[2.427174591328879,48.841644693254246],[2.431539871208551,48.841237995850847],[2.432299819815757,48.841167177233132],[2.43352482265704,48.84102626803471],[2.43408323994372,48.843320748441904],[2.43421963043431,48.843783908543365]]}},
{"type":"Feature","properties":{"fid":106},"geometry":{"type":"LineString","coordinates":[[2.436213059209514,48.839474717063439],[2.43685470425927,48.84004105104863],[2.437637991672036,48.839913708338209],[2.438538528810418,48.840367259265264]]}},
{"type":"Feature","properties":{"fid":107},"geometry":{"type":"LineString","coordinates":[[2.434071893181871,48.840542288887839],[2.434666855899114,48.839883777237141],[2.434818444458958,48.839574488145537],[2.436213059209514,48.839474717063439],[2.436682983745026,48.838107833227227],[2.437850215655816,48.835039691717959],[2.438502046463139,48.833363359416779],[2.438558626205642,48.833210991475696],[2.439300557840744,48.831212899882935]]}},
{"type":"Feature","properties":{"fid":108},"geometry":{"type":"LineString","coordinates":[[2.438558626205642,48.833210991475696],[2.440302160611274,48.831672003017658],[2.441393598242142,48.830903639361964],[2.443000436976479,48.829815935599122],[2.443121707824352,48.829396814085648],[2.444167668887269,48.828937772215092],[2.444849817406561,48.828568539832723],[2.445653236773728,48.827999717054482],[2.445880619613493,48.827508229015478],[2.446638562412708,48.827448351970645],[2.446411179572944,48.826250796049067],[2.446001890461368,48.822470822455095],[2.445986731605383,48.821652414389597],[2.445501648213885,48.820744165404115],[2.444698228846718,48.8210036667937],[2.444122192319316,48.821193301574866],[2.442864007272619,48.821762201613531],[2.442045429049468,48.822211328661687],[2.441863522777657,48.822600568847953],[2.441060103410488,48.823379040151593],[2.440726608578835,48.823688429234977],[2.439998983491589,48.823888034081584],[2.439741282939855,48.824636545176091],[2.438725639588908,48.824955906507206],[2.438316350477332,48.825434944687956],[2.437725155093944,48.826033735974562],[2.437365132264319,48.826807164130408],[2.437365132264318,48.82713649120543],[2.43765315052802,48.827825077186674],[2.437653150528019,48.828154397571986],[2.43765315052802,48.828433819231961],[2.437547038536129,48.829092449836914],[2.437319655696366,48.829381845395361],[2.436925525440774,48.829741092728824],[2.436749557786904,48.830062639475294]]}},
{"type":"Feature","properties":{"fid":109},"geometry":{"type":"LineString","coordinates":[[2.471157283668926,48.806549839051797],[2.471025371977434,48.80675904606516],[2.470527298270249,48.806936767736644],[2.469623589389635,48.807415276020159],[2.469071971008544,48.807744364647341],[2.468249004860367,48.808329312741336],[2.467719794746513,48.808730922685655],[2.467188,48.808983],[2.466532,48.809824],[2.466735002375557,48.8099084848986],[2.46840288989215,48.810602597496228],[2.469418533243098,48.811081772863673],[2.471131483969324,48.811915327434519],[2.472207762744207,48.812224787280662]]}},
{"type":"Feature","properties":{"fid":110},"geometry":{"type":"LineString","coordinates":[[2.481208333484879,48.814877578397073],[2.481905640860157,48.815825861012883],[2.482163341411889,48.816843997115726],[2.482451359675592,48.818880207286654],[2.48428558124969,48.818820319932819],[2.484512964089454,48.819778509008408],[2.484452328665517,48.819758546922841]]}},
{"type":"Feature","properties":{"fid":111},"geometry":{"type":"LineString","coordinates":[[2.509850991867193,48.821220748654802],[2.510078374706959,48.820122853733345],[2.51227640882468,48.819733594304687],[2.516239525132224,48.819112698638634],[2.517591066981391,48.818938586078005],[2.519340435713358,48.818885197896286],[2.520356079064306,48.818805348083167]]}},
{"type":"Feature","properties":{"fid":112},"geometry":{"type":"LineString","coordinates":[[2.522470739474116,48.818735479392394],[2.522622328033957,48.819484067439909],[2.522743598881832,48.820202701447613],[2.522940664009628,48.821061056342643],[2.523304476553252,48.821210767900212],[2.524092737064434,48.821170844861932],[2.526245294614202,48.821071037127055],[2.526669742581762,48.820941286774627]]}},
{"type":"Feature","properties":{"fid":113},"geometry":{"type":"LineString","coordinates":[[2.528761664707595,48.821360479010586],[2.529549925218777,48.819683689031102],[2.530474615433819,48.819783499528583],[2.53142962336083,48.820302510911596],[2.530656521705631,48.820701746779996],[2.530777792553505,48.820851459410797],[2.532217883872013,48.821689841879319],[2.533188050655007,48.822807663356031],[2.533188050655008,48.822987310910875],[2.532077664454156,48.823102085400436],[2.531077179959196,48.823142006900412],[2.530304078303995,48.823231830159088],[2.530122172032184,48.82397037084921],[2.530910432543367,48.824040232242929],[2.532062505598175,48.824050212434102],[2.534078633444083,48.825497319114135],[2.530364713727933,48.825217881079659]]}},
{"type":"Feature","properties":{"fid":114},"geometry":{"type":"LineString","coordinates":[[2.534017998020147,48.825487339211172],[2.53523070649889,48.825557198490252],[2.533942203740225,48.82393045000908],[2.533153943229043,48.822932418670753]]}},
{"type":"Feature","properties":{"fid":115},"geometry":{"type":"LineString","coordinates":[[2.534002839164162,48.823980351054288],[2.537656123456376,48.823161967638484],[2.538641449095356,48.823052183480755],[2.540051222701895,48.823002281511371],[2.541188136900717,48.823211869448883],[2.543211844174619,48.823621062419804],[2.544818682908954,48.824070172810451],[2.545076383460686,48.825138041355046],[2.546592269059115,48.824998321530906],[2.547607912410062,48.82530770061782],[2.547714024401952,48.825736836189243],[2.54830521978534,48.825627057671923],[2.548684191184947,48.826744791334548],[2.548881256312742,48.827094077991433],[2.55178796694773,48.830225074647309],[2.551469630972061,48.830644189232672],[2.552075985211432,48.830953533463536],[2.552136620635369,48.831302790783639],[2.55200019093151,48.831482407885979],[2.551484789828043,48.831721896354125],[2.551499948684028,48.831771789640918]]}},
{"type":"Feature","properties":{"fid":116},"geometry":{"type":"LineString","coordinates":[[2.333657792195035,48.847077396446451],[2.333697505901761,48.846966972372947],[2.333576235053886,48.845450654310518],[2.336668641674682,48.845490558005643],[2.337638808457676,48.845390798708209],[2.33860897524067,48.845829738130519],[2.338578657528701,48.846248722171943]]}},
{"type":"Feature","properties":{"fid":117},"geometry":{"type":"LineString","coordinates":[[2.333788459037665,48.848203934681209],[2.336062287435309,48.848104180789086],[2.336456417690901,48.847685212272076],[2.337881350153423,48.847665261302872],[2.338487704392796,48.848104180789086],[2.338578657528702,48.848922156838228],[2.339094058632166,48.849081760362985],[2.33903342320823,48.849809944989232],[2.338939902125817,48.849882674435221],[2.338699928376576,48.850069295860173],[2.338639292952638,48.851864765046926],[2.338736695001563,48.852287767065704],[2.33879088151248,48.852523087616611],[2.338431085615212,48.853643831226464],[2.33888912964418,48.8541929052382],[2.339310669592475,48.854698208468903],[2.339581375869533,48.855022700127243],[2.340458355670753,48.856073890389155]]}},
{"type":"Feature","properties":{"fid":118},"geometry":{"type":"LineString","coordinates":[[2.341580111013591,48.855275979120286],[2.34267154864446,48.854537899873691]]}},
{"type":"Feature","properties":{"fid":119},"geometry":{"type":"LineString","coordinates":[[2.344915059330135,48.854358365438593],[2.343459809155643,48.854976759115644],[2.342095512117056,48.856173628403546],[2.341185980757999,48.856931630818785]]}},
{"type":"Feature","properties":{"fid":120},"geometry":{"type":"LineString","coordinates":[[2.347461747135495,48.854024230192401],[2.347795241967149,48.85494184999861],[2.345733637553286,48.855560236468165]]}},
{"type":"Feature","properties":{"fid":121},"geometry":{"type":"LineString","coordinates":[[2.34731236310069,48.846463296438998],[2.349092314850421,48.846183427758817],[2.350578068911256,48.845949794282753],[2.350675424604164,48.845934484469538],[2.351628260216001,48.846599335684068]]}},
{"type":"Feature","properties":{"fid":122},"geometry":{"type":"LineString","coordinates":[[2.340458355670753,48.846872203839176],[2.340822168214376,48.847351032489428],[2.342839162798512,48.846901640676734],[2.344672517634385,48.846493127910577],[2.345036330178009,48.846433273554261],[2.345402887278231,48.846934641240743]]}},
{"type":"Feature","properties":{"fid":123},"geometry":{"type":"LineString","coordinates":[[2.343308220595801,48.846732544620394],[2.344945377042102,48.849465804259609],[2.348613820190301,48.848667787669122],[2.349101217391825,48.849950699335096],[2.349129221293767,48.850024408305593],[2.347734606543212,48.851680233682494],[2.348219689934708,48.852458253202336],[2.346855392896123,48.853076670350056]]}},
{"type":"Feature","properties":{"fid":124},"geometry":{"type":"LineString","coordinates":[[2.347443900469341,48.846527289081678],[2.348462231630459,48.847370983583829],[2.348613820190301,48.848667787669122]]}},
{"type":"Feature","properties":{"fid":125},"geometry":{"type":"LineString","coordinates":[[2.346461262640532,48.84667269055025],[2.347492064847465,48.848907193981724]]}},
{"type":"Feature","properties":{"fid":126},"geometry":{"type":"LineString","coordinates":[[2.34451334964655,48.84650809148846],[2.344860356679836,48.846011658898682],[2.344862003334189,48.846009303148946],[2.344528508502535,48.845430702451019],[2.345316769013719,48.844423123209921],[2.346772019188211,48.843126209199262],[2.34727056631453,48.842597007621819],[2.347711868259236,48.842128560183426],[2.347999886522937,48.841779378332916],[2.348342524597796,48.841685213466143],[2.349379342417507,48.84140026385311],[2.349606725257272,48.841410240586697],[2.349609948679577,48.841394064386812],[2.349665334331964,48.840878324905937],[2.34967260950713,48.840810579235502],[2.34971842959171,48.840443353067492],[2.34971842959171,48.840443353067492],[2.350546574328297,48.840469924711662],[2.350592050896251,48.840250431992651]]}},
{"type":"Feature","properties":{"fid":127},"geometry":{"type":"LineString","coordinates":[[2.321115655434801,48.84134289759632],[2.321250471489045,48.841049412580624],[2.321447660449642,48.840620139793707],[2.321706850818189,48.840055880823961],[2.318690238477315,48.83744183798995],[2.318326425933693,48.83752165811088],[2.318074836471956,48.837459559960763],[2.317962613390069,48.837431860465891],[2.317780707118258,48.83720237686402],[2.317901977966131,48.837002825051322],[2.317992931102037,48.836873115946773],[2.31750784771054,48.836474008903124],[2.317204670590853,48.836394187112823],[2.316537680927545,48.836064920883395],[2.31519233245894,48.835321569467922]]}},
{"type":"Feature","properties":{"fid":128},"geometry":{"type":"LineString","coordinates":[[2.315510668434611,48.835461260508453],[2.316890124329181,48.834762801410584]]}},
{"type":"Feature","properties":{"fid":129},"geometry":{"type":"LineString","coordinates":[[2.317989141388042,48.836840688618146],[2.318459065923554,48.83689057680732],[2.318777401899224,48.836980375422613],[2.318853196179145,48.837299658084468],[2.320641941185291,48.837539118745376],[2.322400368479469,48.837589006238971],[2.322889328467016,48.837556166817826],[2.323143152422699,48.83753911874539],[2.324871262004909,48.836960420188689],[2.327524061802158,48.836082382025651],[2.33017686159941,48.835104548685869],[2.331783700333745,48.834525822004181],[2.332571960844927,48.834356193951209]]}},
{"type":"Feature","properties":{"fid":130},"geometry":{"type":"LineString","coordinates":[[2.369476195738681,48.846842276896517],[2.367626815308598,48.848099193089269],[2.367859219775593,48.849072170977152]]}},
{"type":"Feature","properties":{"fid":131},"geometry":{"type":"LineString","coordinates":[[2.373300017160719,48.844670031879311],[2.373898791972098,48.845133917602503],[2.374065539387925,48.844984277516161],[2.37433081936765,48.845128929606851],[2.375740592974189,48.844275975040127],[2.376362106069545,48.844964325470848],[2.377726403108131,48.844405664975078],[2.379841063517939,48.843627520327637],[2.38206941534763,48.844455545629884],[2.382925890710741,48.84482466093116],[2.383611828944032,48.845030416590461],[2.385878077913682,48.846137741621313],[2.385036761406553,48.847165237541162]]}},
{"type":"Feature","properties":{"fid":132},"geometry":{"type":"LineString","coordinates":[[2.383384446104267,48.84498053650826],[2.38378615578785,48.847020591332367]]}},
{"type":"Feature","properties":{"fid":133},"geometry":{"type":"LineString","coordinates":[[2.383202539832454,48.844910704309719],[2.382383961609303,48.84593323749057],[2.380989346858749,48.845339671991219],[2.38021624520355,48.845658901369475],[2.378958060156853,48.846461953775567]]}},
{"type":"Feature","properties":{"fid":134},"geometry":{"type":"LineString","coordinates":[[2.376346947213561,48.844950608435092],[2.377248899144626,48.845499286934711],[2.378052318511793,48.846047959422854],[2.377665767684193,48.846322293412655]]}},
{"type":"Feature","properties":{"fid":135},"geometry":{"type":"LineString","coordinates":[[2.34927323042562,48.883711169100955],[2.354366606036341,48.88395040782013],[2.358974898255565,48.884309263753025],[2.359641887918873,48.884389009166213]]}},
{"type":"Feature","properties":{"fid":136},"geometry":{"type":"LineString","coordinates":[[2.372905886905127,48.885704790124691],[2.37903006472278,48.888854549355614],[2.379818325233962,48.888336248183315]]}},
{"type":"Feature","properties":{"fid":137},"geometry":{"type":"LineString","coordinates":[[2.337309689820972,48.882255568256539],[2.337941985577364,48.882480068428215],[2.339048582064216,48.883965360202097],[2.338490558331007,48.884291537377841],[2.338281419321909,48.884413781992308],[2.338191955931492,48.884466074278009],[2.338093574137207,48.884523579262591],[2.337517537609803,48.88490236721934],[2.337445914801996,48.884928532928079],[2.337193409723817,48.885020779164648],[2.336016810867359,48.88545060786474],[2.334910214380505,48.885769581474506],[2.334576719548851,48.885968938947421],[2.333833935605621,48.886477296906115],[2.33386425331759,48.887105261367239],[2.334303860141135,48.88763354282213],[2.334622196116805,48.887693347918187],[2.33619871713917,48.887354451428159],[2.337305313626024,48.887309597308828],[2.337441743329883,48.887648494102862],[2.336988861136952,48.88779967936398],[2.336456417690903,48.887977421147617],[2.335759110315625,48.888186737231379],[2.33548625090791,48.888445889263956],[2.335531727475862,48.888715007260807],[2.337244507126868,48.888566149159409],[2.33800927210253,48.888499675053794],[2.338169368417128,48.888485758688226],[2.338187553607952,48.888968605711547]]}},
{"type":"Feature","properties":{"fid":138},"geometry":{"type":"LineString","coordinates":[[2.337445914801996,48.884928532928079],[2.338002621001301,48.885704790124691],[2.337962158131893,48.886112761057284],[2.337957144433348,48.886163311718299],[2.338033066603238,48.886209669006696],[2.338169368417129,48.886292893145828],[2.338624134096656,48.886322796504523],[2.338815687726389,48.88629130732236],[2.338927311216343,48.886272957563456],[2.339200170624061,48.886831150865945],[2.33941239460784,48.887030504106818],[2.339692365924085,48.887030504151681]]}},
{"type":"Feature","properties":{"fid":139},"geometry":{"type":"LineString","coordinates":[[2.342398689236744,48.885732201859838],[2.343141473179976,48.885871752278632]]}},
{"type":"Feature","properties":{"fid":140},"geometry":{"type":"LineString","coordinates":[[2.343171790891944,48.886310336773896],[2.343535603435567,48.886360175677702],[2.343414332587692,48.887297137824106]]}},
{"type":"Feature","properties":{"fid":141},"geometry":{"type":"LineString","coordinates":[[2.340565945053792,48.886380026904817],[2.340488673382724,48.886210658817298],[2.340155178551071,48.8863003689872],[2.339852001431384,48.886380111225321],[2.339639777447603,48.886569498531209],[2.339635778872002,48.886720757804973],[2.339925010347222,48.886989016418219]]}},
{"type":"Feature","properties":{"fid":142},"geometry":{"type":"LineString","coordinates":[[2.334713149252711,48.888144375713729],[2.335031485228381,48.888403527965842],[2.335486250907909,48.88848326685013]]}},
{"type":"Feature","properties":{"fid":143},"geometry":{"type":"LineString","coordinates":[[2.338191955931492,48.884466074278009],[2.338521830896381,48.884521334312936],[2.339442712319808,48.884675593195162],[2.340397720246818,48.884695529414323],[2.340503832238708,48.884974635648319],[2.340928280206269,48.884815146562509],[2.341185980758002,48.884555975713205],[2.341473999021704,48.883997757014306]]}},
{"type":"Feature","properties":{"fid":144},"geometry":{"type":"LineString","coordinates":[[2.342580595508556,48.884276867142638],[2.344126798818953,48.884406453458389]]}},
{"type":"Feature","properties":{"fid":145},"geometry":{"type":"LineString","coordinates":[[2.344157116530922,48.884396485292193],[2.344263228522812,48.885154060261883],[2.344520929074546,48.88529361229407],[2.344899900474153,48.885173996290362],[2.344899900474153,48.884456294259664]]}},
{"type":"Feature","properties":{"fid":146},"geometry":{"type":"LineString","coordinates":[[2.338428672255633,48.889514292851018],[2.340016147888186,48.88916570905171],[2.339796188891884,48.888506284683046],[2.339824078494102,48.888549050129413]]}},
{"type":"Feature","properties":{"fid":147},"geometry":{"type":"LineString","coordinates":[[2.339772417437467,48.88776810418765],[2.341257985323927,48.887618591536949],[2.341576321299597,48.887588688953151],[2.341333779603848,48.887130180429217]]}},
{"type":"Feature","properties":{"fid":148},"geometry":{"type":"LineString","coordinates":[[2.306748849675693,48.877365941243148],[2.3079009227305,48.876408853511926],[2.308310433077331,48.87787430422307],[2.308416323833966,48.878253224969662],[2.30755226904286,48.878303071903083],[2.306718531963724,48.878502459140044],[2.306460831411992,48.879050769943646],[2.306612419971834,48.879429599351539],[2.307309727347112,48.87969876587151],[2.308052511290342,48.879788487722934],[2.309052995785304,48.879728673173204],[2.309704826592629,48.879828364049679],[2.310174751128142,48.880257032554525],[2.310902376215388,48.880336784429147],[2.311493571598776,48.880257032554525],[2.31175127215051,48.879918085668642],[2.311675477870587,48.879509352545497],[2.310750787655546,48.87888129270069],[2.310050678846645,48.878699912411406],[2.309750303160583,48.878622091100731],[2.309113631209242,48.878562275156163],[2.308985880435027,48.878509122474739],[2.308434274686082,48.878279615548955],[2.308370847266013,48.87825322496964]]}},
{"type":"Feature","properties":{"fid":149},"geometry":{"type":"LineString","coordinates":[[2.309522920320817,48.878642029733051],[2.30925443481399,48.879500801938384],[2.309189425489164,48.879708734974038],[2.309189425489164,48.880466380954218],[2.310356657399955,48.881233984256383],[2.311811907574445,48.882370414266873]]}},
{"type":"Feature","properties":{"fid":150},"geometry":{"type":"LineString","coordinates":[[2.311751272150508,48.879638951214474],[2.313070092621142,48.879967930942989],[2.313570334868623,48.880067621342619],[2.31429795995587,48.879429599351539],[2.31281239206941,48.87874172277531]]}},
{"type":"Feature","properties":{"fid":151},"geometry":{"type":"LineString","coordinates":[[2.31394930626823,48.879678827660456],[2.312812392069409,48.879240185006232]]}},
{"type":"Feature","properties":{"fid":152},"geometry":{"type":"LineString","coordinates":[[2.306718531963725,48.877365941243134],[2.305903785415756,48.87774384889228],[2.305278440645217,48.87803389787242],[2.305020740093484,48.879549229094792],[2.308832453596576,48.880393993718918],[2.309189425489164,48.880466380954218]]}},
{"type":"Feature","properties":{"fid":153},"geometry":{"type":"LineString","coordinates":[[2.365368145766939,48.871700413140815],[2.366626330813637,48.872577826835951],[2.36802094556419,48.871740295915302],[2.369536831162619,48.872089268836135],[2.370279615105849,48.873784245542048],[2.37038572709774,48.87535952534629],[2.370309932817819,48.877610195074894],[2.370496499977383,48.877739187419891],[2.370901128201206,48.87801894371713],[2.374994019316965,48.878497474468794],[2.378450238481381,48.878906215860646],[2.380261721771505,48.88094239607787],[2.382020149065681,48.880982271484683],[2.382353643897337,48.881012178018914],[2.383020633560645,48.88065329842776],[2.383066110128598,48.880404074974464],[2.383066110128598,48.880144881265686],[2.383187380976473,48.879945500575687],[2.383505716952143,48.87970624269861],[2.38388468835175,48.879785995451485],[2.384187865471434,48.880274478287987],[2.384430407167184,48.880613422758728],[2.384976125982618,48.880483826614629],[2.385552162510022,48.880234602316882],[2.385976610477581,48.880075098114609],[2.387068048108451,48.880154850279304],[2.387992738323492,48.880075098114609],[2.388371709723098,48.879835840857432],[2.388523298282943,48.879626489818598],[2.389569259345858,48.879596582455783],[2.390205931297197,48.880035221984542],[2.392426703698897,48.879195323608876],[2.392790516242519,48.878577229149002],[2.393897112729373,48.877530438852801],[2.395564586887645,48.877660042649133],[2.397307855325837,48.878078760311475],[2.401643288137345,48.878816492426608],[2.406441066056372,48.877660042649119],[2.406941308303852,48.877081807734157],[2.407865998518896,48.875037992833015],[2.408559516180177,48.872500555225031],[2.408908169867815,48.870985010473305],[2.409029440715689,48.86691923521164],[2.408923328723799,48.866340876146957],[2.409666112667031,48.866340876146957],[2.409787383514904,48.865802397905426],[2.409938972074747,48.865433437246537],[2.411106203985537,48.865343689647915],[2.411409381105222,48.865273885848829],[2.413319396959244,48.86701895161616],[2.414956553405547,48.868285332667099],[2.415547748788934,48.868185618786136],[2.417624512058782,48.867407843695133],[2.418064118882325,48.867348014341239],[2.418170230874215,48.867028923245677],[2.417685147482718,48.865702679076684],[2.417488082354923,48.864914893344064],[2.418172833056736,48.86477783144089],[2.418478398285056,48.864715798032023],[2.418554141605613,48.864638532302394],[2.419173080205545,48.864725771805197],[2.41958379419475,48.864575842502724],[2.419977924450341,48.864341497196314],[2.420341736993965,48.864027373043037],[2.420387213561918,48.863603551616272],[2.421160315217116,48.863618510080663],[2.421721192888535,48.863453966726368],[2.422244173419993,48.863508814571254],[2.422623144819601,48.863424049694721],[2.423365928762831,48.863349257037399],[2.4242640909799,48.863486376823793],[2.424574847527578,48.863132357699094],[2.42490076293124,48.862653679970826],[2.425545014310573,48.861880805225262],[2.426543603948538,48.861180221353017],[2.427369761599682,48.861000710739866],[2.427377341027673,48.86024775643201],[2.427400079311649,48.859978485254366],[2.427301546747751,48.859793983796315],[2.427276913606778,48.858719373950358],[2.431377384150528,48.858519907867304],[2.431697156479143,48.858502378670288],[2.433576265092169,48.858399352671121],[2.433833118819982,48.858385267811911],[2.434894238738881,48.858310467624648],[2.435082662631941,48.858275048472017],[2.435583966686169,48.858180813701914],[2.435674919822073,48.858086066392154],[2.436849731160856,48.858115986614607],[2.437136672853273,48.858054908932999],[2.437365132264321,48.858006279044844],[2.4384720684182,48.857773814110402],[2.441207825948479,48.857199231378679],[2.44305159811543,48.856811946990007],[2.444074820894369,48.857629780783761],[2.444499268861927,48.857405376499756],[2.446159163592207,48.856522709888999],[2.448035072020264,48.855813323888889],[2.448194240008098,48.85574849373554],[2.448406463991879,48.855329589182247],[2.449194724503061,48.854656342377709],[2.450445330121765,48.854102777111265],[2.452086276282064,48.853646455194493],[2.452893514159173,48.853410804600429],[2.45316255505695,48.853332263915995],[2.454182842154232,48.852892658082283],[2.454655702371402,48.852688913717209],[2.455136496714756,48.852578380868124],[2.456210956266793,48.852331357856137],[2.456542979941446,48.852255021705936],[2.456804614114558,48.852602382263385],[2.457212319482233,48.852801631333733],[2.457653620176952,48.852964762529425],[2.458026462684248,48.853060596384957],[2.458416993512503,48.853072929946734],[2.459766131695106,48.852808607403425],[2.460856518286209,48.852563785616709],[2.461365391001448,48.852449525486335],[2.462230183591401,48.852436712363257],[2.462898482669047,48.852426806283198],[2.463048024015704,48.852424589146459],[2.465536893519141,48.852536710279828],[2.46614801006449,48.852564232489804],[2.467626669476336,48.852757795790531],[2.467938649927635,48.852798632940505],[2.468201220802766,48.852906615860725],[2.469151358406378,48.853297353652238],[2.469374905813432,48.853455907621466],[2.469734974361772,48.853711288070038],[2.469984966785976,48.85376689095672],[2.470273113749216,48.853830979311994],[2.471766261063669,48.854030464079372],[2.472865278122529,48.854045425404877],[2.473927715111382,48.853818644898325],[2.475131527092181,48.853561673615189],[2.476961958952283,48.852938275240554],[2.479076619362091,48.852574206999414],[2.48091084093619,48.852514359911872],[2.481352560715741,48.852503230506699],[2.482124168111776,48.852483785453586],[2.484427690522415,48.852425705367878],[2.485131865281705,48.852407941712592],[2.485460392588475,48.852399652794176],[2.486832269055055,48.85238967824975],[2.488416369505411,48.85237970370337],[2.489136415164665,48.852359754604649],[2.490587875625162,48.852523087616611],[2.490891052744848,48.852388431431564],[2.492187134931505,48.851525625799518],[2.49589726493366,48.849222659926895]]}},
{"type":"Feature","properties":{"fid":154},"geometry":{"type":"LineString","coordinates":[[2.49077357161097,48.833718836354265],[2.490515871059239,48.83440733188062],[2.492213662929478,48.834477178724228],[2.493017082296645,48.834517091162532],[2.49366891310397,48.834756565124806],[2.493820501663813,48.834107987162206]]}},
{"type":"Feature","properties":{"fid":155},"geometry":{"type":"LineString","coordinates":[[2.490531029915223,48.834367419354848],[2.489621498556166,48.834387375621702],[2.489439592284355,48.834946147866411],[2.488636172917186,48.834906235769914],[2.488621014061201,48.835884072980562]]}},
{"type":"Feature","properties":{"fid":156},"geometry":{"type":"LineString","coordinates":[[2.482000383710064,48.836328084596481],[2.48209133684597,48.835928973210464],[2.482227766549828,48.835699482723669],[2.481303076334787,48.835250476556674],[2.479393060480766,48.834901246755614],[2.478907977089269,48.836367995560202]]}},
{"type":"Feature","properties":{"fid":157},"geometry":{"type":"LineString","coordinates":[[2.481848795150221,48.83631810685057],[2.482031546769715,48.83639408006951],[2.482852966383669,48.836735553107168],[2.483000868205026,48.836797036411895],[2.483532328408396,48.836957367403741],[2.484092305835895,48.837126297829215],[2.484344503200154,48.837113243066668],[2.484536051429925,48.837103327390523],[2.485008853074489,48.837078851034612],[2.485441444018497,48.837056454679107],[2.486517722793382,48.837216096021969],[2.486603391698246,48.837249637557662],[2.486801647702456,48.837327259375996],[2.487058349691205,48.837427763311588],[2.48827615008756,48.837904543485138],[2.488871948117833,48.838097777458934],[2.489322111150475,48.838243774987163],[2.490171007085595,48.838363503204057],[2.490714242362338,48.83831302731511],[2.49145950984426,48.838243774987156],[2.492566106331113,48.838293661778977]]}},
{"type":"Feature","properties":{"fid":158},"geometry":{"type":"LineString","coordinates":[[2.494635290172969,48.838223820256523],[2.494983943860607,48.837734926872599],[2.495544821532026,48.837345804238417],[2.496011945218721,48.837340000998481],[2.500235874911696,48.837287442766744],[2.50195701761338,48.837265983837277],[2.503578233384799,48.837244869710894],[2.510946306119754,48.837148633526404],[2.511128125483876,48.837146252997073],[2.51202996887195,48.836399909697704],[2.512225179456937,48.83623835446749],[2.514562250512416,48.834304102715137]]}},
{"type":"Feature","properties":{"fid":159},"geometry":{"type":"LineString","coordinates":[[2.511128125483876,48.837146252997073],[2.511176899175093,48.837173056889235],[2.513693761859216,48.837133781018103],[2.516504622123015,48.834199376526577]]}},
{"type":"Feature","properties":{"fid":160},"geometry":{"type":"LineString","coordinates":[[2.521132970433506,48.835674538042205],[2.521466465265161,48.835465002227409],[2.521542259545082,48.835245487576664],[2.523088462855479,48.835006015951564],[2.52319457484737,48.835604692867989],[2.524013153070521,48.835425090544291],[2.524407283326112,48.835544825498289],[2.524467918750051,48.836253251453805],[2.525104590701391,48.836931734526019],[2.525483562100999,48.838064182125194],[2.525801898076667,48.838024272512882],[2.527090400835333,48.838802504217689],[2.527317783675097,48.838682777050082],[2.528045408762342,48.838822458717814],[2.528257632746121,48.83873266340472],[2.529076210969274,48.839161684003464],[2.529788677200536,48.838702731597898],[2.53118329195109,48.838992071647823],[2.532047346742194,48.838912253869943],[2.532873504393338,48.839381181493501],[2.534389389991767,48.839660540544287],[2.535268603638856,48.839520861213643],[2.536329723557757,48.839421090024736],[2.537966880004059,48.8388723449333],[2.538861252507133,48.838533117688151]]}},
{"type":"Feature","properties":{"fid":161},"geometry":{"type":"LineString","coordinates":[[2.537906244580121,48.838912253869928],[2.536344882413741,48.838423367205223],[2.534616772831532,48.837934475768883],[2.534146848296019,48.838084136919434],[2.533176681513025,48.838782549709634],[2.531994290746249,48.838952162774774],[2.531084759387191,48.83839343521359],[2.530463246291837,48.838004317694789],[2.530023639468292,48.83767506204871],[2.529447602940888,48.837734926872614],[2.527977193910413,48.836687282125183],[2.527780128782617,48.836278195847129],[2.527173774543245,48.835978862307606],[2.527310204247105,48.835719438459918],[2.5275072693749,48.835619659699205],[2.52729504539112,48.835210564702621],[2.526794803143639,48.834482167780742],[2.527704334502696,48.834277616055573],[2.528659342429706,48.833958314132268],[2.530357134299947,48.833419487521986],[2.530508722859789,48.83321992064009],[2.530736105699554,48.832730978419868],[2.531918496466328,48.832401688113208],[2.533313111216883,48.831932695152304]]}},
{"type":"Feature","properties":{"fid":162},"geometry":{"type":"LineString","coordinates":[[2.530705787987585,48.832760913794985],[2.529235378957108,48.832860698249476],[2.527734652214664,48.832631193706987],[2.528022670478365,48.83356916216168],[2.528416800733958,48.834068074397955]]}},
{"type":"Feature","properties":{"fid":163},"geometry":{"type":"LineString","coordinates":[[2.52729504539112,48.831812951565119],[2.527810446494586,48.832671107616008],[2.527810446494586,48.832671107616008]]}},
{"type":"Feature","properties":{"fid":164},"geometry":{"type":"LineString","coordinates":[[2.527795287638602,48.832651150665484],[2.527037344839387,48.832261988541383],[2.52634003746411,48.8320723956423],[2.525915589496549,48.832062417048782],[2.525066693561429,48.832431623685054],[2.524945422713555,48.832900611975624],[2.525748842080722,48.834816433436501],[2.526415831744031,48.836033740257086],[2.52761338136679,48.83713128662194]]}},
{"type":"Feature","properties":{"fid":165},"geometry":{"type":"LineString","coordinates":[[2.524422442182097,48.835547319973458],[2.525271338117218,48.835188114270764],[2.524998478709499,48.834419804538413],[2.525619991804857,48.834389870154517]]}},
{"type":"Feature","properties":{"fid":166},"geometry":{"type":"LineString","coordinates":[[2.523073303999496,48.835008510453562],[2.522921715439652,48.834379892022547],[2.522482108616107,48.833910917579558],[2.522042501792563,48.833641504743937],[2.521360353273271,48.83373130918347],[2.520617569330041,48.834160372617049],[2.520329551066339,48.834529563793012],[2.519889944242794,48.834549519995278],[2.520127131860566,48.835486265707623],[2.52019312136248,48.835746877584278],[2.520465980770199,48.836175923755611],[2.520784316745867,48.836734676051236],[2.520799475601851,48.837153736182984]]}},
{"type":"Feature","properties":{"fid":167},"geometry":{"type":"LineString","coordinates":[[2.518995571739721,48.834459717022447],[2.519298748859407,48.835377695379265],[2.520117327082559,48.835297871842066]]}},
{"type":"Feature","properties":{"fid":168},"geometry":{"type":"LineString","coordinates":[[2.524479287892039,48.840565952473781],[2.526328668322121,48.842770799016186]]}},
{"type":"Feature","properties":{"fid":169},"geometry":{"type":"LineString","coordinates":[[2.529542345790791,48.843798364018511],[2.530330606301974,48.842860587090023]]}},
{"type":"Feature","properties":{"fid":170},"geometry":{"type":"LineString","coordinates":[[2.534036946590132,48.842092395033418],[2.535628626468483,48.843010233522023],[2.537629595458409,48.843768435238871],[2.539539611312429,48.844247293566895],[2.541904392845979,48.844526625477116]]}},
{"type":"Feature","properties":{"fid":171},"geometry":{"type":"LineString","coordinates":[[2.54945556267862,48.845682288319459],[2.553156108574627,48.846227979934653],[2.553474389675988,48.846274908558179],[2.555945283201427,48.846524302026168],[2.56090222910829,48.847043036461145],[2.56451003683255,48.844698713110525],[2.565616633319403,48.843930549247986]]}},
{"type":"Feature","properties":{"fid":172},"geometry":{"type":"LineString","coordinates":[[2.563009310090106,48.845636455620358],[2.565267979631764,48.847082938887425]]}},
{"type":"Feature","properties":{"fid":173},"geometry":{"type":"LineString","coordinates":[[2.551700803525826,48.843222231868623],[2.553158926338476,48.843562461847277],[2.553368277684097,48.843611308852267],[2.553065100564412,48.844489215043808],[2.552686129164805,48.846135247673587]]}},
{"type":"Feature","properties":{"fid":174},"geometry":{"type":"LineString","coordinates":[[2.532524850705701,48.853925734675627],[2.535253444782871,48.854075348042493],[2.538588393099415,48.854554107811843],[2.538573234243431,48.854603978357879]]}},
{"type":"Feature","properties":{"fid":175},"geometry":{"type":"LineString","coordinates":[[2.536534368113544,48.854224960962256],[2.53673143324134,48.853965631617164],[2.540324082109617,48.854414470018746],[2.540445352957491,48.854374573434882],[2.546099606239631,48.855172499071017],[2.547160726158532,48.854863304396268],[2.550313768203263,48.855711091685819],[2.552617914312876,48.856818180529821],[2.559158960670096,48.860383638096742],[2.561205406227974,48.861440759917052],[2.562160414154986,48.861729968600727]]}},
{"type":"Feature","properties":{"fid":176},"geometry":{"type":"LineString","coordinates":[[2.557173150536154,48.857471451198997],[2.557218627104107,48.858010019079586],[2.558355541302928,48.858977432015941],[2.558886101262379,48.859595768634271],[2.559947221181279,48.860772581740001]]}},
{"type":"Feature","properties":{"fid":177},"geometry":{"type":"LineString","coordinates":[[2.557157991680169,48.857471451199004],[2.557006403120327,48.856873035646721],[2.556354572313002,48.856115032344178],[2.555308611250085,48.855556496250401],[2.554531719880891,48.855122629091348],[2.554607514160813,48.85498299288399],[2.558139527605153,48.854514211339286],[2.559094535532163,48.854414470018746],[2.561459317065713,48.854205012598776],[2.562869090672251,48.854414470018746],[2.563975687159104,48.855012914961222],[2.565036807078004,48.855541535376489],[2.566037291572967,48.855810830423032],[2.566476898396512,48.856129993046714],[2.566658804668323,48.856499022293768],[2.566446580684543,48.857187204703642],[2.566037291572967,48.857890337829119],[2.565597684749424,48.858389007818353],[2.565370301909657,48.858917592583012],[2.565188395637847,48.859595768634279],[2.565279348773753,48.860104394642789],[2.565082283645956,48.860553178005141],[2.564430452838632,48.860842391817592],[2.563642192327449,48.86119144074496],[2.562793296392329,48.861450732658113],[2.561959559313193,48.86141084168198],[2.561535111345633,48.86135100515817],[2.561216775369963,48.861430787174008]]}},
{"type":"Feature","properties":{"fid":178},"geometry":{"type":"LineString","coordinates":[[2.567174205771789,48.858872712961336],[2.566476898396511,48.860667866441084],[2.566113085852888,48.861216372718062],[2.56565832017336,48.861355991537884],[2.565021648222019,48.86176487298404],[2.564672994534382,48.86232333980616],[2.565203554493832,48.862831938097358],[2.567159046915804,48.863559922736229],[2.569629940441243,48.864277924610171],[2.571509638583296,48.864636921684223],[2.573177112741568,48.864896195747249],[2.57442013893228,48.864946055989954],[2.575299352579367,48.864966000073146],[2.578668408321877,48.864888716706531],[2.580047864216445,48.865008381223525],[2.581563749814875,48.865118073446055],[2.582791617149603,48.865068213374705],[2.58444393245189,48.86480894020292],[2.585641482074649,48.864479860781195],[2.587036096825205,48.864469888643725],[2.58907496295509,48.864781517000409],[2.590545371985566,48.865080678397213],[2.591833874744232,48.86542969776648],[2.593410395766596,48.865698939616742],[2.594744375093216,48.866028011022074],[2.596442166963455,48.866247390756811],[2.597594240018261,48.866426882551686],[2.598761471929052,48.866337136734728],[2.599868068415904,48.8659980955292],[2.601543122002168,48.864238035887396],[2.603407661288236,48.86258262585531],[2.605075135446508,48.861575391753561],[2.605711807397848,48.861006943758078],[2.605833078245722,48.860308840895755],[2.606071830227476,48.859416252338434],[2.60640532505913,48.859246708578965],[2.607648351249842,48.859107083875294],[2.609012648288428,48.858728100573359],[2.61054369274284,48.858239407343184]]}},
{"type":"Feature","properties":{"fid":179},"geometry":{"type":"LineString","coordinates":[[2.599921124411849,48.865948236334646],[2.60161891628209,48.865479557477684],[2.604999341166587,48.864522242343263],[2.606105937653441,48.864233049794834]]}},
{"type":"Feature","properties":{"fid":180},"geometry":{"type":"LineString","coordinates":[[2.572908043047846,48.859488557590595],[2.575485048565177,48.859937346474673]]}},
{"type":"Feature","properties":{"fid":181},"geometry":{"type":"LineString","coordinates":[[2.575954973100688,48.859388826181004],[2.581381843543065,48.859089630759904],[2.585383781522917,48.864544679626313]]}},
{"type":"Feature","properties":{"fid":182},"geometry":{"type":"LineString","coordinates":[[2.579305080273216,48.861313607294477],[2.581351525831096,48.859149469987216]]}},
{"type":"Feature","properties":{"fid":183},"geometry":{"type":"LineString","coordinates":[[2.581351525831096,48.859164429782872],[2.583185747405195,48.855234836475745]]}},
{"type":"Feature","properties":{"fid":184},"geometry":{"type":"LineString","coordinates":[[2.434574440728794,48.848443651744162],[2.435083550314155,48.848404941969427],[2.435592051826234,48.848366276207855],[2.436328950827941,48.848310239473207],[2.436666679053481,48.848284555716056],[2.437106267710616,48.848251124149378]]}},
{"type":"Feature","properties":{"fid":185},"geometry":{"type":"LineString","coordinates":[[2.480686635355883,48.839935632128352],[2.484832356924406,48.842639550342163],[2.487167676339321,48.84416250028427],[2.487374198156495,48.844297174379427],[2.487877399272953,48.844231722682423],[2.489307944284517,48.844045638280349],[2.49258884461509,48.843618791072359],[2.50004700175936,48.844815931884533],[2.500516926294874,48.843865703707287],[2.500865579982513,48.843925561132437],[2.502714960412595,48.842581245887231]]}},
{"type":"Feature","properties":{"fid":186},"geometry":{"type":"LineString","coordinates":[[2.502614532991699,48.842663551939246],[2.503364896362921,48.843222231868623]]}},
{"type":"Feature","properties":{"fid":187},"geometry":{"type":"LineString","coordinates":[[2.50716787435798,48.84620632513672],[2.507319462917822,48.845867147562501],[2.507698434317431,48.844186189503851],[2.508024349721093,48.844320867747953],[2.508365423980738,48.844305903516499],[2.508585227392511,48.84419117759343],[2.509417069614649,48.842512657407227],[2.511251291188749,48.842886775247891]]}},
{"type":"Feature","properties":{"fid":188},"geometry":{"type":"LineString","coordinates":[[2.512592849943359,48.842674775481314],[2.520157119079519,48.844839625007637],[2.520642202471016,48.845198761501116],[2.522294517773303,48.84660535463582]]}},
{"type":"Feature","properties":{"fid":189},"geometry":{"type":"LineString","coordinates":[[2.523454170256102,48.845560389395644],[2.524181795343348,48.845729979508747],[2.524712355302797,48.845650172468233],[2.52521259755028,48.845410750583618],[2.525455139246028,48.845041639602151],[2.525333868398153,48.844532860546629],[2.525069828883582,48.844311724523564],[2.525123118616405,48.844184625151584],[2.528820405274541,48.845610268900295],[2.53298909067022,48.847066728530585],[2.534535293980618,48.847675236788497],[2.535854114451251,48.847904672408681],[2.537142617209914,48.847934598716414],[2.538946521072045,48.8481041807891]]}},
{"type":"Feature","properties":{"fid":190},"geometry":{"type":"LineString","coordinates":[[2.53719567320586,48.847939586432631],[2.539863631859094,48.849824907576028],[2.540303238682639,48.850283758065714],[2.540591256946341,48.850632880621419]]}},
{"type":"Feature","properties":{"fid":191},"geometry":{"type":"LineString","coordinates":[[2.538980628498011,48.848106674638828],[2.542133670542743,48.84837600967812],[2.544301386948495,48.848595466787124],[2.545407983435349,48.848665293847404],[2.546347832506375,48.848525639629479],[2.546848074753856,48.848435861712304],[2.547515064417165,48.848066773028336],[2.547863718104803,48.847967018862953]]}},
{"type":"Feature","properties":{"fid":192},"geometry":{"type":"LineString","coordinates":[[2.551285829843256,48.850206452027756],[2.551058447003492,48.850954569964244],[2.550133756788449,48.854216233554219]]}},
{"type":"Feature","properties":{"fid":193},"geometry":{"type":"LineString","coordinates":[[2.55324132226523,48.850366051458842],[2.553074574849402,48.850944595131942],[2.552907827433575,48.851034368551048],[2.55108876471546,48.850924645461404]]}},
{"type":"Feature","properties":{"fid":194},"geometry":{"type":"LineString","coordinates":[[2.552483379466015,48.851004444095892],[2.552513697177984,48.851164040983356],[2.552847192009638,48.85127376354837],[2.552938145145543,48.851363536377256],[2.552695603449797,48.851503182680034],[2.552346949762157,48.851612904501842],[2.552437902898062,48.851732600760464],[2.552907827433575,48.852121611624774],[2.553483863960979,48.852390925067937],[2.554044741632397,48.8524208486944],[2.554560142735863,48.85228120495114]]}},
{"type":"Feature","properties":{"fid":195},"geometry":{"type":"LineString","coordinates":[[2.555424197526968,48.851074267796754],[2.55483300214358,48.851533106837095],[2.55465109587177,48.851862271384398],[2.554454030743973,48.852879675394227],[2.554605619303817,48.854146414235117]]}},
{"type":"Feature","properties":{"fid":196},"geometry":{"type":"LineString","coordinates":[[2.561855342178302,48.851084242603207],[2.562476855273659,48.851902169970352],[2.562749714681376,48.852271230383131],[2.562901303241219,48.852839777587249],[2.56287098552925,48.853737470553675]]}},
{"type":"Feature","properties":{"fid":197},"geometry":{"type":"LineString","coordinates":[[2.558687141277586,48.853567907559736],[2.560945810819244,48.853488113010911],[2.56273455582539,48.853677624856694],[2.564295917991773,48.854186311000817],[2.56499322536705,48.854465587470358],[2.566296886981699,48.854704966061348],[2.567069988636899,48.854944343507782],[2.567630866308316,48.855243563706196],[2.568085631987846,48.855742260062527]]}},
{"type":"Feature","properties":{"fid":198},"geometry":{"type":"LineString","coordinates":[[2.568828415931076,48.85254303665026],[2.568661668515248,48.853749938398224]]}},
{"type":"Feature","properties":{"fid":199},"geometry":{"type":"LineString","coordinates":[[2.568691986227217,48.853460683605412],[2.569601517586274,48.853640221259745],[2.569495405594385,48.854128959390152],[2.569556041018322,48.854517951634939],[2.569753106146117,48.854637640948312],[2.570238189537614,48.854737381824258],[2.5705413666573,48.854657589139414],[2.570890020344938,48.854956811051757],[2.570890020344939,48.855256031175649],[2.57064747864919,48.855774675153732],[2.57022303068163,48.855724805773939],[2.569919853561945,48.85657257847393]]}},
{"type":"Feature","properties":{"fid":200},"geometry":{"type":"LineString","coordinates":[[2.570188923255666,48.860868570571576],[2.570461782663383,48.860858597714525],[2.572932676188821,48.859472351250055]]}},
{"type":"Feature","properties":{"fid":201},"geometry":{"type":"LineString","coordinates":[[2.573808100121914,48.853333510710684],[2.577491702126097,48.854829641957558],[2.580568949890907,48.85817084030932],[2.581205621842248,48.858440121211522],[2.581372369258074,48.859078410896835]]}},
{"type":"Feature","properties":{"fid":202},"geometry":{"type":"LineString","coordinates":[[2.572932676188822,48.842455292424582],[2.57165933228614,48.84278451664899],[2.570188923255664,48.842794493106858],[2.567460329178493,48.842575010574777],[2.566133929279867,48.842505175021948],[2.564284548849785,48.842584987074339],[2.562344215283796,48.842874304698235]]}},
{"type":"Feature","properties":{"fid":203},"geometry":{"type":"LineString","coordinates":[[2.566861554367114,48.843063856718025],[2.568877682213025,48.841816790790496]]}},
{"type":"Feature","properties":{"fid":204},"geometry":{"type":"LineString","coordinates":[[2.511147074053857,48.856851841631418],[2.511783746005196,48.857006433066537],[2.511389615749605,48.857440283898896],[2.511086438629919,48.85745524420539],[2.51080599979421,48.857744475918203],[2.510586196382438,48.85823816067068],[2.510654411234368,48.858367814444875],[2.51154878373744,48.858218213906412],[2.512139979120828,48.860359952328508],[2.514891311481976,48.859906180709956],[2.514648769786227,48.859382592961282],[2.514815517202055,48.859342700336867],[2.514550237222329,48.858470041222347],[2.517362205007416,48.858036199315002],[2.518315318077426,48.857894077872508],[2.518231944369513,48.85741535004486],[2.518171308945577,48.857026380313684],[2.518224364941522,48.856791999657389],[2.518050038097703,48.856173628403567],[2.518110673521639,48.855650001611103],[2.519816044819873,48.855510366874768],[2.520202595647471,48.855385692673906],[2.520519036766143,48.854196285187264],[2.520890428737759,48.853677624856694],[2.521276979565357,48.852927053998691],[2.521474044693153,48.852632807203321],[2.522391155480204,48.852692654149244],[2.522565482324022,48.851914638271971]]}},
{"type":"Feature","properties":{"fid":205},"geometry":{"type":"LineString","coordinates":[[2.535422087055699,48.833193727427847],[2.538211316556807,48.834500876738304],[2.540485144954451,48.835358986749135],[2.542531590512329,48.835448788109986],[2.544017158398791,48.835378942621013],[2.545593679421156,48.835139471633845],[2.546669958196041,48.834939911603421],[2.547579489555098,48.834949889623836],[2.549080216297543,48.834979823673095],[2.550262607064318,48.835857881161196],[2.551649642386881,48.834740350778091],[2.5503762984842,48.834101750794893],[2.551967978362551,48.832704784951972],[2.552377267474126,48.832664871069809],[2.55260465031389,48.832405430060675]]}},
{"type":"Feature","properties":{"fid":206},"geometry":{"type":"LineString","coordinates":[[2.552437902898062,48.832644914116784],[2.555560627230826,48.835079603708202],[2.555545468374842,48.836616191152068],[2.555257450111141,48.83689556562355],[2.558228585884062,48.836705990259233],[2.559274546946979,48.836815744504953],[2.56165448733651,48.837793544443358]]}},
{"type":"Feature","properties":{"fid":207},"geometry":{"type":"LineString","coordinates":[[2.555575786086811,48.835099559691336],[2.556364046597995,48.834660526225349],[2.559047164107213,48.832824526407677]]}},
{"type":"Feature","properties":{"fid":208},"geometry":{"type":"LineString","coordinates":[[2.555071754125333,48.838529376198373],[2.55492016556549,48.838848648987153],[2.554086428486354,48.838838671743289],[2.552767608015722,48.83876883098074],[2.552221889200287,48.839018261828443],[2.551175928137371,48.838958398538281],[2.549948060802642,48.839567005321321]]}},
{"type":"Feature","properties":{"fid":209},"geometry":{"type":"LineString","coordinates":[[2.551297198985245,48.838878580706748],[2.551691329240837,48.838599217294799],[2.552722131447769,48.838768830980733]]}},
{"type":"Feature","properties":{"fid":210},"geometry":{"type":"LineString","coordinates":[[2.54187596999101,48.839916202595838],[2.542633912790224,48.840125719791992],[2.543770826989045,48.84008581182222],[2.545165441739601,48.840115742802531],[2.54654489763417,48.840215512607791],[2.547439270137243,48.840185581687088],[2.548651978615986,48.840175604709529],[2.54866822042196,48.840836376366873],[2.550153706434626,48.840795742243991],[2.551304778413237,48.84076424298437],[2.551441208117096,48.840923872510565],[2.55339670053907,48.841093478324723],[2.554200119906236,48.841103455119445],[2.555246080969153,48.841053571126011]]}},
{"type":"Feature","properties":{"fid":211},"geometry":{"type":"LineString","coordinates":[[2.549733700605255,48.839695452434484],[2.548651978615986,48.840175604709529]]}},
{"type":"Feature","properties":{"fid":212},"geometry":{"type":"LineString","coordinates":[[2.545271553731491,48.840065857825408],[2.545241236019521,48.839387417203611],[2.543907256692904,48.839357485788035],[2.54364955614117,48.838978352976284],[2.542815819062036,48.838998307406342]]}},
{"type":"Feature","properties":{"fid":213},"geometry":{"type":"LineString","coordinates":[[2.543918625834892,48.842754587263478],[2.543433542443395,48.843502816535747]]}},
{"type":"Feature","properties":{"fid":214},"geometry":{"type":"LineString","coordinates":[[2.553368277684097,48.843611308852267],[2.553566557975545,48.843621855408095],[2.55458288101984,48.843889397279987],[2.556447420305908,48.842941645629523],[2.557735923064572,48.842183431395796],[2.558130053320163,48.842382962570177],[2.559782368622451,48.84117578682168]]}},
{"type":"Feature","properties":{"fid":215},"geometry":{"type":"LineString","coordinates":[[2.553900732500546,48.842073688911007],[2.556947662553389,48.844677513941242]]}},
{"type":"Feature","properties":{"fid":216},"geometry":{"type":"LineString","coordinates":[[2.559524668070718,48.843270866656887],[2.561404366212769,48.841734483346961],[2.561601431340566,48.841694576658973],[2.561919767316235,48.841864179863315],[2.562162309011984,48.841804319974408],[2.562571598123561,48.841814296627525],[2.56267771011545,48.841315461537242]]}},
{"type":"Feature","properties":{"fid":217},"geometry":{"type":"LineString","coordinates":[[2.556371626025986,48.841046088522702],[2.557735923064572,48.84219340797339]]}},
{"type":"Feature","properties":{"fid":218},"geometry":{"type":"LineString","coordinates":[[2.566069504141934,48.840916389887894],[2.567221577196741,48.841175786821658],[2.569465087882417,48.841475089306698],[2.568858733643043,48.841844226574956]]}},
{"type":"Feature","properties":{"fid":219},"geometry":{"type":"LineString","coordinates":[[2.557250839673074,48.836780822725572],[2.55726599852906,48.83733956827416],[2.557387269376933,48.837628916198113],[2.558069417896227,48.837768600804623],[2.558478707007803,48.837908285021577],[2.559069902391189,48.837878352722171],[2.560024910318199,48.837149994590149]]}},
{"type":"Feature","properties":{"fid":220},"geometry":{"type":"LineString","coordinates":[[2.561859131892299,48.838087878442458],[2.563359858634744,48.840073340575131],[2.563966212874114,48.840572188036383]]}},
{"type":"Feature","properties":{"fid":221},"geometry":{"type":"LineString","coordinates":[[2.562401060993737,48.84004839807163],[2.563537975192559,48.839948627933516],[2.565084178502955,48.840267891676],[2.564932589943113,48.840696899125398]]}},
{"type":"Feature","properties":{"fid":222},"geometry":{"type":"LineString","coordinates":[[2.562992256377124,48.836581269233555],[2.564735524815318,48.836092359818537],[2.565262170037136,48.836623747519951],[2.565676518261416,48.836757303067152],[2.570937546087305,48.838807830917375],[2.572148205391636,48.839504648408948],[2.572784877342975,48.839205334149128],[2.574058221245656,48.839993524520274],[2.574406874933295,48.840572188036383],[2.574725210908964,48.841120914505403],[2.575134500020541,48.841370333640398],[2.576013713667629,48.841589821451734],[2.575634742268021,48.84286931647749],[2.577059674730545,48.842789504878162],[2.577938888377634,48.842919198662472],[2.579879221943623,48.843178585223555],[2.58004596935945,48.843777164468101]]}},
{"type":"Feature","properties":{"fid":223},"geometry":{"type":"LineString","coordinates":[[2.565114496214925,48.836518908604305],[2.562219154721926,48.838414637042824]]}},
{"type":"Feature","properties":{"fid":224},"geometry":{"type":"LineString","coordinates":[[2.591384793635696,48.807525284050449],[2.590050814309079,48.808843086165119],[2.585442522089857,48.809442075677687],[2.579682156815826,48.811239001283312],[2.576225937651408,48.81243691591051],[2.573861156117859,48.814034090891859],[2.570041124409818,48.814952443466311],[2.566342363549652,48.818306283869504],[2.567312530332646,48.81934433185306],[2.565311561342719,48.820422282006049],[2.568161426267765,48.823576151159422],[2.569192228474698,48.822697878422204],[2.570101759833754,48.823256781035766],[2.571375103736435,48.822378502701824],[2.573133531030612,48.822857565519207],[2.575801489683847,48.822418424778149],[2.577681187825899,48.822737800244163]]}},
{"type":"Feature","properties":{"fid":225},"geometry":{"type":"LineString","coordinates":[[2.5951441899198,48.803491795707266],[2.590839074820263,48.805169127292537],[2.582532021740873,48.808843086165105],[2.575134500020539,48.812396985884057],[2.571920822551869,48.813315368446865],[2.570101759833755,48.814832659301935],[2.569980488985881,48.81503229941692]]}},
{"type":"Feature","properties":{"fid":226},"geometry":{"type":"LineString","coordinates":[[2.597857625140988,48.814323573410292],[2.600889396337847,48.815920688287925],[2.600464948370287,48.82115088333088],[2.600950031761784,48.824783751042538],[2.601556386001155,48.825701906687122],[2.601556386001155,48.82685955721896],[2.601617021425092,48.82825668603904],[2.602405281936276,48.82861594143948],[2.602465917360213,48.829214694716384],[2.601859563120842,48.829573943248256],[2.600707490066036,48.829893273114322]]}},
{"type":"Feature","properties":{"fid":227},"geometry":{"type":"LineString","coordinates":[[2.600646854642098,48.817158417321423],[2.600283042098475,48.816799079782527],[2.598100166836737,48.816998712066564],[2.597918260564926,48.81755767823249],[2.598160802260674,48.8193942374645],[2.600161771250601,48.819394237464515],[2.600646854642097,48.819394237464515]]}},
{"type":"Feature","properties":{"fid":228},"geometry":{"type":"LineString","coordinates":[[2.60549768855707,48.811169122046593],[2.603132907023522,48.814283644886437],[2.601859563120842,48.815521414338662],[2.601435115153282,48.816200178160273],[2.601435115153281,48.818196489075682],[2.601374479729344,48.819434161917883],[2.601495750577218,48.821550112441784],[2.605497688557071,48.821989260790936],[2.605255146861322,48.824703910626262],[2.604527521774076,48.824823671202921],[2.603617990415019,48.825262790868884],[2.602769094479898,48.826220856784367],[2.601980833968715,48.827298659045589],[2.601677656849029,48.827338577202667]]}},
{"type":"Feature","properties":{"fid":229},"geometry":{"type":"LineString","coordinates":[[2.608347553482117,48.813485067731108],[2.61022725162417,48.816998712066571],[2.609438991112986,48.817917010333488],[2.609620897384798,48.818715516891437],[2.609560261960861,48.819873328806388],[2.609378355689048,48.820791574412162],[2.610166616200233,48.821629957882379],[2.611076147559289,48.822308638991679],[2.611015512135352,48.823107075589689],[2.610894241287477,48.823865578576068],[2.610227251624168,48.823426446667369],[2.608953907721487,48.823665973640004],[2.607801834666684,48.82386557857609],[2.606649761611876,48.824304706637065],[2.605133876013448,48.824624070082798],[2.605437053133134,48.82665996420765],[2.604406250926202,48.827378495327949],[2.603860532110768,48.827298659045589],[2.602223375664464,48.828496189925524]]}},
{"type":"Feature","properties":{"fid":230},"geometry":{"type":"LineString","coordinates":[[2.612410126885907,48.824434448282332],[2.608590095177866,48.829025090286123],[2.607377386699123,48.829783503702416],[2.604830698893762,48.830142748156142],[2.599858594130915,48.830861229336556],[2.598039531412799,48.831140635902109],[2.596038562422874,48.831859102773244],[2.594704583096257,48.832497731342876],[2.593188697497828,48.832697301101483],[2.591612176475461,48.832377989106142],[2.590278197148844,48.831859102773244],[2.589247394941914,48.831260381096079],[2.588277228158917,48.830861229336541],[2.5869432488323,48.830621736754487],[2.585366727809934,48.830501990034172],[2.584881644418437,48.830501990034179]]}},
{"type":"Feature","properties":{"fid":231},"geometry":{"type":"LineString","coordinates":[[2.568422133070746,48.837813485025073],[2.568828415931075,48.83749671433678],[2.570083630317197,48.83786009892178],[2.570981112899614,48.837253858804239],[2.571860187127932,48.837097612261495],[2.574346239509356,48.837137522612117],[2.579015167152518,48.837416894176123],[2.581804396653627,48.83785590348586],[2.584351084458987,48.83813527104337],[2.585340117410836,48.83789078836638],[2.585636472731674,48.838192029087288],[2.587019043112222,48.837815993707608],[2.5883224200532,48.837690809897531],[2.58920191837396,48.838574274057244],[2.58958037056132,48.839342838101039]]}},
{"type":"Feature","properties":{"fid":232},"geometry":{"type":"LineString","coordinates":[[2.594598471104367,48.834623108422463],[2.596235627550669,48.835860375620776],[2.598175961116658,48.836977881018861],[2.599024857051778,48.837456804272335],[2.600540742650209,48.839093090840549],[2.601086461465643,48.839851351857483],[2.601207732313516,48.84088895359519],[2.601389638585328,48.842046253252256],[2.601389638585328,48.84320352616826],[2.601329003161391,48.844640103620627],[2.601329003161391,48.845797316600269],[2.60157154485714,48.846794892534085],[2.600904555193831,48.84843087404554],[2.601207732313516,48.850026902059696],[2.601874721976826,48.851463283776148],[2.602359805368323,48.852500644944257]]}},
{"type":"Feature","properties":{"fid":233},"geometry":{"type":"LineString","coordinates":[[2.609272243697159,48.800406557200802],[2.613395452524885,48.802483372931526],[2.611576389806772,48.803961054838382],[2.609150972849284,48.805997788264293],[2.606664920467861,48.808912968643604],[2.605694753684867,48.809871347093484]]}},
{"type":"Feature","properties":{"fid":234},"geometry":{"type":"LineString","coordinates":[[2.654336288649173,48.839782141363834],[2.656532393457951,48.840119401032233],[2.65811846915318,48.840713614922677],[2.659899754164746,48.84106692794802],[2.662510678770739,48.841436297991557],[2.664291963782304,48.841677190030644],[2.665170405705815,48.841966258948169],[2.666951690717379,48.841998377613841],[2.668000940792686,48.842415918392646],[2.669220999019786,48.843463769825199],[2.669098993197077,48.844057944038745],[2.670172644436922,48.845198096435915],[2.669660219981541,48.84555137782651],[2.669513812994289,48.846113411266039],[2.67051426074051,48.846819958640673],[2.670953481702266,48.847398035441429],[2.671051086360434,48.847911875884165],[2.670563063069594,48.848666569475014],[2.670172644436922,48.849292795947143],[2.671173092183145,48.850986779590933],[2.673003179523792,48.853314910042059],[2.673881621447304,48.854214021099352],[2.675906918104289,48.854358519584622],[2.67813962465988,48.854860247197948],[2.680482136455911,48.855068964404119],[2.681458183037591,48.85535795602221],[2.682507433112895,48.855711165734327],[2.684191113466294,48.856208866098783],[2.685703985667897,48.856385468264484],[2.68672883457866,48.857252415314214],[2.688241706780263,48.857589557334336],[2.689412962678278,48.858295942775307],[2.689315358020111,48.858600969770457],[2.689705776652782,48.859307340938592],[2.690267003437248,48.859724737397904],[2.690144997614538,48.86053543980578],[2.690755026728087,48.861514686590411],[2.691365055841639,48.862301280787115],[2.692389904752401,48.862670494208032],[2.69138945700618,48.863970745873125],[2.690706224399005,48.865929085858092],[2.690559817411752,48.867060714600392],[2.689827782475493,48.867622506597797],[2.688266107944806,48.868344801326792],[2.688632125412934,48.868858426790901],[2.688729730071103,48.869452299661468],[2.689949788298203,48.870688174659513],[2.691438259335264,48.871506724411482],[2.690706224399005,48.872614152760661],[2.689949788298203,48.873809826862896],[2.696611306218165,48.875719636286533],[2.701284129227955,48.876786850973737],[2.70147933854429,48.877717636172441],[2.701650146696084,48.878423737528649],[2.701235326898871,48.880333370809886],[2.701284129227956,48.880943154315105],[2.702479786290513,48.881007341620034],[2.704212268972993,48.881183856283826],[2.704773495757459,48.881087575635334],[2.704797896922,48.880333370809886],[2.704919902744711,48.878873069565685],[2.705017507402879,48.878503975688439],[2.704797896922,48.878118831347578],[2.704822298086542,48.877364581756567],[2.704871100415627,48.877107813343507],[2.705920350490933,48.877380629738632],[2.70455388527658,48.877139909467239],[2.70318742006223,48.876947332416066],[2.702162571151467,48.876738706440655],[2.701210925734329,48.876738706440655],[2.701088919911618,48.876417741702568],[2.701479338544291,48.875599272299148],[2.700478890798069,48.875310397547743],[2.700161675659023,48.87505361859057]]}},
{"type":"Feature","properties":{"fid":235},"geometry":{"type":"LineString","coordinates":[[2.700161675659023,48.875021521128254],[2.700381286139902,48.873769704034267],[2.700283681481733,48.871354250472606],[2.700405687304443,48.870728299959481],[2.700918111759826,48.870022089979166],[2.700918111759826,48.869524526962266]]}},
{"type":"Feature","properties":{"fid":236},"geometry":{"type":"LineString","coordinates":[[2.700918111759826,48.869524526962266],[2.700064071000855,48.868272572323093],[2.699454041887305,48.867389764964109],[2.698819611609214,48.866767777699934],[2.698063175508413,48.865467598706033],[2.696452698648641,48.86383028821583],[2.695135035763374,48.862883192007487],[2.694403000827115,48.862449769120786],[2.69508623343429,48.861791601263512],[2.695769466041465,48.861165531123177],[2.695330245079711,48.860956839336083],[2.695842669535092,48.859672563030848],[2.696330692825931,48.858227712798325],[2.696989524268566,48.855442244929939],[2.697111530091276,48.85508903332039]]}},
{"type":"Feature","properties":{"fid":237},"geometry":{"type":"LineString","coordinates":[[2.709702530994941,48.836590107051258],[2.708921693729598,48.837746490148163],[2.707799240160666,48.83768224734311],[2.707506426186162,48.838678001562826],[2.706774391249903,48.838967087789975],[2.70638397261723,48.839063449494937],[2.70638397261723,48.83922405192461],[2.705651937680971,48.839288292752286],[2.705505530693719,48.839994936419039],[2.704578286441122,48.839930696497625],[2.704578286441123,48.840476733203225],[2.704090263150285,48.840797928484683],[2.703260623555857,48.841376074800763],[2.703114216568604,48.842211163253388],[2.7052615190483,48.842725056918894],[2.704773495757459,48.845551377826517],[2.701747751354254,48.845165979822276],[2.699454041887306,48.844780578852124],[2.697550751053031,48.844138237310737],[2.69594027419326,48.845647726864136],[2.694622611307993,48.847799473737886],[2.693012134448221,48.84866656947505],[2.690864831968527,48.850208035933704],[2.691840878550206,48.852247194688729],[2.690523215664939,48.854077549924767]]}},
{"type":"Feature","properties":{"fid":238},"geometry":{"type":"LineString","coordinates":[[1.448564943389135,43.605812118553892],[1.444221536100659,43.609999509129629]]}},
{"type":"Feature","properties":{"fid":239},"geometry":{"type":"LineString","coordinates":[[1.475613634283929,43.572262722586331],[1.475174413322172,43.572740047781586],[1.472783099197057,43.574949837347766],[1.471001814185493,43.576134251175986]]}},
{"type":"Feature","properties":{"fid":240},"geometry":{"type":"LineString","coordinates":[[1.470074569932896,43.570172170450981],[1.468464093073124,43.569464990513126],[1.46778086046595,43.569906978947309],[1.465804366138048,43.569058358289048],[1.464779517227285,43.569588747601664],[1.464023081126484,43.569500349707241],[1.463803470645605,43.570614153695665],[1.460972935558736,43.572329017978561],[1.462778621734842,43.572558841439964],[1.463754668316521,43.573566518571518]]}},
{"type":"Feature","properties":{"fid":241},"geometry":{"type":"LineString","coordinates":[[1.461027838178955,43.572351116426439],[1.46024700091361,43.572740047781586],[1.45985658228094,43.572510225011669],[1.459832181116397,43.571767714684192],[1.45961257063552,43.571679319987837],[1.459441762483724,43.571820751439731],[1.45939296015464,43.572333437668775],[1.459295355496473,43.572687011835612],[1.459514965977351,43.572916833930854],[1.460320204407236,43.572775405052965],[1.460417809065405,43.57266933317657],[1.459514965977352,43.573305761632575],[1.458734128712008,43.572527903717429],[1.456733233219564,43.572580939803515],[1.456342814586892,43.572722369138098],[1.45619640759964,43.572580939803508],[1.455244762182502,43.572704690489459],[1.454073506284487,43.572810762303554],[1.453268267854603,43.573093619561206],[1.452316622437464,43.573411832388039],[1.451907902931387,43.573928924645493],[1.451297873817837,43.573699106412555],[1.449907007438944,43.575113358553423],[1.448442937566424,43.576651320057039],[1.447832908452874,43.576315446759288],[1.448491739895509,43.576651320057039],[1.446149228099476,43.579408945769103]]}},
{"type":"Feature","properties":{"fid":242},"geometry":{"type":"LineString","coordinates":[[1.451883501766845,43.573928924645514],[1.451200269159668,43.576103315290183],[1.449272577160851,43.575926538495082],[1.449174972502684,43.575926538495082]]}},
{"type":"Feature","properties":{"fid":243},"geometry":{"type":"LineString","coordinates":[[1.459496665103944,43.573292502775026],[1.45820340338322,43.574105707304817],[1.457129752143372,43.574494627328569],[1.455592478777227,43.573204110316617],[1.455543676448142,43.572938932163048],[1.455787688093562,43.572585359475255]]}},
{"type":"Feature","properties":{"fid":244},"geometry":{"type":"LineString","coordinates":[[1.456446519536196,43.593977188929301],[1.457032147485204,43.594383652883629],[1.456641728852532,43.595108212254218],[1.456690531181616,43.59632757296324],[1.45661732768799,43.597635265684922],[1.456446519536196,43.598571838951898]]}},
{"type":"Feature","properties":{"fid":245},"geometry":{"type":"LineString","coordinates":[[1.456592926523447,43.601001560117965],[1.456885740497952,43.601796720279907],[1.457129752143372,43.602521190388948],[1.457154153307913,43.603634383554663]]}},
{"type":"Feature","properties":{"fid":246},"geometry":{"type":"LineString","coordinates":[[1.45588529275173,43.606364270071765],[1.455446071789974,43.607230033447919],[1.454982449663677,43.608290134896848],[1.453957600752913,43.609279546059192]]}},
{"type":"Feature","properties":{"fid":247},"geometry":{"type":"LineString","coordinates":[[1.454348019385584,43.60952689630674],[1.453786792601119,43.609933255219403],[1.453152362323027,43.610869637044068],[1.452761943690356,43.611841338617921],[1.45366478677841,43.612194680752381]]}},
{"type":"Feature","properties":{"fid":248},"geometry":{"type":"LineString","coordinates":[[1.452249519234974,43.611315738352268],[1.452859548348524,43.611611665117302]]}},
{"type":"Feature","properties":{"fid":249},"geometry":{"type":"LineString","coordinates":[[1.459069644724461,43.601544920698991],[1.461973383304957,43.600997142532151],[1.464096284620109,43.60064373461644],[1.466609604567934,43.600643734616426],[1.46912292451576,43.600732086789982],[1.471880256109003,43.600873449997813],[1.474125163246867,43.600855779614989],[1.475857645929347,43.600785098031814],[1.477492523953662,43.600254983511412],[1.478785785674387,43.599565827652043],[1.481177099799502,43.598222834580042],[1.481762727748509,43.597303927311849],[1.482665570836564,43.59687981153192],[1.485715716404311,43.59571347772355],[1.48839984450393,43.594812204297092]]}},
{"type":"Feature","properties":{"fid":250},"geometry":{"type":"LineString","coordinates":[[1.460466611394489,43.605759111741556],[1.458636524053839,43.605405731798939]]}},
{"type":"Feature","properties":{"fid":251},"geometry":{"type":"LineString","coordinates":[[1.456952843700442,43.608007443003963],[1.458075297269374,43.608254798482896]]}},
{"type":"Feature","properties":{"fid":252},"geometry":{"type":"LineString","coordinates":[[1.457080949814288,43.609915587497689],[1.458130199889594,43.610392614162564]]}},
{"type":"Feature","properties":{"fid":253},"geometry":{"type":"LineString","coordinates":[[1.462735919696894,43.61106397861478],[1.461784274279756,43.611753002759926]]}},
{"type":"Feature","properties":{"fid":254},"geometry":{"type":"LineString","coordinates":[[1.437791829243847,43.599062208762859],[1.435034497650602,43.592541288850356],[1.434448869701593,43.592452924649528],[1.433228811474494,43.590809326864793],[1.430569084539417,43.591374870952684],[1.430642288033043,43.591816698573631],[1.429739444944989,43.592134812452294],[1.428861003021479,43.592682671301809],[1.42839738089518,43.591781352483302],[1.428812200692394,43.591657641003749],[1.429056212337814,43.591905063708587],[1.429812648438616,43.591816698573631],[1.430398276387623,43.591604621720357],[1.430471479881249,43.591357197780361],[1.430471479881249,43.591145119307896],[1.430959503172089,43.591021406520483],[1.430861898513921,43.59086234684878],[1.430495881045791,43.590880020166395],[1.430373875223081,43.591251158637554],[1.430105462413119,43.591127446068114],[1.429178218160524,43.591286505039228],[1.428812200692394,43.591463236736345],[1.428641392540599,43.591268831840971],[1.428250973907929,43.591410217281677],[1.427592142465295,43.591321851420162],[1.426738101706326,43.591445563589964],[1.425493642314683,43.590827000197969],[1.424859212036592,43.591109772823145],[1.427738549452546,43.59252361602055],[1.429397828641402,43.593654666664264],[1.430105462413119,43.594096477548348],[1.431520729956555,43.595793001201336]]}},
{"type":"Feature","properties":{"fid":255},"geometry":{"type":"LineString","coordinates":[[1.436587021744586,43.598918632430198],[1.436178302238508,43.599422252521109],[1.435562172833822,43.600000968648473],[1.435244957694775,43.600376468501565],[1.435366963517485,43.600438315311401]]}},
{"type":"Feature","properties":{"fid":256},"geometry":{"type":"LineString","coordinates":[[1.435257158277046,43.600385303763993],[1.434775235277342,43.600831482830131],[1.434494621885109,43.601052362331473],[1.434220108784011,43.601092120555585]]}},
{"type":"Feature","properties":{"fid":257},"geometry":{"type":"LineString","coordinates":[[1.436123399618287,43.599470847219159],[1.435879387972868,43.599355986960497],[1.435421866137704,43.599254379625854],[1.434049300632217,43.598962809799808],[1.433262363075738,43.598830277593621],[1.433201360164382,43.598825859848382]]}},
{"type":"Feature","properties":{"fid":258},"geometry":{"type":"LineString","coordinates":[[1.432409847389549,43.598891021557698],[1.432068231085962,43.598356472569193],[1.432001127883471,43.598047227184338]]}},
{"type":"Feature","properties":{"fid":259},"geometry":{"type":"LineString","coordinates":[[1.432001127883471,43.598232774605982],[1.431751015946916,43.598241610183223],[1.431690013035561,43.598555272334444],[1.431683912744425,43.598895439298133]]}},
{"type":"Feature","properties":{"fid":260},"geometry":{"type":"LineString","coordinates":[[1.430550783666006,43.599077670809045],[1.430617886868497,43.599448758724918],[1.430800895602561,43.599952374378582],[1.430929001716407,43.600129080626438],[1.430971703754356,43.600142333574119]]}},
{"type":"Feature","properties":{"fid":261},"geometry":{"type":"LineString","coordinates":[[1.43095340288095,43.598962809799794],[1.430020058337218,43.598980480738582],[1.429647940577951,43.599616631077851],[1.429062312628944,43.600482491565224],[1.428885404186014,43.600690119523712]]}},
{"type":"Feature","properties":{"fid":262},"geometry":{"type":"LineString","coordinates":[[1.430074960957437,43.598980480738582],[1.430483680463515,43.59848127472079],[1.430630087450768,43.598538705712436],[1.430648388324174,43.598684491829651],[1.430874099096188,43.598737504875608],[1.431044907247982,43.598737504875594],[1.43096560346322,43.598962809799822]]}},
{"type":"Feature","properties":{"fid":263},"geometry":{"type":"LineString","coordinates":[[1.430861898513917,43.597866097006566],[1.430483680463516,43.598480170278108]]}},
{"type":"Feature","properties":{"fid":264},"geometry":{"type":"LineString","coordinates":[[1.43054468337487,43.597768904979084],[1.430593485703956,43.597534759904555],[1.429940754552456,43.597441985189029]]}},
{"type":"Feature","properties":{"fid":265},"geometry":{"type":"LineString","coordinates":[[1.429708943489306,43.599547052462093],[1.42993465426132,43.599639823931874],[1.430196966780147,43.600306890764493],[1.430392176096483,43.600673553489486]]}},
{"type":"Feature","properties":{"fid":266},"geometry":{"type":"LineString","coordinates":[[1.43114251190615,43.601574739125432],[1.429898052514508,43.60175144060841],[1.428952507388504,43.601923724054643],[1.428177770414297,43.602065084462559],[1.428116767502941,43.601959064187767],[1.428061864882721,43.602082754490198],[1.427872755857521,43.60208717199631]]}},
{"type":"Feature","properties":{"fid":267},"geometry":{"type":"LineString","coordinates":[[1.428106091993453,43.604633810266776],[1.42817929548708,43.605791136696254],[1.42819149606935,43.606581816377968],[1.428508711208397,43.608218357784267],[1.4286124161577,43.608346452263689],[1.433196784946029,43.609767620124522],[1.433099180287862,43.61003705297972],[1.432971074174017,43.610257898682235],[1.433245587275114,43.610991100599342],[1.433269988439656,43.611066187038098]]}},
{"type":"Feature","properties":{"fid":268},"geometry":{"type":"LineString","coordinates":[[1.432147534870724,43.61147916077568],[1.432428148262956,43.611523328921976],[1.432605056705887,43.611558663415664],[1.432812466604493,43.61170441798275],[1.432910071262662,43.611836921828122],[1.43296497388288,43.612040093823992],[1.43288567009812,43.612115178953118],[1.433709209401413,43.611554246605095],[1.433758011730497,43.611364323443446],[1.433501799502806,43.611253902724883],[1.43361770503438,43.611121397595028],[1.433678707945735,43.610962391053867]]}},
{"type":"Feature","properties":{"fid":269},"geometry":{"type":"LineString","coordinates":[[1.437494440050992,43.60850546572064],[1.438439985176994,43.608010755807278],[1.439159819530983,43.607582298397887],[1.439684444568637,43.607290768931279]]}},
{"type":"Feature","properties":{"fid":270},"geometry":{"type":"LineString","coordinates":[[1.436860009772899,43.608978086569628],[1.437280929861251,43.608174187210864],[1.437543242380076,43.607639720702025],[1.437750652278683,43.607277517558316],[1.438555890708569,43.606469178287185]]}},
{"type":"Feature","properties":{"fid":271},"geometry":{"type":"LineString","coordinates":[[1.449179547721045,43.605455425978789],[1.449972585568661,43.605866229626621],[1.451503758643672,43.606577399201903]]}},
{"type":"Feature","properties":{"fid":272},"geometry":{"type":"LineString","coordinates":[[1.451515959225942,43.60657739920191],[1.452967828516192,43.607063286623656],[1.454126883831938,43.607447576623031],[1.455237136818598,43.607778859134697]]}},
{"type":"Feature","properties":{"fid":273},"geometry":{"type":"LineString","coordinates":[[1.451418354567775,43.607342670113958],[1.452778719490991,43.605823161633914],[1.453156937541392,43.605407940430013],[1.454198562252779,43.604239563259512]]}},
{"type":"Feature","properties":{"fid":274},"geometry":{"type":"LineString","coordinates":[[2.585265742268452,48.850171908360757],[2.583801672395931,48.853511591969713]]}},
{"type":"Feature","properties":{"fid":275},"geometry":{"type":"LineString","coordinates":[[2.585753765559291,48.877212125674369],[2.587949870368071,48.879073662925975],[2.586192986521049,48.880068594082438],[2.588389091329829,48.882347232806815],[2.58609538186288,48.883630927215776]]}},
{"type":"Feature","properties":{"fid":276},"geometry":{"type":"LineString","coordinates":[[2.5873703427102,48.885263578438128],[2.587223935722947,48.885632622434208],[2.58750454911518,48.886699625624054],[2.588102377646461,48.887742539070466],[2.589664052177148,48.887870896145195],[2.589139427139495,48.890066954426977],[2.589127226557225,48.890612444360428],[2.589237031797663,48.891567037423755],[2.590188677214801,48.892489526008305],[2.590518092936119,48.892882581190435]]}},
{"type":"Feature","properties":{"fid":277},"geometry":{"type":"LineString","coordinates":[[2.589612199702497,48.887890951908368],[2.59463883959815,48.888885707666958],[2.5948706506613,48.888251954269776],[2.594821848332215,48.887890951908368],[2.593089365649732,48.886607366848914],[2.593150368561087,48.886390758620948],[2.593772598256909,48.885977595880789],[2.593992208737787,48.885472168857504],[2.594089813395954,48.88507103266339],[2.5940288104846,48.884621756305918],[2.593882403497348,48.884148407205764],[2.594272822130021,48.88365098467947],[2.594736444256319,48.883642961694939],[2.595431877445765,48.883947834201727],[2.595907700154335,48.884108292669303],[2.596395723445175,48.884710007337532],[2.596664136255137,48.884854417780623],[2.597859793317696,48.884942668401663],[2.599104252709337,48.884790235412964],[2.599470270177468,48.884549550800571],[2.598726034658937,48.883594823760852],[2.598421020102161,48.883177626390861],[2.597274165368687,48.882128600319056],[2.597152159545977,48.881855809819825],[2.596664136255138,48.881326271073981],[2.5964689269388,48.881045452797458],[2.595346473369869,48.881454644618117],[2.595029258230822,48.881085569790635],[2.594919452990383,48.880836843914238],[2.594809647749944,48.880580093325051],[2.594321624459105,48.880283223813343]]}},
{"type":"Feature","properties":{"fid":278},"geometry":{"type":"LineString","coordinates":[[2.585393848382298,48.875577205540786],[2.585881871673137,48.876002490521103],[2.587065328153424,48.876443820168518],[2.588297586962796,48.876612326824926],[2.589041822481328,48.876588254480218],[2.589407839949457,48.876467892582752],[2.590042270227549,48.876764784739251],[2.59028628187297,48.876941314375358],[2.590664499923371,48.876885145922358],[2.591152523214211,48.877414731687487],[2.591530741264613,48.877896168426837],[2.591811354656845,48.878409695841555]]}},
{"type":"Feature","properties":{"fid":279},"geometry":{"type":"LineString","coordinates":[[2.585369447217754,48.875549120556329],[2.584881423926915,48.875003466300754],[2.584564208787869,48.874385585914126],[2.584430002382888,48.873695476720528],[2.585442650711382,48.873462763334516],[2.586760313596649,48.873157826914337],[2.587162932811593,48.872989308621548],[2.586577304862584,48.871681266380477],[2.588773409671365,48.87124791969169],[2.588797810835908,48.871191744846122]]}},
{"type":"Feature","properties":{"fid":280},"geometry":{"type":"LineString","coordinates":[[2.588477545551293,48.869839517031579],[2.592174321979408,48.869903718585022],[2.592125519650324,48.871444531154509],[2.592418333624826,48.872760604316305],[2.59328457496607,48.872624183706613],[2.593882403497349,48.872664307453974],[2.59438262737046,48.872712455908321],[2.595334272787598,48.87287295042146],[2.595871098407522,48.87288899984447]]}},
{"type":"Feature","properties":{"fid":281},"geometry":{"type":"LineString","coordinates":[[2.593919005244162,48.872672332199564],[2.594358226205918,48.87226306853244],[2.594602237851339,48.871548855290442],[2.594651040180422,48.871348231759065],[2.594956054737196,48.871332181841794]]}},
{"type":"Feature","properties":{"fid":282},"geometry":{"type":"LineString","coordinates":[[2.596112059907374,48.875817933332215],[2.596417074464149,48.876291361275982],[2.596685487274111,48.87761533089202],[2.597234513476306,48.87894728920535],[2.59813735656436,48.879990364325302],[2.599037149506848,48.881246037441571],[2.601294257226983,48.882834639407903],[2.602428911378187,48.883669036389946],[2.605259446465059,48.885558412718993],[2.605979280819049,48.885630616767671],[2.606503905856701,48.885614571432519],[2.606943126818459,48.885718866018955],[2.607650760590176,48.886200222829956],[2.608541403095959,48.886384741712327],[2.608858618235006,48.886015703266729],[2.60891962114636,48.88568677540016],[2.608980624057716,48.885526321997204],[2.608770164013541,48.885061004217299],[2.608196736646804,48.885197390911678],[2.607879521507757,48.884708001633996],[2.607952725001383,48.884507430874308],[2.607769716267319,48.88418651598559],[2.607940524419112,48.884090241117391],[2.608440748292224,48.884306859310172],[2.608831166924896,48.884290813550294],[2.609001975076689,48.884026057768978]]}},
{"type":"Feature","properties":{"fid":283},"geometry":{"type":"LineString","coordinates":[[2.609026376241232,48.884026057768978],[2.608989774494418,48.883817461317733],[2.608745762848999,48.883648978933458],[2.608196736646803,48.883568749027177],[2.607574506950983,48.883640955948628],[2.607367097052375,48.883255851162836],[2.608794565178084,48.882918882042659],[2.609856015835661,48.883328058536058],[2.610905265910968,48.883536657028607],[2.61142989094862,48.883616886986403],[2.611381088619536,48.884090241117406],[2.611637300847226,48.884667887546414],[2.61179590841675,48.885036935938487],[2.611466492695432,48.885245527303233],[2.609770611759763,48.885502253942342],[2.609099579734858,48.885550390040486],[2.608843367507167,48.884980776576263],[2.610063425734267,48.883303989423233],[2.611844710745835,48.883568749027177],[2.613198975377915,48.88327992029884],[2.615651292414388,48.882573887496093],[2.619585980196786,48.881528860423032],[2.619598180779058,48.881320253556019],[2.62109885239839,48.881400487069385],[2.621891890246006,48.881336300268984],[2.623185151966731,48.881432580438677],[2.623343759536256,48.881264090020103],[2.623648774093029,48.88129618347692],[2.623831782827095,48.881456650452137],[2.625979085306792,48.88164921014279],[2.627315049065468,48.880074611750963],[2.628730316608903,48.880644281095918],[2.629657560861499,48.881117663362019],[2.630792215012703,48.880331364934946],[2.631573052278047,48.879898093172436],[2.631975671492991,48.880154847262531],[2.632536898277456,48.880620210691497],[2.632732107593794,48.882393366145401],[2.63306152331511,48.882393366145401],[2.633683753010932,48.881149756912805],[2.634781805415321,48.879954258242279],[2.636544789553482,48.878177004384973],[2.638057661755086,48.876732688374844],[2.638740894362262,48.87585003028353],[2.639228917653103,48.875087722125805],[2.63979014443757,48.873655353800174],[2.639985353753906,48.873334369278858],[2.640009754918446,48.87302140738776],[2.640156161905698,48.87249177511206],[2.640400173551119,48.87186583883036]]}},
{"type":"Feature","properties":{"fid":284},"geometry":{"type":"LineString","coordinates":[[2.477382110544149,48.809906969174548],[2.477801021698611,48.810469292173387]]}},
{"type":"Feature","properties":{"fid":285},"geometry":{"type":"LineString","coordinates":[[2.479611050540865,48.808685880504498],[2.480239022948008,48.809761623303402]]}},
{"type":"Feature","properties":{"fid":286},"geometry":{"type":"LineString","coordinates":[[2.481656235484151,48.809406068912402],[2.482023122067737,48.81004267015372]]}},
{"type":"Feature","properties":{"fid":287},"geometry":{"type":"LineString","coordinates":[[2.48305231414754,48.809045847945455],[2.483430532197942,48.809656500087222]]}},
{"type":"Feature","properties":{"fid":288},"geometry":{"type":"LineString","coordinates":[[2.511616927389533,48.80713349444418],[2.51084829070646,48.807004930247984],[2.510704663408758,48.806815528505851]]}},
{"type":"Feature","properties":{"fid":289},"geometry":{"type":"LineString","coordinates":[[2.509396421416209,48.807012965519867],[2.509652633643901,48.80735044577785],[2.510848290706459,48.806996894974766],[2.511507122149093,48.806812083335657],[2.511616927389533,48.80713349444418]]}},
{"type":"Feature","properties":{"fid":290},"geometry":{"type":"LineString","coordinates":[[2.509872533876996,48.807285423462169],[2.510761624111644,48.807379534997089]]}},
{"type":"Feature","properties":{"fid":291},"geometry":{"type":"LineString","coordinates":[[2.513565970407326,48.806796012726153],[2.515762075216107,48.80750311467223]]}},
{"type":"Feature","properties":{"fid":292},"geometry":{"type":"LineString","coordinates":[[2.357535628339798,48.842113028779629],[2.358837424316523,48.842458942115954]]}},
{"type":"Feature","properties":{"fid":293},"geometry":{"type":"LineString","coordinates":[[2.3573279783037,48.842661251552009],[2.357042470346153,48.842973683999126],[2.356894335276428,48.843306778452714],[2.356956058222147,48.843440828034488],[2.356851129214425,48.843680491544042],[2.356437585478111,48.84380641597928],[2.355956146501506,48.843773919381142],[2.355362625362593,48.843742355388933],[2.355345089338891,48.843741422761909],[2.354943890191719,48.843782043532663]]}},
{"type":"Feature","properties":{"fid":294},"geometry":{"type":"LineString","coordinates":[[2.35646844695097,48.843798291831725],[2.356542514485833,48.844033891575819],[2.356789406268707,48.844046077739328],[2.357159743943018,48.844188249427916],[2.357388118842176,48.844375103033357]]}},
{"type":"Feature","properties":{"fid":295},"geometry":{"type":"LineString","coordinates":[[2.35691075660386,48.843269853908446],[2.35676471709042,48.843266157296505],[2.35653634219126,48.843331151130641],[2.356449930067254,48.843339275353969],[2.356474619245541,48.843258033061318],[2.356530169896689,48.843172728512165],[2.356474619245541,48.84307523742094],[2.356388207121536,48.843046802483599],[2.356184521400665,48.8430589888873],[2.356196865989808,48.843156480010137],[2.356104281571229,48.843258033061318],[2.356048730920084,48.843274281530363],[2.356048730920084,48.84321741186556],[2.356116626160374,48.843160542136147],[2.356116626160374,48.843095548080612],[2.356030214036367,48.843030553940736],[2.355925285028647,48.843010243254682],[2.35583887290464,48.843042740348359],[2.355795666842638,48.84310773447244],[2.355814183726353,48.843176790636853],[2.355875906672071,48.843209287622457],[2.355962318796077,48.843188977008914],[2.355993180268936,48.8431524178838],[2.355999352563509,48.843111796602386],[2.355906768144931,48.843095548080605],[2.355875906672071,48.843136169375185],[2.355919112734074,48.843164604261801],[2.355937629617789,48.843144293630147]]}},
{"type":"Feature","properties":{"fid":296},"geometry":{"type":"LineString","coordinates":[[2.356196865989808,48.843058988887293],[2.356122798454947,48.842998056839136],[2.355980835679793,48.84296555971649],[2.355820356020924,48.842981808280463],[2.355727771602347,48.843054926753055],[2.355715427013203,48.843168666387157],[2.355696910129487,48.843367710125278],[2.355703082424059,48.843404269093242],[2.355709241811708,48.84340400183649],[2.356264761230099,48.843379896450891],[2.35609810927666,48.843538318414041],[2.355943801912363,48.843745484840468],[2.355931457323217,48.843782043532663]]}},
{"type":"Feature","properties":{"fid":297},"geometry":{"type":"LineString","coordinates":[[2.355721599307774,48.843225536107326],[2.355826528315497,48.843294592109345],[2.355919112734074,48.843306778452714],[2.356042558625512,48.843286467878748],[2.35610428157123,48.843266157296505]]}},
{"type":"Feature","properties":{"fid":298},"geometry":{"type":"LineString","coordinates":[[2.354534975676335,48.842042429519012],[2.354207844064026,48.843659165600279],[2.354207844064026,48.843659165600279]]}},
{"type":"Feature","properties":{"fid":299},"geometry":{"type":"LineString","coordinates":[[2.353373970233995,48.844361764938398],[2.352942523676797,48.844966124521356]]}},
{"type":"Feature","properties":{"fid":300},"geometry":{"type":"LineString","coordinates":[[2.353269655289104,48.844503056730566],[2.353399273475113,48.84455992493551],[2.353522719366551,48.844673661151653],[2.353559753133981,48.844872698908368],[2.353498030188262,48.845039240096895],[2.353609131490557,48.84511641753307],[2.353707888203706,48.845100169661677],[2.353818989505999,48.845124541466816],[2.354010330637728,48.845039240096902]]}},
{"type":"Feature","properties":{"fid":301},"geometry":{"type":"LineString","coordinates":[[2.353263482994533,48.844490870678243],[2.35312152021938,48.844466498564721],[2.352862283847362,48.844490870678236],[2.352652425831919,48.844588359013734],[2.352670942715633,48.844738653159176],[2.352732665661353,48.8448239550411],[2.352732665661353,48.8448239550411],[2.352979557444227,48.844807707074764],[2.353010418917087,48.84477521112634],[2.353090658746519,48.844767087135963]]}},
{"type":"Feature","properties":{"fid":302},"geometry":{"type":"LineString","coordinates":[[2.512681507196512,48.806838067656123],[2.512434615413638,48.806187652063926],[2.511484082049571,48.806813677223644]]}},
{"type":"Feature","properties":{"fid":303},"geometry":{"type":"LineString","coordinates":[[2.581690846657188,48.828886229342494],[2.582122907277218,48.828910609037472],[2.582443866594955,48.82900000115081],[2.58292530557156,48.828398632952435],[2.583357366191591,48.827854144709505],[2.583777082222476,48.827407172327014],[2.584011629416208,48.827212128583369],[2.584246176609938,48.827138986983798],[2.584542446749387,48.827325904192769],[2.584702926408256,48.827650975938973],[2.584789338532262,48.82791915854208],[2.584937473601987,48.828024805840144],[2.585270777508867,48.827870398175556],[2.585530013880886,48.827707863277752],[2.585505324702599,48.828106072840903],[2.585357189632874,48.828268606447104],[2.585604081415748,48.829105646170049]]}},
{"type":"Feature","properties":{"fid":304},"geometry":{"type":"LineString","coordinates":[[2.584739960175686,48.827870398175541],[2.584344933323087,48.82818733970992],[2.584456034625382,48.828853723064121],[2.584456034625382,48.829032507334311],[2.584925129012843,48.829333188531969],[2.585480635524309,48.829357568009421]]}},
{"type":"Feature","properties":{"fid":305},"geometry":{"type":"LineString","coordinates":[[2.584394311679662,48.827293396902149],[2.583888183524771,48.827943538707565],[2.583505501261314,48.828780583860642],[2.583246264889297,48.829243797013028],[2.582542623308105,48.830088946818314]]}},
{"type":"Feature","properties":{"fid":306},"geometry":{"type":"LineString","coordinates":[[2.581518022409177,48.829918292717764],[2.581764914192049,48.829666373697542],[2.582271042346944,48.82952822401969],[2.583110474408717,48.829463212274803],[2.583838805168196,48.82952822401969],[2.58461651428425,48.829869534296591],[2.584999196547706,48.830105199559448]]}},
{"type":"Feature","properties":{"fid":307},"geometry":{"type":"LineString","coordinates":[[2.582431522005812,48.828983748051144],[2.583345021602448,48.829178784899099],[2.584048663183639,48.829316935540369],[2.584888095245411,48.829414453410777],[2.585060919493423,48.82932506203683]]}},
{"type":"Feature","properties":{"fid":308},"geometry":{"type":"LineString","coordinates":[[2.584875750656269,48.829430706370722],[2.584641203462537,48.829511971091407],[2.584554791338531,48.829853281478968]]}},
{"type":"Feature","properties":{"fid":309},"geometry":{"type":"LineString","coordinates":[[2.582406832827524,48.829016254245197],[2.582073528920644,48.829593235680264]]}},
{"type":"Feature","properties":{"fid":310},"geometry":{"type":"LineString","coordinates":[[2.585520755439028,48.829245828640218],[2.586915694012268,48.829294587668365],[2.587026795314561,48.82974966964278],[2.588335321763795,48.829644025981381],[2.588335321763796,48.829960956297391],[2.588471112244377,48.830416032219695],[2.588742693205539,48.830611063492547],[2.589335233484437,48.830806094006256]]}},
{"type":"Feature","properties":{"fid":311},"geometry":{"type":"LineString","coordinates":[[2.590174665546209,48.830692326298852],[2.589890739995905,48.829660278866861],[2.590742516646821,48.829668405307629],[2.590964719251408,48.829676531747083],[2.590890651716545,48.829148310441617],[2.591285678569145,48.828603830344832],[2.593223779064708,48.82927020816021],[2.594273069141925,48.829684658185208]]}},
{"type":"Feature","properties":{"fid":312},"geometry":{"type":"LineString","coordinates":[[2.59442737650622,48.828607893651053],[2.594489099451939,48.82788461995402],[2.594760680413102,48.827372633386055],[2.595451977405149,48.827055686698671],[2.596735814676097,48.826811880190434],[2.597303665776707,48.826876895375271],[2.598204820784198,48.82747828183637],[2.598389989621355,48.827632690709244],[2.60166130574444,48.827340126125755]]}},
{"type":"Feature","properties":{"fid":313},"geometry":{"type":"LineString","coordinates":[[2.607099097262249,48.838338566658429],[2.607259576921116,48.83803793950382],[2.607284266099404,48.837867312478316],[2.607148475618824,48.837477305666106],[2.606839860890231,48.837079170579933],[2.606802827122798,48.833853347182767],[2.614876188422792,48.835681610126684]]}},
{"type":"Feature","properties":{"fid":314},"geometry":{"type":"LineString","coordinates":[[2.616021149065872,48.841080690523412],[2.618625857375195,48.840690708730619]]}},
{"type":"Feature","properties":{"fid":315},"geometry":{"type":"LineString","coordinates":[[2.621526835823972,48.839975734224041],[2.624094510365864,48.839390747491159],[2.626106678396289,48.838952002957903],[2.62760037368268,48.838797628967399],[2.628587940814178,48.83862700452967],[2.629328616162801,48.838066377284889],[2.630124842162571,48.837095421053569],[2.630223598875721,48.836542901992907],[2.630272977232296,48.836112257910827],[2.63058159196089,48.835917248052134],[2.631606192859816,48.836461648675872],[2.632519692456452,48.836632280489411],[2.633260367805075,48.836632280489411],[2.633964009386268,48.836518526011623],[2.635124400765777,48.83651040068191],[2.635852731525256,48.836656656415315]]}},
{"type":"Feature","properties":{"fid":316},"geometry":{"type":"LineString","coordinates":[[2.638512990485727,48.836666813047628],[2.638685814733739,48.836764316612928],[2.638673470144597,48.837861218645251],[2.638908017338327,48.839413090859907],[2.639525246795513,48.839421215718815],[2.640858462423035,48.839819332190295],[2.642339813120282,48.839762458602408],[2.643919920530676,48.839404965999698],[2.644950693724178,48.839333873416606],[2.645172896328763,48.838781379045983],[2.645530889413933,48.838659504467387],[2.649123164854755,48.839065751909601],[2.649950252327385,48.839138876099312],[2.651357535489768,48.839398872353662],[2.652369791799553,48.839536994814871],[2.653542527768207,48.839772614604946]]}},
{"type":"Feature","properties":{"fid":317},"geometry":{"type":"LineString","coordinates":[[2.650305159265265,48.839157157130039],[2.648959599048601,48.839953391106292],[2.648589261374289,48.841480824936006],[2.648280646645695,48.842293270761175],[2.64679929594845,48.84278073193034],[2.645861107173526,48.843089454883582],[2.64520684394891,48.843422548567197],[2.644577269902579,48.84356878411873],[2.643947695856251,48.843593156669151],[2.642589791050441,48.843698770917193],[2.641281264601207,48.843739391722515],[2.640836859392033,48.843739391722515],[2.640182596167416,48.843430672775689],[2.639244407392493,48.842731986026941],[2.638022293067265,48.841594568144885],[2.638479042865582,48.841237088618527],[2.641392365903501,48.842073911687187],[2.641170163298912,48.841448326828861],[2.643947695856251,48.841675813135986],[2.644713060383161,48.841423953234674],[2.646169721902119,48.841480824936006],[2.647280734925055,48.84112334459779],[2.648058444041109,48.84112334459779],[2.648206579110833,48.840448999741064]]}},
{"type":"Feature","properties":{"fid":318},"geometry":{"type":"LineString","coordinates":[[2.64114238797334,48.843751577957697],[2.640883151601323,48.844019674381322],[2.640438746392149,48.844133411824416],[2.640142476252699,48.844425878349142],[2.6399449628264,48.84494581462031],[2.639661037276094,48.845408878317102],[2.63961165891952,48.845871937732092],[2.639266010423495,48.846156270338824],[2.638722848501171,48.846408106442304],[2.638130308222274,48.846733054381843],[2.637945139385118,48.84708237106512],[2.637537767943375,48.847529167922296],[2.637043984377625,48.847748503102402],[2.636365031974721,48.847886602537741],[2.636226155346854,48.847931281685256],[2.635917540618261,48.847898787763739],[2.635275621982788,48.848150615104032],[2.634707770882176,48.848280590009978],[2.634362122386152,48.848239972888102],[2.633423933611229,48.848467428346176],[2.633498001146093,48.848694882771042],[2.633411589022086,48.849019815871394],[2.632954839223769,48.849425979281676],[2.632831393332331,48.850092080142296],[2.632683258262607,48.850376388786941],[2.632917805456337,48.85073380307837],[2.632806704154045,48.851103399264609],[2.632646224495174,48.851387702166711],[2.632251197642576,48.851672003454496],[2.631658657363678,48.851842583452253],[2.631337698045941,48.851899443322367],[2.631090806263066,48.852061899738274],[2.630819225301904,48.852598002170751],[2.63076984694533,48.85289041925985],[2.631053772495635,48.853542259540525],[2.631164873797929,48.853818426071854],[2.631053772495636,48.854265162823594],[2.630880948247624,48.854720017965946],[2.630917982015054,48.855191113578059],[2.631695691131109,48.855548493499036],[2.632140096340283,48.855451026500873],[2.632880771688907,48.855410415195642],[2.633769582107254,48.85528045879748],[2.634646047936458,48.855288581082249],[2.63526636354093,48.855282489368804],[2.635389809432366,48.855168777248288],[2.635537944502091,48.855087554146927],[2.63632799820729,48.855168777248288],[2.637105707323344,48.855014453243029],[2.638093274454841,48.855168777248274],[2.638833949803464,48.855233755634487],[2.639624003508662,48.855136288023552],[2.640105442485269,48.855834801708653],[2.640253577554993,48.856200299171235],[2.640216543787561,48.856500817308024],[2.639932618237255,48.856825699750793],[2.639772138578386,48.857174946025118],[2.639315388780069,48.857239921807334],[2.639068496997196,48.857499824092763],[2.638759882268602,48.857629774729439],[2.638167341989705,48.857524189862836],[2.637747625958816,48.857540433702951],[2.637389632873649,48.857402360893872],[2.637105707323343,48.857288653588633],[2.636513167044446,48.857134336118399],[2.63652551163359,48.856622648471138],[2.636439099509583,48.856054100506427],[2.635068850114629,48.855842923903467],[2.633606016301099,48.855777946307967],[2.632112321014711,48.855834801708653],[2.630791449976332,48.855948512316331],[2.630186565108289,48.855875412669612],[2.629618714007678,48.856094711289472],[2.629705126131684,48.855623624180602],[2.629803882844834,48.855250000217879],[2.629766849077402,48.854364662739115],[2.629729815309971,48.853682373632843],[2.629766849077403,48.853089424357684],[2.630013740860277,48.852167496125929],[2.630260632643151,48.851883197651773],[2.630705037852326,48.851087153335712],[2.631433368611805,48.850071772320199],[2.631853084642692,48.8495925053276],[2.632322179030152,48.848443058167931],[2.632495003278164,48.847980022528006],[2.631704949572967,48.846818352866592],[2.631013652580918,48.846014104237263],[2.628196000108864,48.84348348009889]]}},
{"type":"Feature","properties":{"fid":319},"geometry":{"type":"LineString","coordinates":[[2.629004570697778,48.843158511073192],[2.630189651255575,48.844068419031423],[2.631127840030499,48.844832079022261],[2.63169569113111,48.845116417533085],[2.632473400247163,48.845222028568784],[2.633572068680955,48.845213904650855],[2.634325088618721,48.845222028568784],[2.635028730199912,48.845092045724009],[2.635399067874225,48.844856450957892],[2.635596581300524,48.845189532889201],[2.636152087811992,48.845100169661677],[2.636769317269179,48.844970186500582],[2.637337168369788,48.844913318761513],[2.637942053237831,48.844905194793526],[2.638386458447005,48.844921442728193],[2.638732106943028,48.845043302070231],[2.639053066260766,48.84497831045806],[2.63939871475679,48.845010806274651],[2.639818430787676,48.845246400314615]]}},
{"type":"Feature","properties":{"fid":320},"geometry":{"type":"LineString","coordinates":[[2.639559194415657,48.845890216305371],[2.639275268865352,48.845890216305378],[2.638954309547615,48.845695244513159],[2.638312390912142,48.845735863699147],[2.637547026385232,48.845817101972251],[2.636831040214896,48.846117682436855],[2.636436013362298,48.846328900062417],[2.635707682602818,48.846580735297721],[2.635362034106794,48.846913805760558],[2.635041074789056,48.846921929402697],[2.634794183006183,48.846816321951977],[2.634497912866733,48.847011289379381],[2.634102886014134,48.84709252558342],[2.633781926696398,48.847116896418939],[2.633189386417499,48.846946300321243],[2.632720292030037,48.846848816575935],[2.632288231410008,48.846751332640814],[2.631683346541966,48.846743208970992]]}},
{"type":"Feature","properties":{"fid":321},"geometry":{"type":"LineString","coordinates":[[2.772164770997491,48.857059207704154],[2.774880580609108,48.858781041417515],[2.777744525290452,48.860405358551937],[2.780312199832345,48.861834714027211],[2.783126766157113,48.861997138202916],[2.782040442312466,48.861997138202909],[2.782435469165064,48.864303504612238],[2.782867529785094,48.865342958951267],[2.783089732389682,48.866333668772356],[2.783237867459406,48.867551727735837],[2.782200921971333,48.868607354854596],[2.78281815142852,48.869468080484531],[2.783163799924544,48.870150154430505],[2.783953853629742,48.873515728417487],[2.785163623365826,48.872963611176424],[2.784867353226377,48.871648248494346],[2.784892042404665,48.870803799903875],[2.784521704730353,48.870300371847804],[2.782892218963382,48.869553340236273],[2.781904651831884,48.868790057287484],[2.780818327987237,48.869504620395915]]}},
{"type":"Feature","properties":{"fid":322},"geometry":{"type":"LineString","coordinates":[[2.651910307854116,48.847388338737922],[2.650416940452927,48.84935377155432]]}},
{"type":"Feature","properties":{"fid":323},"geometry":{"type":"LineString","coordinates":[[2.649330855070245,48.85053001641446],[2.650892102807852,48.850723573047603],[2.649987031655615,48.852033782888469],[2.650959983144269,48.852435772216019],[2.650530074346958,48.852956864688657],[2.65100523670188,48.853090859019275],[2.649670256752334,48.854907191232492],[2.651729293623668,48.855502695646116],[2.653041646794411,48.855815332627522],[2.652385470209039,48.856537367718005],[2.651616159729639,48.856641578108196],[2.650597954683374,48.856656465289049],[2.649738137088751,48.856611803733109],[2.648878319494127,48.856448044353776],[2.648674678484874,48.856343833560729]]}},
{"type":"Feature","properties":{"fid":324},"geometry":{"type":"LineString","coordinates":[[2.655960501260371,48.842571213162081],[2.658177925583347,48.840754433425289]]}},
{"type":"Feature","properties":{"fid":325},"geometry":{"type":"LineString","coordinates":[[2.654602894532017,48.839343405335931],[2.653109527130829,48.83806264885721],[2.654806535541271,48.83730311501197],[2.655372205011417,48.837020148478103],[2.655779487029924,48.836543569650111],[2.655824740587534,48.836201025816884],[2.656345156500071,48.835813799532772],[2.656639304624547,48.835337209227902],[2.657499122219171,48.834756358663569],[2.657453868661559,48.834309545954376],[2.657476495440365,48.833877623214093],[2.658064791689318,48.83337122629365],[2.658653087938271,48.832894612751538]]}},
{"type":"Feature","properties":{"fid":326},"geometry":{"type":"LineString","coordinates":[[2.657272854431112,48.830451897183409],[2.65899248962036,48.829811409370734],[2.658992489620359,48.828716603105448],[2.659807053657371,48.827956927557615],[2.659829680436177,48.827197240492623],[2.659784426878565,48.826795048560271],[2.660485857021548,48.826750360368528]]}},
{"type":"Feature","properties":{"fid":327},"geometry":{"type":"LineString","coordinates":[[2.657793270343648,48.833535061151579],[2.657159720537082,48.833803153399764],[2.656571424288129,48.834071244213327],[2.656005754817981,48.833981880768214],[2.655553219241864,48.833922305049576],[2.655259071117389,48.834130819754854],[2.65519119078097,48.83474146497079],[2.655123310444552,48.835232954494337],[2.654716028426046,48.835769119384267],[2.654172985734706,48.836037199677357],[2.653562062706947,48.836394637836491],[2.652792752227546,48.836409531037795],[2.652136575642176,48.836901004196186],[2.651525652614416,48.837079720512797],[2.650303806558898,48.837630758475335],[2.650100165549646,48.837913721559964],[2.65007753877084,48.838896633539399]]}},
{"type":"Feature","properties":{"fid":328},"geometry":{"type":"LineString","coordinates":[[2.616318384792457,48.842318059281588],[2.618151153875734,48.842169144636536],[2.619010971470357,48.842020229548687],[2.620097056853041,48.841826639272547],[2.621024754784081,48.841707506422999],[2.622540748964076,48.841350106174161],[2.623287432664671,48.841722398044709],[2.623966236028847,48.841945771838752],[2.624939187517501,48.842288276388011],[2.625369096314813,48.842526539040847],[2.626115780015406,48.842913713434235],[2.626817210158389,48.842958387210089],[2.628061682992712,48.843315775982425],[2.628333204338383,48.843509360502615]]}},
{"type":"Feature","properties":{"fid":329},"geometry":{"type":"LineString","coordinates":[[2.627071761419954,48.843028189905091],[2.626721046348463,48.843407914861814],[2.62652306203391,48.843683399793065],[2.626681449485552,48.844051951588042],[2.626613569149136,48.844208306075629],[2.626817210158388,48.844267869561548],[2.626455181697493,48.845120364190905],[2.625504856987647,48.845792298420569],[2.625306872673096,48.845848137424504],[2.625584050713467,48.846418622346995],[2.625832945280332,48.846999337681204],[2.625776378333317,48.847092400409956],[2.625414349872421,48.847196630460843],[2.625142828526753,48.847349252643916],[2.624792113455261,48.847349252643916],[2.624735546508246,48.847107290430515],[2.624809083539365,48.846872772092546],[2.624158563648697,48.846772263897194],[2.623394909863998,48.846601027247914],[2.623807848577204,48.845554981959296]]}},
{"type":"Feature","properties":{"fid":330},"geometry":{"type":"LineString","coordinates":[[2.622416301680643,48.845167827985023],[2.622444585154151,48.845432135349327],[2.622393674901837,48.845681550878616],[2.622105183472062,48.845841622877266],[2.622201347281988,48.846079868625409],[2.622280541007807,48.846247384488429],[2.622399331596539,48.846388841891923],[2.622625599384597,48.84645957044382],[2.623434506726908,48.846604749790004]]}},
{"type":"Feature","properties":{"fid":331},"geometry":{"type":"LineString","coordinates":[[2.623225209022953,48.844400956469421],[2.623530670536834,48.843533558515013],[2.623677744599071,48.843217122044898],[2.62405674314407,48.843246904386149],[2.624277354237427,48.842800167407894],[2.624933530822798,48.842874623847678],[2.625335156146601,48.842863455388766],[2.625493543598243,48.842610302985491]]}},
{"type":"Feature","properties":{"fid":332},"geometry":{"type":"LineString","coordinates":[[2.624820396928769,48.842256632044183],[2.624350891268545,48.842412992136744],[2.624294324321532,48.84280389023251]]}},
{"type":"Feature","properties":{"fid":333},"geometry":{"type":"LineString","coordinates":[[2.623660774514966,48.844204583355427],[2.624000176197055,48.843452588196833],[2.624435741689068,48.843549380286049],[2.624130280175189,48.844271592277089],[2.624605442530112,48.844357214657599],[2.624769486676455,48.843906764841073],[2.625199395473768,48.843973774161199],[2.624973127685708,48.844446559594246],[2.624435741689069,48.844357214657606]]}},
{"type":"Feature","properties":{"fid":334},"geometry":{"type":"LineString","coordinates":[[2.566335830410255,48.818488877340812],[2.56597380194936,48.818861339112026],[2.565747534161301,48.819218899808661],[2.566448964304285,48.819561559749523],[2.566607351755925,48.81933808614076],[2.566154816179807,48.818727253193238],[2.566403710746672,48.818369688989499],[2.564797209451453,48.819650948914045],[2.565770160940107,48.820142586469501]]}},
{"type":"Feature","properties":{"fid":335},"geometry":{"type":"LineString","coordinates":[[2.573327505061272,48.83045096624776],[2.571200587853518,48.832640479068118]]}},
{"type":"Feature","properties":{"fid":336},"geometry":{"type":"LineString","coordinates":[[2.578622171301851,48.829021028677118],[2.580183419039455,48.828633746895711],[2.58065858139438,48.828618851382807],[2.581722039998257,48.828916760799665]]}},
{"type":"Feature","properties":{"fid":337},"geometry":{"type":"LineString","coordinates":[[2.583238034178251,48.843556825823633],[2.586383156432269,48.843780191436174],[2.588713714649276,48.843690845310697],[2.591021646087476,48.843765300426348],[2.592469759931053,48.843735518393345],[2.593732423417467,48.843735522954205],[2.594596677138806,48.843735518393345],[2.596565206894919,48.843929101291089],[2.596452073000889,48.844599190158988],[2.595705389300294,48.845165035998399],[2.594641930696417,48.845894669880209],[2.59391787377463,48.845998902424107],[2.593510591756124,48.846460501081978],[2.593623725650153,48.847130556078774],[2.593103309737617,48.84745813525852],[2.593465338198512,48.84561175188179]]}},
{"type":"Feature","properties":{"fid":338},"geometry":{"type":"LineString","coordinates":[[2.596542580116112,48.843929101291067],[2.596700967567753,48.843482370398064],[2.597357144153125,48.843154765210585],[2.597832306508047,48.843005853053306],[2.598013320738495,48.8424101999965],[2.599008899005954,48.842291068535033],[2.599189913236401,48.842499548406643],[2.598918391890731,48.843809973442589],[2.598420602757,48.845909560256899]]}},
{"type":"Feature","properties":{"fid":339},"geometry":{"type":"LineString","coordinates":[[2.597933457394173,48.842075961577656],[2.598081201074913,48.840950820067498],[2.598073656129213,48.840916060056813]]}},
{"type":"Feature","properties":{"fid":340},"geometry":{"type":"LineString","coordinates":[[2.590322206972999,48.845472936849717],[2.589912933925988,48.846315321317618],[2.589686438988226,48.84694592326268],[2.589618785801512,48.847134278581478],[2.589709292916734,48.847432077902205],[2.589783739211912,48.847795956806131]]}},
{"type":"Feature","properties":{"fid":341},"geometry":{"type":"LineString","coordinates":[[2.591745703009265,48.847372518179753],[2.590110089138754,48.847277897382256],[2.589686666137928,48.84725339852227],[2.589234130561811,48.846985378256996],[2.588510073640022,48.846583345169236],[2.587695509603011,48.846568454992905],[2.586790438450776,48.846672686134355],[2.586179515423017,48.846806697283142],[2.585726979846898,48.846732246689221]]}},
{"type":"Feature","properties":{"fid":342},"geometry":{"type":"LineString","coordinates":[[2.58891735565853,48.847956944893518],[2.588623207534053,48.848195180577804],[2.58830643263077,48.848463194367824],[2.588532700418829,48.848552531979067],[2.589053116331363,48.848463194367824],[2.589528278686288,48.848433415128696],[2.5899581874836,48.848478083980787],[2.59056911051136,48.848269628996704],[2.591293167433148,48.848463194367824],[2.591609942336429,48.848165401179273],[2.591790956566877,48.847822936822993],[2.591834566379738,48.847363767972233]]}},
{"type":"Feature","properties":{"fid":343},"geometry":{"type":"LineString","coordinates":[[2.601135816213707,48.849535235182692],[2.600275998619083,48.849341673955735],[2.599529314918489,48.84914811198054],[2.597673919056408,48.848760985785411],[2.596587833673724,48.849207669591074],[2.595479121512237,48.849639460148808],[2.594279902235524,48.849431009999627],[2.593963127332242,48.84941612067005],[2.592831788391946,48.85019035993718],[2.592062477912547,48.849728795661392],[2.591745703009265,48.850026579552157],[2.591134779981505,48.85002657955215],[2.590523856953747,48.850086136117781],[2.590116574935241,48.850428584995456],[2.58984505358957,48.850532808102017],[2.588125418400321,48.850294583539636],[2.588012284506294,48.850473252067673]]}},
{"type":"Feature","properties":{"fid":344},"geometry":{"type":"LineString","coordinates":[[2.589822426810764,48.85047325206768],[2.5911121532027,48.850800809379848],[2.591971970797324,48.85077103153094],[2.593193816852842,48.850994364966169],[2.593985754111048,48.851098586895027],[2.59457405036,48.851411251379929]]}},
{"type":"Feature","properties":{"fid":345},"geometry":{"type":"LineString","coordinates":[[2.596203178434024,48.851623415454107],[2.5961126713188,48.852293401365003],[2.596655714010142,48.852412509032746],[2.596587833673724,48.85329091933157],[2.59776442617163,48.853305807508917],[2.597696545835212,48.854318193180369],[2.596995115692231,48.854720164165848],[2.598760004439089,48.854422408190246],[2.598895765111925,48.855538983967342],[2.598352722420583,48.855702746320503],[2.598149081411331,48.856610873283635],[2.595976910645965,48.858099570369781],[2.596791474682977,48.859015097091053],[2.595999537424772,48.860176228845852],[2.59584114997313,48.861024731171113],[2.596044790982383,48.861754133953085],[2.595818523194324,48.862677036524666],[2.594528796802389,48.864303238754182],[2.594234648677913,48.864839092444825],[2.593985754111046,48.865866129314313]]}},
{"type":"Feature","properties":{"fid":346},"geometry":{"type":"LineString","coordinates":[[2.588713714649276,48.859376092861737],[2.589098369888976,48.85961427421266],[2.593374831083288,48.860239494866391],[2.59446091646597,48.860462786064339],[2.594347782571942,48.861236854504902],[2.595886403530742,48.860879593635261]]}},
{"type":"Feature","properties":{"fid":347},"geometry":{"type":"LineString","coordinates":[[2.584210985666904,48.852624668864046],[2.587265600805699,48.852728887399273],[2.587084586575253,48.853845500947784],[2.58830643263077,48.853964604923057],[2.590139201714046,48.856019103894731],[2.589822426810764,48.857061208822905],[2.588804221764498,48.859502626845526]]}},
{"type":"Feature","properties":{"fid":348},"geometry":{"type":"LineString","coordinates":[[2.570001368576808,48.850730086959757],[2.572580821360678,48.852174293413889]]}},
{"type":"Feature","properties":{"fid":349},"geometry":{"type":"LineString","coordinates":[[2.569503579443079,48.849241170715828],[2.571607869872025,48.849509178907269],[2.571132707517101,48.850774753763019],[2.571064827180685,48.851355418579402]]}},
{"type":"Feature","properties":{"fid":350},"geometry":{"type":"LineString","coordinates":[[2.57135897530516,48.850342972995598],[2.572083032226949,48.850566308340191],[2.571834137660086,48.851712747426923]]}},
{"type":"Feature","properties":{"fid":351},"geometry":{"type":"LineString","coordinates":[[2.572182729706836,48.837085481449925],[2.572310712600102,48.838365809779461],[2.572475142967851,48.838955543884111],[2.572796119640547,48.839220790586666]]}},
{"type":"Feature","properties":{"fid":352},"geometry":{"type":"LineString","coordinates":[[2.575952211402756,48.841576273815448],[2.577377698467527,48.841323114905968],[2.578328023177375,48.841233764397124],[2.579074706877968,48.841308223165555]]}},
{"type":"Feature","properties":{"fid":353},"geometry":{"type":"LineString","coordinates":[[2.578011248274092,48.84249954840665],[2.578175151946685,48.841967215060706],[2.577830234043645,48.841203980858737],[2.577490832361555,48.840265790334257],[2.5774527644296,48.839958525692275],[2.577840178793696,48.839624690060255],[2.57814851185653,48.839554674022068],[2.57822314969821,48.839839352296444],[2.578409201722852,48.839667327572521],[2.57839590351379,48.839461613040413],[2.579052080099162,48.839491397614879]]}},
{"type":"Feature","properties":{"fid":354},"geometry":{"type":"LineString","coordinates":[[2.584957669367498,48.840396095624669],[2.584573014127799,48.839874872429085],[2.585138683597946,48.838445203822573],[2.585636472731674,48.838192029087288],[2.586179515423016,48.840098254462781]]}},
{"type":"Feature","properties":{"fid":355},"geometry":{"type":"LineString","coordinates":[[2.593465338198512,48.839074411960787],[2.593985754111048,48.840548738533698],[2.593872620217017,48.84104017108109],[2.592757453314547,48.84168416373479]]}},
{"type":"Feature","properties":{"fid":356},"geometry":{"type":"LineString","coordinates":[[2.590167708912771,48.840574436295334],[2.590727497963001,48.840995495594235],[2.591157406760311,48.841263547917777],[2.591768329788069,48.841442248669821],[2.592757453314547,48.84168416373479]]}},
{"type":"Feature","properties":{"fid":357},"geometry":{"type":"LineString","coordinates":[[2.586281148782907,48.84043120186859],[2.585828696757395,48.840453769924814],[2.585059144020772,48.840444882723901],[2.584957669367498,48.840396095624669]]}},
{"type":"Feature","properties":{"fid":358},"geometry":{"type":"LineString","coordinates":[[2.585828696757395,48.840453769924814],[2.585476911031876,48.840872410475292],[2.585037575807812,48.841395227678916],[2.584636821609481,48.841872121966212]]}},
{"type":"Feature","properties":{"fid":359},"geometry":{"type":"LineString","coordinates":[[2.585476911031876,48.840872410475292],[2.586214368030788,48.840939789233786]]}},
{"type":"Feature","properties":{"fid":360},"geometry":{"type":"LineString","coordinates":[[2.585037575807812,48.841395227678916],[2.585341282845688,48.841900228473627]]}},
{"type":"Feature","properties":{"fid":361},"geometry":{"type":"LineString","coordinates":[[2.58396209110004,48.842518162638697],[2.583011766390192,48.84516875864724]]}},
{"type":"Feature","properties":{"fid":362},"geometry":{"type":"LineString","coordinates":[[2.576223732748427,48.849907466208379],[2.576879909333797,48.850264805389649],[2.577581339476779,48.850547697099536],[2.578214889283344,48.851024142682277],[2.57823751606215,48.851262363773493],[2.577287191352303,48.851991908814604],[2.577015670006632,48.852483229076405],[2.577060923564244,48.852989432788142],[2.577400325246332,48.853450967005806],[2.57746820558275,48.853957160932893],[2.577626593034392,48.85438891053213],[2.578373276734987,48.854597340040506],[2.579527242454087,48.854627115613717],[2.580319179712292,48.854790880949828],[2.58027392615468,48.85516307290321]]}},
{"type":"Feature","properties":{"fid":363},"geometry":{"type":"LineString","coordinates":[[2.5876502560454,48.862677036524666],[2.588826848543305,48.862915202167599],[2.588148045179128,48.864597214753225]]}},
{"type":"Feature","properties":{"fid":364},"geometry":{"type":"LineString","coordinates":[[2.564548314884589,48.865601929814467],[2.567037260553235,48.86582519708876],[2.568304360166366,48.866033578979383],[2.569458325885466,48.866316381585875],[2.570748052277401,48.866881982004259],[2.572603448139483,48.868013163662603],[2.573395385397691,48.868578744902585]]}},
{"type":"Feature","properties":{"fid":365},"geometry":{"type":"LineString","coordinates":[[2.57531866159619,48.86683732957205],[2.576698895103349,48.867090359494284],[2.581586279325422,48.867358272135007],[2.585251817491975,48.867507111871163],[2.58846482008241,48.867685718970165],[2.597968067180883,48.868117350160851]]}},
{"type":"Feature","properties":{"fid":366},"geometry":{"type":"LineString","coordinates":[[2.58808016484271,48.868511768510508],[2.590184455271658,48.869895929061826]]}},
{"type":"Feature","properties":{"fid":367},"geometry":{"type":"LineString","coordinates":[[2.607199792933684,48.867793627116875],[2.611883536146503,48.867421529076971],[2.616589906138127,48.866930355427499],[2.622223974060794,48.866588019426757],[2.622540748964076,48.866007531290506],[2.623310059443476,48.865397267271312],[2.634713955961642,48.863756215526799]]}},
{"type":"Feature","properties":{"fid":368},"geometry":{"type":"LineString","coordinates":[[2.632790679763142,48.864039031003145],[2.633016947551202,48.864857698372674],[2.634555568510001,48.865021430239494],[2.635709534229102,48.865125622966758],[2.638492628022225,48.864898631389593],[2.640031248981026,48.864913516114719],[2.64111733436371,48.865002824372503],[2.642067659073556,48.864898631389593],[2.642407060755644,48.86474978389483]]}},
{"type":"Feature","properties":{"fid":369},"geometry":{"type":"LineString","coordinates":[[2.638062719224914,48.858691315164471],[2.63758755686999,48.858869953727776],[2.636908753505815,48.859405865592585],[2.636388337593278,48.859123023934501],[2.635732161007907,48.858929499773886],[2.634487688173584,48.858974159261969],[2.633333722454483,48.859212342525517],[2.632406024523442,48.859420751951347],[2.631500953371206,48.859242115353744],[2.630776896449418,48.858884840245928],[2.62966818428793,48.858721088302637],[2.62874048635689,48.858691315164464],[2.627812788425848,48.858750861423083],[2.62631942102466,48.858825294146726],[2.624848680402277,48.858765747976662]]}},
{"type":"Feature","properties":{"fid":370},"geometry":{"type":"LineString","coordinates":[[2.618400048442598,48.859271888164265],[2.617992766424093,48.859748250724465],[2.617675991520811,48.860373469704683],[2.617472350511557,48.860834935847258],[2.616838800704993,48.861326169323846],[2.616205250898427,48.86166854132],[2.615164419073356,48.861761576783842],[2.61425934792112,48.862178373538953],[2.613512664220527,48.862595166823127],[2.612109803934563,48.863011956636342],[2.61014127417845,48.863652019948447],[2.609847126053973,48.864306959980169],[2.609258829805021,48.864619541973738],[2.608512146104426,48.864947006730063],[2.606611496684732,48.86582519708876]]}},
{"type":"Feature","properties":{"fid":371},"geometry":{"type":"LineString","coordinates":[[2.345220584137948,48.861720176023617],[2.343964797914213,48.859866875461478],[2.345640625203825,48.859325728538963],[2.346431116804072,48.859070456147393],[2.346216162405416,48.85880994240636],[2.345955954449145,48.858527097380879],[2.345820193776309,48.85824425075716],[2.347155173725866,48.857872081711939],[2.346883652380193,48.857297075096994],[2.347030726442432,48.857140761477297],[2.346476370361684,48.856173094872688],[2.347743469974823,48.855823241573255],[2.347223054062284,48.855032340794629],[2.347833977090047,48.854861132392656],[2.346793145264969,48.853048520571406],[2.348094185046317,48.852266881259531],[2.347733007639129,48.851613323694245],[2.347732156585419,48.851611783674862],[2.348678008652093,48.850412619851284],[2.349494104101411,48.850431509751822],[2.350420926068978,48.851419171766089],[2.350865965450057,48.851252593008596],[2.351341127804985,48.851118593758088],[2.351748409823494,48.851855585197846],[2.352178318620807,48.851736476205168],[2.352348019461854,48.852041692431627],[2.352155691842003,48.852503235386202],[2.35211043828439,48.85337420001639],[2.351974677611554,48.85373523646787],[2.351544768814239,48.854219095670445],[2.351092233238118,48.854695506316162],[2.35024372903289,48.855112361912163],[2.350809398503043,48.855834407141863],[2.351431634920209,48.857512935959832],[2.35019847547528,48.857885107675273],[2.350730204777222,48.858830411392219],[2.350240567381909,48.85900211085147],[2.349744566003435,48.859176038723312],[2.34949496709003,48.859263561865546],[2.348902647677084,48.859471258424875],[2.348685431755503,48.859547423939318],[2.348071558267511,48.859762671785802],[2.348273898955436,48.860185805065107],[2.348388333170796,48.860425105744369],[2.346691324760341,48.860581409107901],[2.346498736731629,48.860373998878387]]}},
{"type":"Feature","properties":{"fid":372},"geometry":{"type":"LineString","coordinates":[[2.370851067830502,48.845838365603043],[2.371993720160207,48.84670200110353]]}},
{"type":"Feature","properties":{"fid":373},"geometry":{"type":"LineString","coordinates":[[2.370069944211066,48.846388679891277],[2.371695319013048,48.847397326615692]]}},
{"type":"Feature","properties":{"fid":374},"geometry":{"type":"LineString","coordinates":[[2.370489039369605,48.846925352688174],[2.371643005088713,48.847617736269704]]}},
{"type":"Feature","properties":{"fid":375},"geometry":{"type":"LineString","coordinates":[[2.365132086122143,48.844141815016798],[2.368124540984373,48.842009526259375],[2.370896321388114,48.843602895062467],[2.371057072282847,48.843701752107826],[2.372276554895284,48.844451678309476],[2.371699572035729,48.84483883782017]]}},
{"type":"Feature","properties":{"fid":376},"geometry":{"type":"LineString","coordinates":[[2.211794360638929,48.706084164877524],[2.210723634039429,48.706246334171539],[2.210583210878838,48.706744422307132],[2.211022033255682,48.707288838583665],[2.211004480360609,48.707624752071425],[2.211531067212822,48.707995412628122],[2.211847019324151,48.708122826563873],[2.211495961422675,48.708099660417759],[2.211969889589668,48.708447151490155],[2.211671490373413,48.708551398343957],[2.211267773786715,48.708759891403673],[2.211004480360609,48.70910737791683],[2.211618831688192,48.709327451467402],[2.211425749842379,48.709582272270858],[2.21137309115716,48.709883422465765],[2.212759769867988,48.709897900795099],[2.212812428553209,48.711809003700296],[2.210618316668986,48.711959572359568],[2.210477893508395,48.712086976257794],[2.210442787718247,48.712341783086408],[2.210390129033026,48.712666080820142]]}},
{"type":"Feature","properties":{"fid":377},"geometry":{"type":"LineString","coordinates":[[2.430303725137668,48.847231466797908],[2.430770658108452,48.847498309794467],[2.430888658254791,48.847565743822962]]}},
{"type":"Feature","properties":{"fid":378},"geometry":{"type":"LineString","coordinates":[[2.430770658108452,48.847498309794467],[2.430666559590017,48.847507860515144],[2.430558808752654,48.847439847543015],[2.430446659921926,48.847413799997291],[2.430000263595701,48.847413799997291],[2.429699001050415,48.847402223305949],[2.429467556649747,48.847399329132692],[2.429212473034763,48.847431165029256],[2.429067339253822,48.847458659650947],[2.429026156807756,48.84748101809349]]}},
{"type":"Feature","properties":{"fid":379},"geometry":{"type":"LineString","coordinates":[[2.509531268278453,48.812163865756474],[2.509312211991771,48.811667692940759],[2.509306409198487,48.811654549203631],[2.510514860494496,48.811530526843001]]}},
{"type":"Feature","properties":{"fid":380},"geometry":{"type":"LineString","coordinates":[[2.426271859061449,48.846664668676624],[2.426338549600994,48.846541090640876],[2.426139794243007,48.845676613329644]]}},
{"type":"Feature","properties":{"fid":381},"geometry":{"type":"LineString","coordinates":[[2.507276682137321,48.804413834048468],[2.507215098491135,48.804013293612456]]}},
{"type":"Feature","properties":{"fid":382},"geometry":{"type":"LineString","coordinates":[[2.506772122144577,48.804064042449916],[2.505960103102435,48.802246685415689],[2.50317094131815,48.798372359968234]]}},
{"type":"Feature","properties":{"fid":383},"geometry":{"type":"LineString","coordinates":[[2.502809605537013,48.797890653410406],[2.492996192972412,48.801884261207221]]}},
{"type":"Feature","properties":{"fid":384},"geometry":{"type":"LineString","coordinates":[[2.489946972133048,48.799096378873365],[2.489783791676299,48.799297881960321],[2.489370027032653,48.799643912643923],[2.489237275609428,48.799656371029499],[2.489199678460921,48.799635947874997],[2.489157738092795,48.799661207875957],[2.489013109869203,48.799706112516617],[2.48861207371716,48.799709179185953],[2.488601877360564,48.799500290080786]]}},
{"type":"Feature","properties":{"fid":385},"geometry":{"type":"LineString","coordinates":[[2.489947118076134,48.799068146666777],[2.491743916252938,48.799009769560335],[2.491819811811693,48.799559685052934],[2.492313132943607,48.800047105108526],[2.494305391360955,48.799059762126987],[2.496013041432967,48.800659497951607]]}},
{"type":"Feature","properties":{"fid":386},"geometry":{"type":"LineString","coordinates":[[2.497341213711198,48.800122092388968],[2.497834534843112,48.800597009228539],[2.497967352070936,48.800871959027724],[2.497967352070936,48.801221892955958],[2.499935477814254,48.800408356663588]]}},
{"type":"Feature","properties":{"fid":387},"geometry":{"type":"LineString","coordinates":[[2.500760591755183,48.801260335667472],[2.501060096090246,48.801909256064313],[2.501145958422212,48.802017223759037],[2.501268808876825,48.802171701311579],[2.501626553895893,48.802569954075729],[2.501941788839921,48.802912496833152],[2.502103660023141,48.803196474364626],[2.502119341270692,48.803361577390554],[2.502064546126603,48.803520487169024],[2.502000163625745,48.803698184242123]]}},
{"type":"Feature","properties":{"fid":388},"geometry":{"type":"LineString","coordinates":[[2.505807868453616,48.804084438543306],[2.505841516291879,48.805061632554832],[2.505860490181569,48.806011368195044],[2.505841516291879,48.806998574334642]]}},
{"type":"Feature","properties":{"fid":389},"geometry":{"type":"LineString","coordinates":[[2.513768312106688,48.808084617245484],[2.514032453971154,48.808370070943425],[2.51421570335981,48.808427941887977],[2.514464368140005,48.808426911866412],[2.514792794998106,48.808377578824825],[2.515427291418391,48.808208442181815],[2.515684111398029,48.808158696001748],[2.515865396089538,48.808268137532714],[2.516135052890598,48.808623317911639]]}},
{"type":"Feature","properties":{"fid":390},"geometry":{"type":"LineString","coordinates":[[2.485397619344583,48.804825877802998],[2.485862779644724,48.804959913015779],[2.486111101687303,48.805015233815077]]}},
{"type":"Feature","properties":{"fid":391},"geometry":{"type":"LineString","coordinates":[[2.487359085413142,48.805215044838789],[2.487781375963198,48.805288257835954],[2.488929512342759,48.805437504770843],[2.489564008763041,48.805537002480683],[2.489775507569803,48.805686248675286],[2.491150249813749,48.805875293217461]]}},
{"type":"Feature","properties":{"fid":392},"geometry":{"type":"LineString","coordinates":[[2.487600408233056,48.804851751476242],[2.488476300613984,48.805089261231885],[2.489730186396926,48.805248458578347],[2.492071780328922,48.805576801509339],[2.492676062633953,48.80574594702874],[2.493355880227115,48.806084236356071],[2.494292517799913,48.806233480922053],[2.496588790559033,48.806551867844988],[2.498582922165637,48.806840404247858],[2.50089786021909,48.807172059291169]]}},
{"type":"Feature","properties":{"fid":393},"geometry":{"type":"LineString","coordinates":[[2.506759880499792,48.808151654567986],[2.507898885272737,48.808691115216504]]}},
{"type":"Feature","properties":{"fid":394},"geometry":{"type":"LineString","coordinates":[[2.471025371977434,48.80675904606516],[2.47243845835624,48.806149560370727],[2.472963479897814,48.805965440193084],[2.473091928232987,48.806164851343425],[2.473490099449203,48.806076774116107],[2.474087019198624,48.80594965360811],[2.474751538760955,48.805808132738051],[2.476602153320116,48.805469841548188],[2.477863592631868,48.805290745288524],[2.480709384612128,48.805019612233892],[2.480958651062952,48.805014637301767],[2.481185256927338,48.805243483668889],[2.481532719252732,48.805800670457018],[2.483096299717001,48.805367856256481],[2.483647707320342,48.805218609114348],[2.484094045725361,48.805164228474936],[2.484552845764434,48.805108327686526]]}},
{"type":"Feature","properties":{"fid":395},"geometry":{"type":"LineString","coordinates":[[1.118012900429546,49.441780755025171],[1.117912318292432,49.441911555960516],[1.117476462364933,49.441966056247246],[1.11665504157849,49.442053256580046],[1.116286240409069,49.441987856344987],[1.116152130892917,49.441933356082473]]}},
{"type":"Feature","properties":{"fid":396},"geometry":{"type":"LineString","coordinates":[[1.113302303674652,49.442107756709312],[1.113134666779459,49.442347556558374],[1.112765865610039,49.442402056360535],[1.112380300751097,49.44224945676185],[1.1122964823035,49.442118656727878]]}},
{"type":"Feature","properties":{"fid":397},"geometry":{"type":"LineString","coordinates":[[1.111592407343694,49.442162256777976],[1.111659462101771,49.441606353235336],[1.111206842484753,49.441606353235336],[1.110318366940235,49.441584552967996],[1.109061090226296,49.441693554207795],[1.108038505165624,49.441715354426677],[1.107351193895338,49.441769854931493],[1.107049447483992,49.441846155536446],[1.106077153491879,49.441802555205307],[1.105121623189285,49.441758954835358],[1.104350493471402,49.44175895483535],[1.104132565507653,49.441715354426677],[1.103931401233421,49.44159545310287],[1.10357936375352,49.441737154635859],[1.103327908410731,49.441737154635859],[1.103361435789769,49.442107756709305],[1.102674124519482,49.442129556744021],[1.10252325131381,49.442216756786067],[1.102338850729098,49.442336656590676],[1.102003576938715,49.442467456043154],[1.102003576938714,49.442565555403547],[1.101567721011216,49.442794453147897],[1.101383320426505,49.442827152738431],[1.101249210910351,49.442696354245435],[1.10106481032564,49.442532855638568],[1.100813354982852,49.442369356486516],[1.100578663329582,49.442173156784449],[1.100260153228719,49.442075056639005],[1.099656660406027,49.442194956790104],[1.099438732442277,49.442238556772352],[1.099338150305163,49.442064156610741],[1.098567020587279,49.442391156404931],[1.097997055143627,49.442532855638575],[1.09668948736113,49.442750853659923],[1.095516029094787,49.442987925408069],[1.096119521917476,49.443979799372649],[1.095398683268152,49.444088795288053],[1.095666902300458,49.444601072844819],[1.095180755304402,49.444622871771067],[1.094811954134979,49.444241389162514],[1.093940242279982,49.444393982562104],[1.093739078005751,49.444404882072476],[1.094024060727577,49.444982552654906],[1.094208461312288,49.44525503641637],[1.092641056342244,49.445448498967721],[1.092037563519553,49.445601088610587],[1.091149087975035,49.445851770564346],[1.090813814184651,49.445862669750689],[1.090277376120037,49.445851770564346],[1.089841520192538,49.445753677778569],[1.08940566426504,49.445601088610601],[1.088986572027059,49.445513894587108],[1.088232205998695,49.445481196788343],[1.088232205998696,49.445426700408561],[1.086438491220141,49.445753677778569],[1.088106478327302,49.443576512378982],[1.088240587843455,49.443358518028361],[1.088106478327301,49.443336718539982],[1.087771204536917,49.443118723123305],[1.088225780105533,49.442820324978918],[1.088387685185427,49.442722544117807],[1.08868546246357,49.442542703117184],[1.088348450861829,49.441869950102181],[1.08789595989439,49.441908444630378],[1.087622176428582,49.441931735218695],[1.087069947222579,49.442012544893281],[1.086926594197277,49.44183935191419],[1.087439499222952,49.441473041797018],[1.088532283196477,49.440953097559238],[1.088905490256384,49.44132322861433],[1.089124397375473,49.441815049208131],[1.089608608441856,49.442221522022102],[1.090482370548226,49.441885311115989],[1.090823332091023,49.442452307700613],[1.091581798109947,49.442195664962448],[1.092299515244923,49.442027908970921],[1.091839217673442,49.441312526216173],[1.091029960908744,49.441592788010304],[1.090545338608144,49.440860737263215],[1.090953840550754,49.440746357036303],[1.091453480039635,49.440606455783367],[1.092448887652774,49.440270622178943],[1.092737568344853,49.440642747968418],[1.093038588720743,49.441030773688617],[1.093876515673988,49.440772762491015],[1.093896180227519,49.440766707356872],[1.094178094587068,49.440679899419486],[1.094111226385734,49.440463152189622],[1.094891326934986,49.440210899174595],[1.094118517815325,49.440434779004939],[1.094035473288202,49.440233547141666],[1.094846239763875,49.43982712814686],[1.095040456763045,49.438794950863382],[1.095633556712708,49.438704573926081],[1.095726591109484,49.438129663712196],[1.09630876286245,49.437490717015265],[1.095608628263717,49.435835536492881],[1.091914547762235,49.433807613832421],[1.090850409576657,49.43389664884365],[1.089283814029586,49.434409137453194],[1.090350290424842,49.435939908663549],[1.09034154035736,49.436175815199299],[1.089909083972298,49.43673061559776],[1.087750053449796,49.437358521731518],[1.084672753515435,49.438253392409401],[1.080485528641969,49.439416133352374],[1.08180452647629,49.440865513220729],[1.082501956397319,49.441242836161621],[1.083355269065846,49.442127267521904],[1.083937966861101,49.442234163772675],[1.084543185634239,49.44274228015],[1.085371929634273,49.442275162622472],[1.086175914234875,49.443171855697457],[1.08636535056686,49.443383130720058],[1.086630423597622,49.443678758538368],[1.087823065710723,49.443160399123776],[1.088722594869249,49.443475760503766],[1.091052278716689,49.442926477201276],[1.094793363918442,49.442014780927373],[1.094606181521656,49.441676084743811],[1.097950547485478,49.440686828025356],[1.097627705245769,49.439965487313827],[1.098079703776564,49.439936477743146],[1.098340864315682,49.439919715499151],[1.09797624226242,49.439653526317237],[1.09726323429248,49.44003301441407],[1.096554727379234,49.440290477871564],[1.095567855909594,49.440649371183191],[1.094959733098015,49.440892125591915],[1.094618997541412,49.440992575956315],[1.09437913543267,49.440728339485275],[1.093901477636495,49.440818493197995],[1.094106071096893,49.441094879596683],[1.0943769845648,49.44146085282236],[1.09331718332912,49.441765673848465],[1.092398062706009,49.441979099123479],[1.093074914011922,49.443251369162013],[1.093132997269243,49.443368270362619],[1.09654844269744,49.442485983626945],[1.097164528818419,49.443716576159716],[1.098421701666718,49.443475867238114],[1.098688808637345,49.444017261074052],[1.099114201239431,49.444666950864566],[1.097279051545504,49.445346251068827],[1.097742166313672,49.445988398258777],[1.09818969266212,49.446518484201647],[1.098292326030459,49.446640049543632],[1.098637912297059,49.44708500174125],[1.098939607270298,49.447366476638273],[1.098939607270298,49.447366476638273],[1.099665971128686,49.447980189818452],[1.09894571640211,49.448215099015393],[1.096597268803122,49.447242180694879],[1.096201934764385,49.447130153940371],[1.095225061871642,49.446203182183361],[1.095054309182216,49.446094684135808],[1.094625905176477,49.446201894564432],[1.094244994751672,49.44637496595702],[1.093632403259533,49.447073447409203],[1.093662903215978,49.447261132909688],[1.094069330209008,49.447747753025595],[1.094223521244395,49.448303655895494],[1.095474800127629,49.44822567098646],[1.095801051705914,49.450880155468894],[1.095549699859155,49.450925038637081],[1.095151630335871,49.450886220215139],[1.094763930891784,49.450904538911935],[1.09300776694001,49.451129214623712],[1.092870698263407,49.450785204144601],[1.092896920905994,49.450077495055275],[1.093143508309577,49.449487206604751],[1.093268034061808,49.448821741244437],[1.093288646929236,49.44860230341699],[1.094065216764521,49.448533135707592],[1.094100364536235,49.448932516898672]]}},
{"type":"Feature","properties":{"fid":398},"geometry":{"type":"LineString","coordinates":[[2.485630782662942,48.804617402030814],[2.486117937739277,48.804443966934194],[2.486058689148912,48.803186544546371],[2.487329242253409,48.803134512595868]]}},
{"type":"Feature","properties":{"fid":399},"geometry":{"type":"LineString","coordinates":[[2.487276576839751,48.802416899772638],[2.487276462864449,48.802411269521542],[2.487256827309629,48.80144127674685],[2.489335444794365,48.799671558381206],[2.489370027032653,48.799643912643923]]}},
{"type":"Feature","properties":{"fid":400},"geometry":{"type":"LineString","coordinates":[[2.340552405207599,48.861856225023139],[2.33967007046714,48.862087727660374],[2.336662692187281,48.862876724049272]]}},
{"type":"Feature","properties":{"fid":401},"geometry":{"type":"LineString","coordinates":[[2.333190919795682,48.858250866234741],[2.33537540579489,48.857729013553616],[2.334634240902301,48.856479967009854],[2.336623683508722,48.856274641307628]]}},
{"type":"Feature","properties":{"fid":402},"geometry":{"type":"LineString","coordinates":[[2.343775274577558,48.852760446918481],[2.344736352555367,48.852502808037215],[2.344828508898603,48.852478102884049],[2.345127575434209,48.852443879256526],[2.346219818433815,48.852135865556086],[2.346635911005092,48.852084529755139],[2.346817951505025,48.851827849960692],[2.34699999200496,48.851613949126815],[2.347247046969156,48.851485608187822],[2.346258827112373,48.851057802681922],[2.347559116397614,48.850655662173388],[2.34807923211171,48.851049246534515],[2.348781388325743,48.850381862532174],[2.349561561896888,48.851802181908909],[2.348261272611645,48.852409655605605],[2.348768385432891,48.853094124179016],[2.348183255254531,48.853171126307949],[2.347689145326139,48.853393576237373],[2.347390078790534,48.853556135176092],[2.346882965969287,48.853650248004641],[2.34490652625572,48.854368921952322],[2.34469847997008,48.854326144029919],[2.343775274577558,48.854745366093283],[2.343216150184903,48.854963531288448],[2.342292944792382,48.85575918453177],[2.341096678649957,48.85680292552486],[2.340329507971665,48.857256347208484],[2.339835398043272,48.85757288444006],[2.339705369114749,48.857641324659376],[2.340901635257171,48.857350453081011],[2.3407846092215,48.857179351363044],[2.340836620792909,48.857145130949249],[2.340940643935729,48.857273457380316],[2.341343733614154,48.8571536860549]]}},
{"type":"Feature","properties":{"fid":403},"geometry":{"type":"LineString","coordinates":[[2.485658176023714,48.804609708709584],[2.484824474966011,48.804830687341926],[2.484714417226239,48.803249130623982],[2.484712637019246,48.803223547805565],[2.485377683559923,48.803203788920428],[2.486058689148912,48.803186544546371]]}},
{"type":"Feature","properties":{"fid":404},"geometry":{"type":"LineString","coordinates":[[2.485377683559923,48.803203788920428],[2.485373497613768,48.803096313725611]]}},
{"type":"Feature","properties":{"fid":405},"geometry":{"type":"LineString","coordinates":[[2.508605289282694,48.80449921902823],[2.510567536894118,48.80431172083015],[2.510544198990914,48.805285017879548],[2.510486200205562,48.806072836988378],[2.510562531261542,48.806632381262546]]}},
{"type":"Feature","properties":{"fid":406},"geometry":{"type":"LineString","coordinates":[[2.417828793179125,48.846461989486215],[2.420371321063922,48.845168590097231],[2.418711629909728,48.845041815869813],[2.417568759124059,48.844954504813991]]}},
{"type":"Feature","properties":{"fid":407},"geometry":{"type":"LineString","coordinates":[[4.811623390548426,45.779544681999262],[4.809140492935169,45.780339520572156],[4.812111829423165,45.784001309072323],[4.81219323590229,45.784200003894519],[4.810158073924208,45.784739314842071],[4.809588228570346,45.784313543474958],[4.808489241102183,45.784597391414344],[4.807715879550514,45.785434734415183],[4.808692757299991,45.78793249644422],[4.807756582790075,45.788783980646031],[4.808814867018676,45.791792453986048],[4.808448537862623,45.791764072920841],[4.808204318425252,45.791650548515484],[4.807960098987881,45.791537023878867],[4.80787869250876,45.791934359095329],[4.808367131383499,45.792246549063904],[4.808529944341745,45.792360072255285],[4.808041505467006,45.79230331068851],[4.807471660113144,45.791877597094967],[4.807308847154898,45.791451880249639],[4.806779705040597,45.791082923020042],[4.806169156447171,45.791054541593525],[4.806087749968049,45.791168067212894],[4.806657595321911,45.791764072920841],[4.806942517998843,45.79255873728377],[4.80413399446909,45.800476381099905],[4.803279226438297,45.80200869834961],[4.803767665313037,45.802845779788107],[4.803808368552598,45.804775275533899],[4.803686258833913,45.80670470445267],[4.802058129251448,45.809201513265521],[4.80112195474153,45.810081044258538],[4.800674219106354,45.810818704704943],[4.801244064460216,45.810903818743149],[4.801651096855832,45.811868435419356],[4.802058129251448,45.813584844368229],[4.802058129251448,45.81435082798469],[4.802424458407504,45.814833108560336],[4.802251401013261,45.815904656181011],[4.801543880819732,45.817837110418402],[4.801715980326267,45.818663380727692],[4.801488283897586,45.819797518750683],[4.801366174178902,45.820506684076435]]}},
{"type":"Feature","properties":{"fid":408},"geometry":{"type":"LineString","coordinates":[[4.800714922345914,45.810804519019278],[4.8003078899503,45.812223069703109],[4.800389296429421,45.813102552982471],[4.800877735304162,45.814237349595189],[4.801488283897585,45.8152019085353],[4.801773206574518,45.815372123084614],[4.802302348688817,45.815428861152107]]}},
{"type":"Feature","properties":{"fid":409},"geometry":{"type":"LineString","coordinates":[[4.800195956041505,45.822109364438774],[4.798852749135973,45.823442532421311],[4.797997981105178,45.824492025183275],[4.7970211033557,45.826392407672074],[4.798282903782108,45.826052045428284],[4.799544704208518,45.8258251361096],[4.800847207874489,45.825456406494069],[4.801498459707478,45.824974217927021],[4.802109008300901,45.824577118323909],[4.802719556894323,45.824378567460116],[4.803777841122927,45.824123286737617],[4.80459190591416,45.823868004844499],[4.804347686476789,45.824520389577948],[4.80381854436249,45.825144402604032],[4.803126589289941,45.825768408635419],[4.803207995769066,45.826420771098469],[4.803574324925119,45.827498570591999],[4.803777841122925,45.828321087744435],[4.803737137883365,45.828803247321048],[4.80365573140424,45.82922867877317],[4.802841666613009,45.829881000684253],[4.802068305061339,45.830618398856217],[4.801254240270107,45.831497591600723],[4.800643691676683,45.831923002458957],[4.799911033364575,45.83186628119909],[4.799259781531589,45.831639395581433],[4.798852749135973,45.831270704480062],[4.79881204589641,45.830646760129248],[4.799219078292027,45.829739192223478],[4.799911033364574,45.828661436114444],[4.799951736604135,45.828292725286353],[4.801172833790984,45.827016399714026],[4.802149711540463,45.826108772613445],[4.802719556894325,45.825569862020515],[4.803248699008626,45.82568331731575],[4.801986898582217,45.826902947135757],[4.801498459707477,45.827612021956298],[4.801498459707475,45.828321087744463],[4.800847207874491,45.828803247321048],[4.799870330125012,45.829512297934755],[4.799504000968958,45.830476592274152],[4.799219078292027,45.831611034814166]]}},
{"type":"Feature","properties":{"fid":410},"geometry":{"type":"LineString","coordinates":[[4.803737137883365,45.828774885108643],[4.803207995769067,45.828803247321048],[4.802434634217393,45.828661436114444],[4.801417053228353,45.828321087744435]]}},
{"type":"Feature","properties":{"fid":411},"geometry":{"type":"LineString","coordinates":[[4.802271821259147,45.830391508151521],[4.799788923645889,45.829909362333062]]}},
{"type":"Feature","properties":{"fid":412},"geometry":{"type":"LineString","coordinates":[[4.800440175478873,45.831923002458979],[4.801091427311861,45.8320080842404],[4.801579866186601,45.831696117072561],[4.801946195342652,45.831327426346945],[4.802231118019585,45.83104381643453],[4.802475337456955,45.830873649793404],[4.802760260133887,45.83098709427864],[4.802841666613011,45.831384148156019],[4.802841666613009,45.83214988692044],[4.803045182810819,45.832546932502481],[4.803737137883365,45.832348410065549],[4.804998938309774,45.831554313236353],[4.80617933225706,45.830618398856231],[4.807726055360401,45.829398850443532],[4.808784339589006,45.828604711530623],[4.809598404380237,45.828236000326775],[4.809964733536292,45.827810561287457],[4.8101682497341,45.82639240767206]]}},
{"type":"Feature","properties":{"fid":413},"geometry":{"type":"LineString","coordinates":[[4.808774163779114,45.791714406021946],[4.809221899414291,45.792168501735709],[4.811134951673687,45.792934779863081],[4.812315345620976,45.793587526994813],[4.811379171111058,45.794410545089931],[4.811175654913249,45.79517679239045],[4.810972138715441,45.795857892257175],[4.81044299660114,45.796680876822855],[4.809588228570348,45.797447092906367],[4.809059086456046,45.79812816502465],[4.809344009132978,45.79858220847877],[4.809506822091224,45.799007870856869],[4.80938471237254,45.800086200994564],[4.808529944341745,45.801107757664077],[4.808407834623062,45.803207565330801],[4.808245021664814,45.803548067224796],[4.806169156447172,45.804597934963724],[4.805355091655939,45.805392416317353],[4.80490735602076,45.806016643717903],[4.803767665313036,45.806697611086385]]}},
{"type":"Feature","properties":{"fid":414},"geometry":{"type":"LineString","coordinates":[[4.810188601353881,45.826300226436523],[4.810554930509936,45.826044954526083],[4.810839853186867,45.82561949874065],[4.810880556426429,45.825165675652066],[4.811898137415469,45.8241729247476],[4.813770486435304,45.823151791061946],[4.814218222070481,45.822669582533123],[4.814503144747412,45.821393128031694],[4.81470666094522,45.820627241283539],[4.814177518830918,45.818130944681023],[4.813526266997934,45.814584876432733],[4.814747364184782,45.814329550804295],[4.815805648413383,45.814216072371444],[4.817148855318917,45.814357920376359],[4.817148855318917,45.813960745052093],[4.817596590954094,45.813847265867729],[4.817881513631027,45.813620306805326],[4.818125733068396,45.812854313141074],[4.81877698490138,45.812201791709782],[4.819428236734367,45.811208809645386],[4.820110015997023,45.809690931419141],[4.820598454871764,45.809265350659899],[4.821168300225626,45.808839766648909],[4.821493926142118,45.808385806786447],[4.821412519662996,45.807080651572981],[4.821493926142119,45.806513183246089],[4.822959242766336,45.804612122230118],[4.824587372348803,45.804441874794989],[4.824872295025734,45.803136627174261],[4.824628075588364,45.802597494232771],[4.825320030660911,45.802115107704843],[4.82658183108732,45.80177459705277],[4.826698852901061,45.801522759710942],[4.826617446421937,45.801139681008216],[4.826678501281278,45.801054552049898],[4.827095709486787,45.801075834301692],[4.827563796741744,45.8010971165453],[4.827665554840647,45.801033269790025],[4.827767312939553,45.800926858368598],[4.827746961319773,45.80074950554792],[4.82794030170769,45.800678564261553],[4.828082763046154,45.800586340454295],[4.828143817905499,45.800359327355231],[4.828052235616485,45.800217443698621],[4.827981004947251,45.80012521912807],[4.828113290475827,45.799884015683404],[4.828092938856046,45.799798884806549],[4.827848719418676,45.799798884806549],[4.828031883996703,45.799692471027612],[4.828558482158532,45.799414020677673],[4.8288027015959,45.799187002802135],[4.828873932265133,45.799080587854604],[4.82902656941349,45.799073493517547],[4.829474305048668,45.799137342518577],[4.829677821246475,45.799165719828871],[4.82973887610582,45.799116059526369],[4.830135732691545,45.799123153858019],[4.830156084311325,45.799030927476203],[4.829647293816803,45.798846474254596],[4.829667645436587,45.798825191151252],[4.830563116706941,45.798974172703794],[4.830542765087162,45.798917417873611],[4.829993271353079,45.798640737248597],[4.829942392303628,45.798520132443613]]}},
{"type":"Feature","properties":{"fid":415},"geometry":{"type":"LineString","coordinates":[[4.829952568113518,45.798520132443649],[4.830268018220121,45.798066088483672]]}},
{"type":"Feature","properties":{"fid":416},"geometry":{"type":"LineString","coordinates":[[2.511538510004686,48.802608009283844],[2.513007577232042,48.802240316598009],[2.511979230172894,48.806071929105016],[2.510562531261542,48.806632381262546]]}},
{"type":"Feature","properties":{"fid":417},"geometry":{"type":"LineString","coordinates":[[2.511597272693781,48.802608009283844],[2.51217771228251,48.800460969683968],[2.512449436554326,48.799455801508849],[2.512745697358246,48.79835982141072],[2.512886184488845,48.797840089971636],[2.512964893876362,48.797548900282202],[2.513134757314821,48.796920469679833],[2.513242627988418,48.796521380739698],[2.513066339921135,48.796448801221686],[2.512709077119859,48.796077683901231],[2.512684382442023,48.796052031333872],[2.512091990557986,48.795290602602655],[2.511479747315593,48.79450363102125],[2.513521750761616,48.79378747971348]]}},
{"type":"Feature","properties":{"fid":418},"geometry":{"type":"LineString","coordinates":[[2.512709077119859,48.796077683901231],[2.513272009332966,48.795887516069833],[2.513374844038881,48.79589719345325],[2.513389534711154,48.796090740729397],[2.513242627988418,48.796521380739698]]}},
{"type":"Feature","properties":{"fid":419},"geometry":{"type":"LineString","coordinates":[[2.512964893876362,48.797548900282202],[2.514843911266234,48.798853546683702],[2.514976127316698,48.798843869870623],[2.515651898241279,48.800605019105433],[2.5156959702581,48.800885636074227],[2.515651898241279,48.801117869619738],[2.515689243121211,48.801167489859104],[2.515651898241279,48.801117869619738]]}},
{"type":"Feature","properties":{"fid":420},"geometry":{"type":"LineString","coordinates":[[2.510630625967586,48.811928468663304],[2.511277481234831,48.813477630409963],[2.511277481234831,48.813477630409963],[2.50958894416345,48.813934179193573],[2.508592552872536,48.814351714789396],[2.507833936776047,48.814649952371681],[2.504244663603099,48.815652763229366],[2.500745971456597,48.816457979732093],[2.49539036826794,48.817608000318565],[2.491744481953465,48.818278988797196],[2.491200995794784,48.818331176413523],[2.491167027909867,48.818204434965345],[2.490974543228667,48.818070237788532],[2.4904537023266,48.818189524185641],[2.490385766556765,48.8180851486037],[2.490159313990648,48.818122425622221],[2.490374443928458,48.818592113680161],[2.488789275965643,48.818905236607108],[2.488200499293741,48.819099073629296],[2.487396592684026,48.819309684159471],[2.486909719666876,48.820890166802485]]}},
{"type":"Feature","properties":{"fid":421},"geometry":{"type":"LineString","coordinates":[[2.489638473088579,48.821695299176881],[2.490442379698295,48.819719719821265],[2.490691477521023,48.819898643422484],[2.490985865856974,48.820003015228266],[2.49612633910782,48.819004019029386],[2.49674908366464,48.817632230614386],[2.496975536230758,48.817639686087681],[2.497168020911957,48.817602408710165],[2.502319816791108,48.819369325918757],[2.505388249061987,48.818005002920074],[2.505750573167774,48.817848438889314],[2.50782261414774,48.817712376894036],[2.508309487164891,48.817660188633454],[2.509022812748159,48.817429068540676],[2.510313592375022,48.817026469705191],[2.510981627445067,48.816780435491751],[2.511525113603746,48.816355464460663],[2.511853469824616,48.81608705984798],[2.511921405594451,48.815542790527253],[2.512034631877509,48.815445865233855],[2.51140432082771,48.813807364505635],[2.511277481234831,48.813477630409963]]}},
{"type":"Feature","properties":{"fid":422},"geometry":{"type":"LineString","coordinates":[[4.797031049315063,45.826339112360529],[4.796667728134601,45.826792160665065],[4.795941085773678,45.828564343610275],[4.795290932082329,45.829776857327268],[4.795023221738832,45.830776161963868],[4.794870244399689,45.831149231095438],[4.794506923219229,45.831255821816562],[4.794659900558369,45.832001951148811],[4.795176199077972,45.833793953057338],[4.795405665086684,45.834460110058473],[4.796017574443251,45.834446786996594],[4.796170551782392,45.834833154496067],[4.797126660152025,45.834806508547736],[4.797164904486809,45.835139581984805],[4.799210976397826,45.835179550663291],[4.799191854230434,45.836648379685187],[4.799115365560864,45.837647560943651],[4.797700325173806,45.838220416773211],[4.79630440695414,45.838673368370202],[4.795520398091042,45.839073028482019],[4.79465990055837,45.839819053010174],[4.793455204012633,45.84156417846377],[4.793244860171313,45.842180287926034],[4.792919783325638,45.842340142239323],[4.792422606973427,45.842246893945742],[4.79181069761686,45.841793971439387],[4.791064933088546,45.841274438141738],[4.790644245405908,45.840981365936166],[4.79045302373198,45.840741578437921],[4.790280924225446,45.840435181797389],[4.790127946886306,45.84022203531314],[4.789860236542808,45.840168748564523],[4.789592526199312,45.840262000341141],[4.787986264138327,45.838450223558944],[4.787642065125259,45.838103847750943],[4.787489087786119,45.837784114322112],[4.787336110446976,45.837504346064804],[4.787202255275226,45.837424412018635],[4.786858056262158,45.837530990721348],[4.786896300596944,45.837717502959855],[4.78693454493173,45.837983947930432],[4.786819811927374,45.838290358069322],[4.78672420109041,45.838530156131505],[4.786762445425195,45.838889851287099],[4.786705078923017,45.839236222202267]]}},
{"type":"Feature","properties":{"fid":423},"geometry":{"type":"LineString","coordinates":[[4.794468678884444,45.828674270393158],[4.794315701545303,45.829340488674823],[4.794067113369197,45.830259856808496],[4.793589059184381,45.831845398055613],[4.79330222667349,45.832258430796585],[4.793531692682205,45.832484931320906],[4.793780280858309,45.832564872462321],[4.793856769527879,45.83280469519768],[4.79393325819745,45.832977899863863],[4.794105357703983,45.833310984245273],[4.79444955671705,45.833604096851857],[4.794908488734476,45.833684036385762],[4.795233565580151,45.833883884718084]]}},
{"type":"Feature","properties":{"fid":424},"geometry":{"type":"LineString","coordinates":[[4.794487801051837,45.828654283721519],[4.794889366567084,45.827481719757365],[4.795061466073617,45.826868778763817],[4.795042343906223,45.825842753735373],[4.795463031588862,45.82538969770394],[4.795902841438894,45.824470249129362],[4.796419139958497,45.823910577344577],[4.796954560645491,45.823564111039104],[4.797145782319416,45.823350899933232],[4.797356126160735,45.823031081743402]]}},
{"type":"Feature","properties":{"fid":425},"geometry":{"type":"LineString","coordinates":[[4.797356126160735,45.823031081743402],[4.797394370495523,45.822831194441804],[4.7982357458608,45.822458069558657],[4.798350478865156,45.822124920228376],[4.798560822706476,45.82171847534584],[4.798790288715188,45.821531909488179],[4.799153609895647,45.821305364391911],[4.799784641419608,45.821092144635735],[4.800033229595712,45.820732334445587],[4.800224451269638,45.820372521930153]]}},
{"type":"Feature","properties":{"fid":426},"geometry":{"type":"LineString","coordinates":[[4.799115365560863,45.837677536104223],[4.799210976397826,45.837730825238687],[4.799000632556506,45.838157136477122],[4.798905021719545,45.838690020932162],[4.799115365560863,45.839169612578338],[4.799765519252214,45.839569269125754],[4.800511283780529,45.839862348769458],[4.80081723845881,45.840062174914124],[4.800798116291418,45.840435181797403],[4.800664261119669,45.840874793842303],[4.80074074978924,45.841487580594318],[4.80087460496099,45.842073718128702],[4.800396550776171,45.842286857519269],[4.800052351763104,45.842420069223742],[4.799746397084822,45.842420069223742],[4.79945956457393,45.842206930343494],[4.799191854230434,45.842020433153451],[4.798675555710833,45.841767328824183],[4.798350478865157,45.842020433153472],[4.797987157684696,45.842286857519277],[4.798350478865157,45.842353463411385],[4.798713800045618,45.842486674956383],[4.799000632556507,45.842539959485059],[4.799994985260928,45.842433390376648]]}},
{"type":"Feature","properties":{"fid":427},"geometry":{"type":"LineString","coordinates":[[4.800740749789241,45.841567508803536],[4.80102758230013,45.841301080992956],[4.801371781313197,45.841261116711337],[4.801811591163228,45.841181188061945],[4.801926324167583,45.840808186179991],[4.802098423674119,45.840595041124693],[4.802404378352404,45.840408538531499],[4.802308767515438,45.840008888012363],[4.802327889682833,45.839729130940974],[4.801696858158874,45.839715809140593],[4.801352659145804,45.839582590961271],[4.800817238458809,45.839476016188122],[4.80037742860878,45.839369441210906],[4.800090596097888,45.839316153645719],[4.799803763587001,45.83927618793836],[4.799650786247858,45.839169612578338],[4.799344831569574,45.839009749155601],[4.798943266054331,45.838783275187126]]}},
{"type":"Feature","properties":{"fid":428},"geometry":{"type":"LineString","coordinates":[[4.789611648366703,45.840235356992331],[4.789764625705846,45.840635005884749],[4.789783747873239,45.840954722931848],[4.789669014868882,45.841354366657136],[4.789496915362347,45.84178065013338],[4.789190960684065,45.84206039688965],[4.788827639503605,45.842127003052902],[4.788177485812253,45.842073718128709],[4.787661187292652,45.84214032427596],[4.786552101583877,45.842286857519269],[4.78550038237728,45.842460032672861],[4.784984083857677,45.842433390376662],[4.784238319329363,45.842326821064106],[4.783549921303226,45.842073718128709],[4.782823278942306,45.842140324275974],[4.782555568598807,45.842499996093316],[4.782230491753134,45.843698885358087],[4.782612935100986,45.844721251070865],[4.782612935100986,45.845214111217096],[4.782612935100985,45.845880131504401],[4.782402591259668,45.846213138657824],[4.781733315400923,45.846426262189865],[4.780987550872609,45.84661274461056],[4.780337397181259,45.846812546510435],[4.780222664176902,45.847518507475726],[4.780241786344294,45.847958063550792],[4.780337397181258,45.848370976699663],[4.780585985357362,45.84873060823513],[4.780853695700861,45.849063598324371],[4.781178772546534,45.849316669458986],[4.781790681903101,45.849716253116647]]}},
{"type":"Feature","properties":{"fid":429},"geometry":{"type":"LineString","coordinates":[[4.780356519348652,45.846785906298578],[4.779935831666012,45.846772586187882],[4.77955338831816,45.846932427305909],[4.778960601128985,45.847198828148599],[4.778578157781133,45.847305388128433],[4.77842518044199,45.847305388128433],[4.778310447437637,45.847172188121732],[4.778578157781133,45.846932427305873],[4.779113578468127,45.846732625836616],[4.779228311472481,45.846586104303015],[4.779247433639875,45.84641294199303],[4.778922356794199,45.846399621792997],[4.778233958768064,45.846892467069445],[4.77748819423975,45.847118908029756],[4.776895407050577,45.847265428159929],[4.776283497694013,45.847158868103513],[4.775748077007016,45.846892467069445],[4.77555685533309,45.846679345323587],[4.775671588337445,45.846119896855782],[4.775958420848335,45.84545387943912],[4.776168764689655,45.845134188246774],[4.776512963702723,45.844481479691169],[4.776857162715792,45.84382876347739],[4.777182239561466,45.843182700091809],[4.777316094733213,45.842743106282519],[4.77743082773757,45.842330151358219],[4.777507316407141,45.842037084713709],[4.777679415913674,45.84153087505522],[4.777813271085423,45.841277768498841],[4.777851515420209,45.840598371522468],[4.777985370591958,45.840238687411627],[4.778176592265885,45.840252009086825],[4.778539913446346,45.84017207898777],[4.778253080935456,45.840252009086825],[4.778042737094135,45.840172078987784],[4.778004492759351,45.839372771682015],[4.778023614926743,45.838906503784287],[4.777966248424566,45.838573452893705],[4.777698538081069,45.838200433529586],[4.776742429711435,45.837973956267071],[4.775805443509194,45.837774122622868],[4.774696357800419,45.837494354315311],[4.774811090804775,45.836621734606048],[4.774677235633026,45.836581766963363],[4.774505136126493,45.836688347280003],[4.773893226769926,45.836621734606048],[4.773606394259037,45.836448541280518],[4.77349166125468,45.836128798340283],[4.773204828743791,45.835888989929444],[4.772478186382869,45.835755762587993],[4.772592919387225,45.835595889357243],[4.771598566682805,45.835582566567275],[4.771024901661026,45.835729117081435],[4.771445589343664,45.835569243774124],[4.771407345008879,45.832984561571031],[4.771177879000166,45.83299788498298],[4.771158756832774,45.833290999238613],[4.77113963466538,45.833664051513047],[4.770623336145778,45.83431688697614],[4.770049671123998,45.834370179328907],[4.768691997239119,45.834623317307624],[4.768462531230409,45.834183655870959],[4.768443409063015,45.833863899917155],[4.768386042560836,45.833477525688387],[4.768194820886912,45.833131118926929],[4.76746817852599,45.832678122216151],[4.766818024834637,45.83189869277507],[4.766454703654174,45.832005282060905],[4.766091382473715,45.831978634758585],[4.765861916465003,45.831765455880735],[4.765823672130218,45.831592247441279],[4.766091382473715,45.831392390879728],[4.766091382473717,45.830872760461091],[4.765995771636754,45.830579633469306],[4.765689816958469,45.830646253375704],[4.764867563760583,45.830806140825779],[4.764791075091013,45.830592957456965],[4.76490580809537,45.830326477097664],[4.764924930262763,45.83009996778916],[4.764676342086658,45.829793512551582],[4.763108324360458,45.829420434332768],[4.762611148008249,45.83004667134729],[4.762745003179998,45.830206560519763],[4.763012713523495,45.830379773271602],[4.763280423866992,45.830739521110729],[4.763280423866992,45.830899408292872],[4.763643745047452,45.831658866135641],[4.763529012043099,45.832231783615441],[4.763586378545276,45.832711430923389],[4.763452523373528,45.832818018652681],[4.762381681999537,45.83275140134581],[4.761196107621192,45.832631489992487],[4.760698931268982,45.832857988998555],[4.760239999251557,45.832778048278129],[4.759264768714531,45.832458284248226],[4.758480759851433,45.832378342953675],[4.758021827834009,45.832325048693519],[4.757409918477443,45.832085223891283],[4.756836253455663,45.831765455880742],[4.756549420944773,45.831605571186543],[4.756147855429527,45.831592247441279],[4.755803656416459,45.831605571186515],[4.755402090901212,45.831405714672805],[4.755115258390322,45.831232505113789],[4.754694570707684,45.831165885909094],[4.754388616029401,45.831285800420162],[4.754216516522867,45.831538952428353],[4.754044417016332,45.831792103285132],[4.75381495100762,45.832085223891283],[4.75373846233805,45.832165165606874],[4.753738462338051,45.832138518381093],[4.753661973668479,45.831845398055613],[4.75381495100762,45.831459009813315],[4.753872317509797,45.831125914347993],[4.753987050514153,45.830619605422726],[4.75408266135112,45.83027318087273],[4.754293005192438,45.83000669898243],[4.754522471201149,45.829900105869058],[4.755172624892499,45.82966027061763],[4.755440335235997,45.829420434332768],[4.755841900751243,45.828994056163516],[4.756224344099095,45.828620972586151],[4.756568543112165,45.828394456336994],[4.757123085966553,45.828008044137441],[4.757543773649192,45.827821499356872],[4.758002705666615,45.827688252702288],[4.758385149014467,45.827634953951154],[4.758767592362321,45.827288510824765],[4.759169157877568,45.826942065542205],[4.759761945066741,45.826482355973098],[4.760297365753736,45.826109255560816],[4.760718053436375,45.825749477795028],[4.761004885947266,45.825363047234354],[4.761463817964688,45.825416348160829],[4.761693283973399,45.825296421004474],[4.761941872149506,45.825123192433651],[4.762171338158217,45.825016589968278],[4.762056605153862,45.824750082911812],[4.760851908608122,45.824776733674859],[4.760526831762449,45.824643479731982],[4.759914922405883,45.824576852640917],[4.759647212062386,45.824590178065506],[4.759150035710175,45.824656805140613],[4.758882325366677,45.824896661950774],[4.758652859357967,45.825642876528967],[4.757907094829653,45.825896054202524],[4.75767762882094,45.825549600253723],[4.757486407147014,45.823510808339186],[4.756014000257777,45.823990530801147],[4.755115258390322,45.823724018832614],[4.753987050514155,45.823430854193617],[4.753317774655412,45.823204316824288],[4.752877964805378,45.822524699185465],[4.752266055448813,45.822071616150552],[4.7515202909205,45.821845073250387],[4.751118725405254,45.822004985981494],[4.75002876186387,45.822294826635911],[4.749130019996416,45.82248138993711],[4.748575477142026,45.822494715863272],[4.748556354974634,45.822734581988769],[4.748346011133314,45.822961121269458],[4.748288644631137,45.823667384874931],[4.748307766798528,45.823827292371824],[4.748498988472456,45.824080478302555],[4.748173911626781,45.824573521284265],[4.747657613107179,45.825253113912289],[4.74731341409411,45.825026583958106],[4.74744726926586,45.824666799194993],[4.747504635768037,45.824160431515139],[4.748135667291996,45.823920571532916],[4.748307766798528,45.823734013054455]]}},
{"type":"Feature","properties":{"fid":430},"geometry":{"type":"LineString","coordinates":[[4.748594599309421,45.822508041786229],[4.748957920489881,45.821775111286108],[4.749091775661629,45.821535241026801],[4.749206508665986,45.821042171137265],[4.749244753000771,45.820642381534725],[4.74932124167034,45.819869446829841],[4.7491682643312,45.819442995503003],[4.749130019996414,45.819029867665435],[4.749187386498591,45.818616736762579],[4.749608074181231,45.81821692974453],[4.75052593821608,45.818190275841282],[4.751252580577001,45.809353803751591],[4.751309947079178,45.808674017054841],[4.751807123431389,45.807954233862517],[4.751960100770531,45.807607668267451],[4.752552887959702,45.807607668267451],[4.753642851501085,45.806741244846314],[4.753623729333693,45.806281368478786],[4.753508996329337,45.805294954189868],[4.753489874161944,45.804961702172051],[4.753929684011974,45.804948372049857],[4.755000525385965,45.804175219505851],[4.755363846566426,45.804121898245228],[4.755708045579492,45.803015470570777],[4.756128733262134,45.801602410505133],[4.756339077103454,45.801245807136432],[4.758002705666615,45.800445940812011],[4.758691103692751,45.800592583831119],[4.759130913542782,45.800565921492719],[4.759570723392816,45.800459272011508],[4.760029655410239,45.800525927961161],[4.7603929765907,45.800339291101153],[4.760412098758092,45.799832702186741],[4.760488587427663,45.799379434517],[4.761540306634261,45.79837956632521],[4.762362559832144,45.797526331280288],[4.762764125347392,45.797313020477667],[4.764160043567055,45.797326352426715],[4.764714586421444,45.797193032792315],[4.770738069150135,45.794273252814421],[4.770795435652313,45.792556644091967],[4.771139634665381,45.791103318483628],[4.771866277026303,45.788849922197294],[4.772382575545906,45.787743191254478],[4.772573797219831,45.787343162615471],[4.772573797219831,45.786849790007032],[4.772382575545906,45.786649772840704],[4.771598566682806,45.787023137637362],[4.770948412991455,45.787503174415576],[4.767831499706451,45.787716522767852],[4.767869744041234,45.787489840116443],[4.768730241573905,45.78672977979334],[4.770355625802282,45.784882923367988],[4.771235245502346,45.783589420702384],[4.77091016865667,45.783402727117561],[4.770891046489276,45.783256038862312],[4.770317381467496,45.783056008801367],[4.770680702647957,45.782602604672732],[4.770986657326242,45.782242545826172],[4.770680702647957,45.782082518925733],[4.770432114471853,45.781789135081979],[4.770279137132714,45.781482413958244],[4.770049671123998,45.781242370162623],[4.769705472110933,45.781255705956184],[4.769380395265255,45.781895820294707],[4.769227417926114,45.781989169688373],[4.768519897732586,45.781455742476446],[4.768099210049946,45.781255705956184],[4.768500775565193,45.780962317761563],[4.768500775565194,45.780762279470942],[4.768424286895622,45.780615584268411],[4.769628983441361,45.780362200736711],[4.771024901661026,45.780082143914584],[4.771617688850196,45.77985543021876],[4.772229598206764,45.779335318845106],[4.774696357800419,45.779275305682113],[4.775327389324377,45.778835207179718],[4.775862810011373,45.778301749792483],[4.776608574539686,45.77799500948381],[4.777908881922389,45.777501554142241],[4.7789223567942,45.776981420811723],[4.778979723296379,45.775701071943679],[4.778769379455058,45.774954188194876],[4.778884112459414,45.774527392990059],[4.782402591259667,45.77360710471482],[4.783090989285801,45.773413708870869],[4.783320455294515,45.77296022633098],[4.783530799135836,45.772706808011421],[4.783760265144545,45.77253341586615],[4.784180952827185,45.772520077986506],[4.784620762677215,45.7726667944873],[4.784831106518536,45.772946888553413],[4.785079694694639,45.77356042302079],[4.785041450359854,45.774307325436261],[4.785462138042493,45.774694110255695],[4.786246146905595,45.774840821037166],[4.786781567592588,45.774814146378347],[4.787316988279582,45.774440699814967],[4.787852408966579,45.773693799185786],[4.789229205018851,45.773080266185687],[4.790472145899375,45.772746821506843],[4.79186806411904,45.773213643498998],[4.792709439484318,45.773667123978292],[4.795118832575794,45.775774426058092],[4.796055818778034,45.776374592460805],[4.797203148821593,45.776401266373227],[4.800855482793594,45.775907796928017],[4.805444802967838,45.775254276617538],[4.81068427683343,45.774747459675446],[4.812711226577053,45.774507386884686],[4.812940692585765,45.774267313060435],[4.814011533959754,45.774053913237935],[4.814489588144571,45.77392053793421],[4.814795542822853,45.773440384199567],[4.815235352672889,45.773080266185687],[4.815407452179421,45.772800172789424],[4.815713406857702,45.772693470173238],[4.815866384196844,45.772480064328363],[4.815828139862059,45.77218662995837],[4.815961995033808,45.771893194044502],[4.816707759562122,45.771533066040178],[4.81684161473387,45.771026215279811],[4.817051958575188,45.769225524013841],[4.818333143790499,45.768998766177624],[4.818371388125284,45.769305555971215]]}},
{"type":"Feature","properties":{"fid":431},"geometry":{"type":"LineString","coordinates":[[4.814221877801074,45.770132546140111],[4.81376294578365,45.77147971354546],[4.812940692585765,45.77282684841159],[4.812022828550917,45.773467059515497],[4.811162331018247,45.773987225625952],[4.810588665996468,45.77454739908827],[4.810244466983398,45.775160915947971],[4.81011061181165,45.776587983402905],[4.810167978313829,45.777174804283256],[4.810301833485576,45.777708272451967],[4.810550421661682,45.778108370229234]]}},
{"type":"Feature","properties":{"fid":432},"geometry":{"type":"LineString","coordinates":[[4.816726881729515,45.771516393391039],[4.817243180249116,45.771809831287371],[4.818658220636173,45.772223309339047],[4.818639098468783,45.772490067745615],[4.819384862997095,45.774077253883284],[4.817204935914331,45.776177871962652],[4.816382682716448,45.776617991438684],[4.81619146104252,45.777151464934335],[4.816000239368595,45.778391771084522],[4.81590462853163,45.779952117054705],[4.816038483703379,45.781359058247929],[4.815177986170709,45.781519087224865],[4.815177986170708,45.781972500165246],[4.815025008831568,45.781919157657754],[4.814891153659818,45.781932493289418],[4.814929397994605,45.782279218592841],[4.814910275827212,45.782385902867752]]}},
{"type":"Feature","properties":{"fid":433},"geometry":{"type":"LineString","coordinates":[[4.812539127070522,45.781292379371969],[4.812500882735734,45.781559094397366],[4.815273597007671,45.784599555505942],[4.816382682716448,45.786039716050645],[4.818390510292678,45.788009875418894],[4.820895514221118,45.790169970127572],[4.822042844264677,45.79114331877819],[4.823935938836553,45.792156649997963],[4.826039377249747,45.793343290768838],[4.827014607786773,45.794169924464569],[4.828869458023863,45.795266528469192],[4.829672589054353,45.795639835547377],[4.830513964419632,45.795919814214919],[4.831737783132761,45.796146462582193],[4.830858163432701,45.797466337699603],[4.830533086587026,45.797952950435892],[4.830265376243527,45.798086268252156]]}},
{"type":"Feature","properties":{"fid":434},"geometry":{"type":"LineString","coordinates":[[4.831718660965369,45.796153128696659],[4.83250266982847,45.796246454215847],[4.833191067854606,45.79633977957873],[4.833898588048134,45.796646418956321],[4.83472084124602,45.796939724608151],[4.835313628435193,45.796993052742579],[4.83586817128958,45.796993052742579],[4.836403591976574,45.797153036839809],[4.837168478672282,45.797606322620766],[4.838143709209307,45.798059604714403]]}},
{"type":"Feature","properties":{"fid":435},"geometry":{"type":"LineString","coordinates":[[4.830456597917453,45.797989612867141],[4.828601747680365,45.797016383785383],[4.825580445232322,45.795589839208724],[4.824471359523548,45.796563093205471],[4.824222771347441,45.796443103905297],[4.824222771347443,45.796536428938865],[4.823955061003946,45.79642977174494],[4.824069794008301,45.7966430859287],[4.823935938836553,45.796763074798186],[4.823974183171337,45.796989719735699],[4.823591739823485,45.797016383785383],[4.823744717162626,45.797136371851103],[4.823362273814772,45.797363015270278],[4.822387043277745,45.796803071030624],[4.821851622590752,45.796469768216561],[4.820895514221117,45.796163127866919],[4.819862917181913,45.795789824294218],[4.818696464970961,45.795296526451786],[4.817510890592615,45.794869886958509],[4.816325316214271,45.794469909467097],[4.815809017694668,45.794309917666695],[4.815292719175067,45.794363248317879],[4.814891153659818,45.793963267190151],[4.814260122135863,45.793283292684627],[4.814107144796721,45.793149963377338]]}},
{"type":"Feature","properties":{"fid":436},"geometry":{"type":"LineString","coordinates":[[4.813189280761871,45.758053269933093],[4.813074547757516,45.758426826219889],[4.811927217713954,45.758773697675508],[4.811583018700885,45.75928065977029],[4.810550421661682,45.760134480255076],[4.810512177326896,45.761148375110842],[4.810282711318186,45.761681996581878],[4.810129733979045,45.762535780319773],[4.809938512305116,45.762989347616241],[4.809670801961619,45.76360299161869],[4.809364847283337,45.764350027381084],[4.809976756639903,45.764590143894573],[4.81097110934432,45.764750220996035],[4.811812484709597,45.764776900468277],[4.810779887670394,45.765177091021037],[4.810206222648612,45.765790710959408],[4.809632557626834,45.76656439604384],[4.809479580287692,45.76709796571209],[4.809594313292049,45.767684886452379],[4.809632557626834,45.7682984788052],[4.809709046296403,45.768912064408383],[4.810129733979045,45.76931222529582],[4.810091489644257,45.769899122737733],[4.809938512305116,45.770059184604627],[4.80959431329205,45.769925799747426],[4.80925011427898,45.76987244571523],[4.809364847283339,45.770245922868853],[4.809517824622477,45.770992869673606],[4.809709046296404,45.771899863059716],[4.809709046296406,45.772139947075395],[4.809211869944195,45.772246650750589],[4.809211869944194,45.771899863059701],[4.809020648270269,45.771846510915893],[4.808638204922415,45.77189986305973],[4.808370494578917,45.772646787714478],[4.80787331822671,45.773340351651221],[4.808638204922416,45.773713805583036]]}},
{"type":"Feature","properties":{"fid":437},"geometry":{"type":"LineString","coordinates":[[4.829395317627156,45.767881636909379],[4.830236692992436,45.768175093928605]]}},
{"type":"Feature","properties":{"fid":438},"geometry":{"type":"LineString","coordinates":[[4.829443123045637,45.768208441219471],[4.829433561961944,45.768435202268627],[4.829796883142404,45.768468549403963],[4.830112398904383,45.768461879978503],[4.830131521071776,45.768181763388384]]}},
{"type":"Feature","properties":{"fid":439},"geometry":{"type":"LineString","coordinates":[[4.830074154569598,45.768441871697291],[4.830007226983723,45.768782011501877],[4.830160204322866,45.768782011501862],[4.830169765406561,45.769135487924522]]}},
{"type":"Feature","properties":{"fid":440},"geometry":{"type":"LineString","coordinates":[[4.827884666403134,45.768215110675236],[4.82792291073792,45.768501896519417],[4.828400964922738,45.768495227097901],[4.829127607283661,45.768655292993564],[4.829481367380426,45.768762003335489],[4.8303323038294,45.768782011501862],[4.831087629441409,45.768848705337987],[4.831527439291443,45.768848705337987],[4.831881199388208,45.76891539909434],[4.832483547661077,45.769028778297134],[4.834089809722063,45.769342237246676],[4.83501723484061,45.769555655097953],[4.835801243703709,45.769682371560762],[4.83598290429394,45.769904124678014],[4.836422714143972,45.770277601619505]]}},
{"type":"Feature","properties":{"fid":441},"geometry":{"type":"LineString","coordinates":[[4.830609575256595,45.768163422372083],[4.830389670331579,45.768777009460955],[4.830399231415276,45.769170501976539],[4.830389670331578,45.76939058980016],[4.830141082155475,45.769390589800139],[4.830179326490261,45.769150493949503]]}},
{"type":"Feature","properties":{"fid":442},"geometry":{"type":"LineString","coordinates":[[4.83038967033158,45.769377251168898],[4.83117367919468,45.769397259114584],[4.831183240278375,45.769277211332799],[4.83114499594359,45.769163832634987],[4.830609575256593,45.769117147221834],[4.830590453089203,45.769363912534459]]}},
{"type":"Feature","properties":{"fid":443},"geometry":{"type":"LineString","coordinates":[[4.831967249141474,45.768123405588376],[4.831862077220817,45.768616943914573],[4.831670855546888,45.768943743916651],[4.831317095450125,45.769430605674778],[4.831106751608804,45.769650692472055],[4.830313181662008,45.769697377438625],[4.830294059494615,45.770044178824151],[4.831288412199034,45.770197571056862],[4.831976810225171,45.77029094003543],[4.832961601845896,45.770397647248139],[4.833573511202462,45.77043766240029],[4.835170212179753,45.770604391891851],[4.835849049122192,45.770664414386786],[4.835849049122191,45.770224247923792],[4.834051565387279,45.769904124678021],[4.833879465880744,45.769870778400929],[4.834118492973154,45.76940392842824],[4.834147176224241,45.769317227288774],[4.834453130902524,45.768690307347008],[4.834567863906881,45.768543580385646]]}},
{"type":"Feature","properties":{"fid":444},"geometry":{"type":"LineString","coordinates":[[4.832779941255666,45.767676549553293],[4.834347958981865,45.767829948297184],[4.836365347641794,45.767996685583853]]}},
{"type":"Feature","properties":{"fid":445},"geometry":{"type":"LineString","coordinates":[[4.832129787564313,45.767563167601885],[4.831097190525108,45.767316394322705],[4.829930738314154,45.766876201438542]]}},
{"type":"Feature","properties":{"fid":446},"geometry":{"type":"LineString","coordinates":[[4.831078068357716,45.766822844489248],[4.830628697423986,45.766716130437565],[4.830255815159828,45.766589407236047]]}},
{"type":"Feature","properties":{"fid":447},"geometry":{"type":"LineString","coordinates":[[1.462820963852245,43.581855519300603],[1.463141381842592,43.582029599791504],[1.462340336866724,43.583402883793447],[1.461031963406139,43.586594197454673],[1.460684843916596,43.587561228798897],[1.460578037919812,43.588450883914426],[1.460631440918204,43.589524254648303],[1.460551336420617,43.590239824503364],[1.460097410934292,43.591090761365187],[1.459403171955205,43.591864329890434],[1.458308410488186,43.59302466403539],[1.457000037027602,43.594417035478756]]}},
{"type":"Feature","properties":{"fid":448},"geometry":{"type":"LineString","coordinates":[[1.455851872562189,43.594310674907732],[1.453769155624931,43.595064863988242]]}},
{"type":"Feature","properties":{"fid":449},"geometry":{"type":"LineString","coordinates":[[1.455851872562188,43.59467810153793],[1.455211036581494,43.594968173608727],[1.454516797602408,43.595180892238609],[1.454009469117692,43.595490299812575]]}},
{"type":"Feature","properties":{"fid":450},"geometry":{"type":"LineString","coordinates":[[1.45390266312091,43.59607043472576],[1.454303185608844,43.596167123334212],[1.455798469563798,43.596824601751514]]}},
{"type":"Feature","properties":{"fid":451},"geometry":{"type":"LineString","coordinates":[[1.453822558623322,43.596167123334212],[1.453422036135389,43.596399175360638],[1.453021513647455,43.596553876214408],[1.452300573169172,43.596669901593742]]}},
{"type":"Feature","properties":{"fid":452},"geometry":{"type":"LineString","coordinates":[[1.44981733374398,43.599763829182351],[1.449737229246392,43.600015203810813],[1.450217856231913,43.600189231784547],[1.450698483217435,43.600247240997255],[1.451099005705369,43.600150558944989],[1.451205811702152,43.599918521385696],[1.451179110202956,43.599763829182351],[1.450618378719848,43.599705819503562]]}},
{"type":"Feature","properties":{"fid":453},"geometry":{"type":"LineString","coordinates":[[1.442527824463577,43.600136056623754],[1.443355570938642,43.600329420619545],[1.444103212916118,43.600387429697079],[1.445144571384748,43.600445438718715]]}},
{"type":"Feature","properties":{"fid":454},"geometry":{"type":"LineString","coordinates":[[1.443689339678587,43.600720980807644],[1.443809496424967,43.600073213191337],[1.443862899423358,43.599734824349937],[1.444023108418532,43.59919339824512],[1.444183317413706,43.598584288053537],[1.444276772660891,43.59794616600108]]}},
{"type":"Feature","properties":{"fid":455},"geometry":{"type":"LineString","coordinates":[[1.440525212023907,43.599698568289767],[1.439871025293614,43.600356008120364],[1.439390398308094,43.600771738423219],[1.439336995309702,43.600945764208682],[1.439590659552059,43.601177797806315]]}},
{"type":"Feature","properties":{"fid":456},"geometry":{"type":"LineString","coordinates":[[1.443489078434619,43.594743367875765],[1.443021802198696,43.595565234220075],[1.442794839455534,43.596010004266581],[1.442447719965991,43.596657815627168],[1.442367615468404,43.597092908894581],[1.442100600476448,43.597798720170395],[1.441820234734893,43.598359495829889],[1.441700077988513,43.598920266263065],[1.441553219742938,43.5992393229699],[1.441286204750981,43.599645392695329]]}},
{"type":"Feature","properties":{"fid":457},"geometry":{"type":"LineString","coordinates":[[1.443529130683413,43.594740950605249],[1.442728085707544,43.594557237762487],[1.442300861720415,43.594460546567277],[1.442060548227655,43.594247825391029],[1.442007145229263,43.594064111042776],[1.442100600476447,43.593948080639159],[1.442594578211566,43.593677342160618],[1.442661331959556,43.59358064955169],[1.442474421465186,43.593445279638182],[1.443222063442663,43.593135861549577],[1.443902951672151,43.592961813175613],[1.444143265164912,43.592874788799861]]}},
{"type":"Feature","properties":{"fid":458},"geometry":{"type":"LineString","coordinates":[[2.510562531261542,48.806632381262546],[2.509874140907971,48.80690491201338],[2.50968963683931,48.805489609613808],[2.508761314553432,48.805568335416076]]}},
{"type":"Feature","properties":{"fid":459},"geometry":{"type":"LineString","coordinates":[[2.507526764145574,48.804461939714493],[2.508398450899884,48.804425213646283],[2.508427586001791,48.804546491297053]]}},
{"type":"Feature","properties":{"fid":460},"geometry":{"type":"LineString","coordinates":[[2.509655860831514,48.806930055217762],[2.509887457468976,48.806895752151618]]}},
{"type":"Feature","properties":{"fid":461},"geometry":{"type":"LineString","coordinates":[[2.462646904312945,48.818815280097603],[2.463435033052862,48.819177220372111],[2.463424927014735,48.81929468353583],[2.46426620870435,48.81968035831926],[2.464967019201485,48.819883260493675],[2.466086055930245,48.820082151232178],[2.467269826739177,48.82004189652433]]}},
{"type":"Feature","properties":{"fid":462},"geometry":{"type":"LineString","coordinates":[[2.468006481632363,48.818075220771384],[2.468109173724756,48.81783789798461],[2.468326084405988,48.817672925930232],[2.46861967301819,48.817674231034751],[2.469373913238687,48.817871469792678],[2.469773605756427,48.817937872602862],[2.470041401550116,48.817850928389483],[2.47028237223806,48.817777084452992],[2.47091050249829,48.817251076770113],[2.472023847618911,48.816251298871883],[2.472588479434302,48.815842510187402],[2.473455990034482,48.815393924866285],[2.474957124589406,48.814748352232677],[2.475165306813091,48.814639803197196]]}},
{"type":"Feature","properties":{"fid":463},"geometry":{"type":"LineString","coordinates":[[2.511509994493955,48.812077670488677],[2.513710343510006,48.811796340552128],[2.515850959586944,48.811182956698978],[2.51744251421673,48.810525847966936],[2.519001583372713,48.809982633722115],[2.519821254438112,48.809612685341655],[2.520406322930211,48.809148479447884],[2.521000776520254,48.808515830053501],[2.520924627828263,48.808261511746188],[2.520612512352571,48.808063270707812],[2.520344198319869,48.808222896707491],[2.520596768459779,48.808068391516876]]}},
{"type":"Feature","properties":{"fid":464},"geometry":{"type":"LineString","coordinates":[[2.517592174974955,48.81046813270224],[2.518832527196063,48.811292192446636],[2.515028577864189,48.812562832640438]]}},
{"type":"Feature","properties":{"fid":465},"geometry":{"type":"LineString","coordinates":[[2.513053131200913,48.812411849008228],[2.512976579888469,48.812204180095549],[2.511789818753885,48.812370409455923],[2.511648152651123,48.812411302299566]]}},
{"type":"Feature","properties":{"fid":466},"geometry":{"type":"LineString","coordinates":[[2.508196185661185,48.808432039093717],[2.508498741323833,48.809077738700253],[2.508804874254254,48.809731055310422]]}},
{"type":"Feature","properties":{"fid":467},"geometry":{"type":"LineString","coordinates":[[2.508498741323833,48.809077738700253],[2.507303109857289,48.809238474775015]]}},
{"type":"Feature","properties":{"fid":468},"geometry":{"type":"LineString","coordinates":[[2.429117270087692,48.847199544501514],[2.429378650114222,48.846645189769966]]}},
{"type":"Feature","properties":{"fid":470},"geometry":{"type":"LineString","coordinates":[[2.428815428707269,48.846252859016673],[2.430848609078059,48.845962599108425],[2.430897323611642,48.845955644083404],[2.431498969196517,48.847042782127843],[2.431506329091327,48.847056080717053],[2.431505285873612,48.84715171207845],[2.431435740289718,48.847201476808436],[2.430952050211902,48.847262934732555],[2.43082015591541,48.847335173084574],[2.430805659715798,48.847398861653687],[2.430853163540838,48.847471953395008],[2.430942365611071,48.847517918799063],[2.431074884517054,48.847520129311647]]}},
{"type":"Feature","properties":{"fid":471},"geometry":{"type":"LineString","coordinates":[[2.503670573760976,48.807534629619447],[2.504463201528328,48.805037618995982],[2.502425377438092,48.804770223342587],[2.501712053246875,48.804676614739662],[2.500466176120339,48.804513108875653],[2.497178075694935,48.804023160313264],[2.497994516147799,48.801182033330413]]}},
{"type":"Feature","properties":{"fid":472},"geometry":{"type":"LineString","coordinates":[[2.494603279558515,48.801242621727617],[2.492962130050207,48.799725064985338]]}},
{"type":"Feature","properties":{"fid":473},"geometry":{"type":"LineString","coordinates":[[2.499935477814254,48.800408356663588],[2.501025019179931,48.79995103427698],[2.501398752273,48.799760555879139],[2.501664629705695,48.799621892558051],[2.501868834147673,48.799515392699341],[2.50215239714151,48.799281865919959],[2.502857675576329,48.799415457522493],[2.503077724453778,48.799402918756911],[2.505151165009451,48.802265282164306]]}},
{"type":"Feature","properties":{"fid":474},"geometry":{"type":"LineString","coordinates":[[2.504110536603611,48.802730630252285],[2.504579364908377,48.803185661986852],[2.504695788369798,48.803381480818167],[2.504808503879537,48.803967956690009],[2.504686514055901,48.80435812369452],[2.504462985023138,48.805060407305589],[2.505821753746587,48.805222301032856]]}},
{"type":"Feature","properties":{"fid":475},"geometry":{"type":"LineString","coordinates":[[2.511501043005792,48.794525930062136],[2.511448037322428,48.794711992928541],[2.511127995718511,48.794985981771127],[2.511034612597792,48.795065926702001],[2.510940420956127,48.795088120633565],[2.510682682332303,48.795239476145653],[2.510557069376902,48.794968009848603],[2.510480971304196,48.794883025686069],[2.509797702412401,48.795151312607501],[2.508497958263976,48.795661641219098],[2.506724783606432,48.796357817252179],[2.508807031345769,48.797484733025627],[2.509601043397686,48.797914430934469],[2.509912366866736,48.798082907383986],[2.510659449613859,48.798487192372789],[2.511558076236182,48.798973470885691],[2.512449436554326,48.799455801508849],[2.513539109007787,48.800045420863626],[2.514673568331994,48.800659249252718],[2.514670543261873,48.80065761249471],[2.514342357754062,48.801856097317525],[2.513445108282852,48.805132427213557],[2.513444070685496,48.805136215779775],[2.512463629584891,48.805803949911734],[2.511991309131395,48.80605039288622]]}},
{"type":"Feature","properties":{"fid":476},"geometry":{"type":"LineString","coordinates":[[2.376088190739152,48.844651068590323],[2.375616477221788,48.844849051251948],[2.376054039741305,48.845197554933897],[2.375905320385191,48.846140134012778],[2.375904658829938,48.846144326852915],[2.375739669261758,48.846088799669339],[2.375450712192352,48.847162396734362],[2.375474389649272,48.847490518318416],[2.376097378228041,48.848495984116077],[2.376000777589997,48.849047042170284],[2.375682479263791,48.850862689088238],[2.37609150091829,48.851293040760574],[2.379799704392761,48.857562460794043],[2.371526084296595,48.85436689206216],[2.371370564994506,48.854340365725712],[2.37130563009682,48.854329289958962],[2.370269597546792,48.853230521146706]]}},
{"type":"Feature","properties":{"fid":477},"geometry":{"type":"LineString","coordinates":[[2.480239022948008,48.809761623303402],[2.480576990825758,48.810426083393288]]}},
{"type":"Feature","properties":{"fid":478},"geometry":{"type":"LineString","coordinates":[[2.481480246698886,48.810186918258196],[2.481994314566681,48.811028429817867],[2.481881706039484,48.811052680304456],[2.482294563600735,48.81172240686719],[2.486259290867112,48.810774710269904],[2.486453808526124,48.810800284441164],[2.48665085876966,48.81056858926614],[2.486667496079537,48.810400439197849],[2.486609518106035,48.810202282549788],[2.485886289449059,48.80901756318471]]}},
{"type":"Feature","properties":{"fid":479},"geometry":{"type":"LineString","coordinates":[[2.486049304138316,48.80848309724108],[2.48430144541131,48.805740652589954],[2.484562718596234,48.805830838267454],[2.485055258300433,48.806016026332621],[2.486086313057899,48.806282691990702],[2.486204693326113,48.806310122694818],[2.487065336134518,48.806509543732872],[2.487708181734197,48.806645888451548],[2.488561000136692,48.806758389654405],[2.489909001881421,48.806788887712791],[2.490516098557884,48.806751895003984],[2.49137143366615,48.806607106133725],[2.49164180499578,48.806534040601477],[2.491729710756262,48.806737270343916],[2.491801624301035,48.807044333794309],[2.491894033509569,48.807554340033683],[2.491944393645777,48.807767305239111]]}},
{"type":"Feature","properties":{"fid":480},"geometry":{"type":"LineString","coordinates":[[2.493749937789745,48.807737857213077],[2.494131136033732,48.808595422740353],[2.494310610593798,48.808998847006649],[2.494673641290373,48.80981484979381],[2.494785666068786,48.809849957093817],[2.495273949462614,48.809708536517],[2.496046779285543,48.809578209143851],[2.497157590081915,48.809355292702698],[2.497427776847041,48.809302004229288],[2.497578161042115,48.809243264025973],[2.497714087844203,48.809130038269835],[2.498140014984921,48.809127361880755],[2.498657997125054,48.809124105002439],[2.499848621118707,48.809168673626672],[2.500262189546934,48.809170403137351],[2.500537755883432,48.809171554739827],[2.503079750625547,48.809246162467794],[2.503877762359202,48.809269572976959],[2.504278667969783,48.808860577724111]]}},
{"type":"Feature","properties":{"fid":481},"geometry":{"type":"LineString","coordinates":[[2.321765300270402,48.848978307522252],[2.321719936767018,48.849007735953002],[2.320186369755471,48.848182677716636],[2.321500212066411,48.846882731000207],[2.322803249722454,48.84756298827925],[2.324139546661806,48.846259428707697],[2.326896296922512,48.846987425999224],[2.32412938422591,48.844152924245428],[2.324359123577683,48.843778202816829],[2.327736999166671,48.842629036506906],[2.328297916418736,48.842438196038287],[2.329516450852589,48.842023600963323],[2.329375824535361,48.841884279154634],[2.327514540778071,48.841625727743939],[2.327250850803228,48.841589095946709],[2.327596912319471,48.840329395491672],[2.32754684126034,48.840143577712453],[2.327605037410609,48.8401243607045],[2.330640598860038,48.839121925616482],[2.330863298478762,48.838706332972706],[2.333695704017777,48.840528030292411],[2.334824119083036,48.840207766654814]]}},
{"type":"Feature","properties":{"fid":482},"geometry":{"type":"LineString","coordinates":[[2.510549819027093,48.80432919685046],[2.510554945854206,48.803782846723607],[2.510502978709898,48.803670557771007],[2.509367322559995,48.803777978058015],[2.509074806335749,48.803335833112627],[2.507727718461012,48.801299570845018],[2.507273300063626,48.800612630454189],[2.506326487309375,48.799181276728596],[2.505442881267803,48.797845397127745],[2.504913840791501,48.797045530772579],[2.503542544198982,48.796302586613137],[2.502490229932762,48.797692167259669],[2.499287599650047,48.795538823830746],[2.496448079793938,48.793942303909347],[2.496275759372989,48.793966718987207],[2.496253575109767,48.794068195487739],[2.496162648087482,48.794151870124971],[2.496013816730988,48.79419327155874],[2.495849623919251,48.794178569391271],[2.495686506128725,48.794052669893986],[2.495665254562202,48.793881711530091],[2.494174069289387,48.793852567376298],[2.494168555625518,48.795335142684031],[2.494219800200206,48.79551748488818],[2.494141402590369,48.795586369392687],[2.494006887461484,48.795704561320157],[2.493727889677932,48.795949700927977],[2.494172298071061,48.796042645224013],[2.494238712312558,48.797941229996177],[2.495033736289854,48.797962103531219],[2.49731391043357,48.800108178119459],[2.502809605537013,48.797890653410406],[2.502499821150719,48.798605013823035],[2.503077724453778,48.799402918756911]]}},
{"type":"Feature","properties":{"fid":483},"geometry":{"type":"LineString","coordinates":[[2.434065548108655,48.840505295781654],[2.434305172546994,48.840052608395446],[2.4345149332941,48.839708860738099],[2.43469873915726,48.839394523320514],[2.434869957395491,48.839262245258212],[2.435741266961645,48.83915428512168],[2.435902022490839,48.839007947047378],[2.435938706275226,48.83855982654616],[2.435765298483231,48.837914586506898],[2.435372405046104,48.835981214798892],[2.436785159485329,48.835840778634434],[2.436808725963538,48.835623746865288],[2.436778333336092,48.835490516255391],[2.436779695594735,48.835364439757811],[2.436803337557701,48.835140403645681],[2.436932398856203,48.834979905276711],[2.443583067046752,48.834189738256534],[2.444241702700729,48.83411574969697],[2.444913407701395,48.833810666021272],[2.44508540186403,48.833601325750173],[2.445067985085215,48.833244009652205],[2.444921649299664,48.83303669446056],[2.444084388886268,48.828968369724898],[2.44379257196002,48.827666724828909],[2.443294484256049,48.825444857021253],[2.442573733876662,48.822408475568984],[2.442527385555727,48.822278672846124],[2.442565335471352,48.822201798224988],[2.442530353045834,48.82200112601312],[2.442494987060887,48.821836350989827],[2.442566181621245,48.821626542250286],[2.442727659360691,48.821405771593625],[2.442876348721021,48.82138895271698],[2.443078785208753,48.821305839431794],[2.44334452815145,48.82125454162891],[2.443626013300179,48.82121907703651],[2.443721814976712,48.821188001638937],[2.443808578321223,48.821009785605362],[2.443867179533232,48.820985541742559],[2.443980901358298,48.82085168234854],[2.444952396757531,48.820682377526666],[2.44493756719271,48.820580740634327],[2.444981524176885,48.820437348439285],[2.445094016957324,48.820332800105106],[2.445195678634899,48.820249215491202],[2.445498650554045,48.820187578572956],[2.445753443328427,48.820167745755697],[2.446051333833287,48.820085069796299],[2.446434414196048,48.81997126637156],[2.446951826158236,48.819693472701033],[2.4470265577063,48.81964828778473],[2.447350329536826,48.81962526819752],[2.447626147241233,48.819623040313246],[2.448033810281822,48.819691467455307],[2.448293569644359,48.819703173296539],[2.448590564609945,48.819704543243283],[2.44879265225017,48.819652939762115],[2.449053447721942,48.819566582967575],[2.449490143890992,48.819396979191609],[2.449783348866762,48.819254732413398],[2.449848191012454,48.819141204403245],[2.450636049801702,48.818864638730702],[2.45099322111642,48.818691161660944],[2.451404123750944,48.818451385364334],[2.45451200988718,48.817947256067171],[2.45524532962477,48.817810505203497],[2.457163947346686,48.817422589568253],[2.458045597876449,48.817300504269902],[2.458507161751112,48.817285083696262],[2.45913400666369,48.81718547704449],[2.459631162991215,48.816805968362722],[2.460970165490149,48.816047623367382],[2.462894375179407,48.815106268373526],[2.463742786690152,48.814601358992512],[2.464511179468333,48.81414074017998],[2.465449017383766,48.813703639364405],[2.466755725459454,48.812975729515941],[2.468228299509959,48.812099692393687],[2.468673647957004,48.811830232840357],[2.46875121239429,48.811783301759689],[2.468943758502305,48.811622172710216],[2.469410542413946,48.811088382907776],[2.470168495088167,48.810601412643933],[2.470484231030308,48.81084097264965],[2.470636939682863,48.810946719995336],[2.470700144359495,48.810989028266761],[2.472784492111261,48.809907249932024],[2.474859550367904,48.8086861744071],[2.476094951860725,48.808168865303777],[2.479044595000232,48.80696467953058],[2.478773010606172,48.806550214897143],[2.481532719252732,48.805800670457018]]}},
{"type":"Feature","properties":{"fid":484},"geometry":{"type":"LineString","coordinates":[[2.486910108112018,48.805143312154598],[2.486917546151276,48.804926196359474],[2.487105064507594,48.804391347448906]]}},
{"type":"Feature","properties":{"fid":485},"geometry":{"type":"LineString","coordinates":[[2.487792633559176,48.804903681322941],[2.488020894345963,48.804876640110152],[2.488270964168047,48.804788400125268],[2.488607015059936,48.804583197636738],[2.488978092093489,48.804320354581279],[2.489402377328109,48.804038036702728],[2.489580573851094,48.803979257186619],[2.489801133749128,48.803925911802004],[2.489952306279537,48.803919552162704],[2.490145756993794,48.803927382207966],[2.49037856136936,48.803977408342661],[2.490782857557926,48.804112221912455],[2.491948611092336,48.804730099274771],[2.492597223958213,48.805095788459077],[2.493041661370107,48.804920803880485],[2.494242010330013,48.804417377943231],[2.494326151507874,48.804507097249299],[2.495708854982146,48.804696215700865],[2.496303845608977,48.80478399177516],[2.496246821745105,48.804923846701087],[2.496285758088468,48.805009819091005],[2.497204525702307,48.805131016783129],[2.497261057743538,48.805041943872993],[2.497441073084329,48.805068968664379],[2.49751118020526,48.804946680095853],[2.497569333555579,48.804964436431796],[2.497612070064895,48.804931343440579],[2.49767304308229,48.804931599677374],[2.497704433497668,48.804975511329353],[2.49786898466274,48.804999951659646],[2.49872365605698,48.805126889621981],[2.500719949745057,48.805403613922607],[2.500821004077956,48.805094075500534],[2.502245338185078,48.805300088159832],[2.502154845907004,48.805614925248499],[2.502154845907004,48.805614925248499],[2.505861615477626,48.806124577814828]]}},
{"type":"Feature","properties":{"fid":486},"geometry":{"type":"LineString","coordinates":[[2.372260308276243,48.84447539294576],[2.373649583610443,48.843682390820447],[2.376491794700397,48.842059921815512],[2.378492682301557,48.840792927366593],[2.379015289617225,48.840461988051878],[2.380261170472473,48.839207618236784],[2.380153164741293,48.837581985559666],[2.38139520878204,48.836642789953196],[2.381921573261596,48.836995742674148],[2.385546901675135,48.834182694211421],[2.386333637596709,48.833572176384926],[2.386143652363372,48.83348714565782],[2.386698653386105,48.833209806706826],[2.385015653066801,48.831968345112955]]}},
{"type":"Feature","properties":{"fid":487},"geometry":{"type":"LineString","coordinates":[[2.386698653386105,48.833209806706826],[2.387581799824405,48.83390078768381],[2.387153784925196,48.834206799878437],[2.386312418150073,48.833572067512428]]}},
{"type":"Feature","properties":{"fid":488},"geometry":{"type":"LineString","coordinates":[[2.381921573261596,48.836995742674148],[2.380765996156731,48.83780230316242],[2.380192525219089,48.83784136080989]]}},
{"type":"Feature","properties":{"fid":489},"geometry":{"type":"LineString","coordinates":[[2.325898753090972,48.869523568378007],[2.326055213279952,48.870561110285884],[2.326715832981857,48.870382712078865],[2.327636479958903,48.873091606105021],[2.328380803365517,48.873011731332795],[2.329770296409107,48.872305065976796]]}},
{"type":"Feature","properties":{"fid":490},"geometry":{"type":"LineString","coordinates":[[2.336508825092113,48.863457435897807],[2.33689313875258,48.864124993072473],[2.337919989457051,48.866028894262755],[2.337760032939732,48.866084045147709],[2.337884490727031,48.866315881593401],[2.33860898067287,48.866116757468298],[2.338691065842609,48.866341354405634]]}},
{"type":"Feature","properties":{"fid":491},"geometry":{"type":"LineString","coordinates":[[2.33893870813077,48.866069547763189],[2.339244892621919,48.866204323659893]]}},
{"type":"Feature","properties":{"fid":492},"geometry":{"type":"LineString","coordinates":[[2.337884579749157,48.866308877606031],[2.337246441116521,48.866396403868436],[2.337381157405438,48.866656315498666]]}},
{"type":"Feature","properties":{"fid":493},"geometry":{"type":"LineString","coordinates":[[2.335651308461028,48.866597694649158],[2.336987093967985,48.865918662717185],[2.335887575612718,48.863888268982016],[2.338221431907564,48.863193742827448],[2.339540265559291,48.863004902317265],[2.339720909431971,48.862991890097732],[2.340808404325672,48.862626646561452],[2.341662337227568,48.863100648507682],[2.342141546781715,48.862984207194238],[2.342966918742486,48.863198876266281],[2.343521053903241,48.863033809297569],[2.343858903093774,48.863182756472646],[2.346545241374765,48.862306132251611],[2.346875552167555,48.862209872381882],[2.347217793636416,48.862008609178879],[2.347283767999547,48.861826852008129]]}},
{"type":"Feature","properties":{"fid":494},"geometry":{"type":"LineString","coordinates":[[2.339085070259537,48.866248970323809],[2.339416355209884,48.866916224577601],[2.339020128702693,48.866998358005148]]}},
{"type":"Feature","properties":{"fid":495},"geometry":{"type":"LineString","coordinates":[[2.339468590183708,48.866146020362649],[2.339892587282125,48.867037928149642],[2.339136772978358,48.867194860127235],[2.339084490140093,48.867131531169306],[2.340568515737648,48.869836435478717],[2.340642743929481,48.869942884659565],[2.341214074790761,48.870004595017782],[2.341404198866659,48.870923224368958],[2.341638133183891,48.87089649350871]]}},
{"type":"Feature","properties":{"fid":496},"geometry":{"type":"LineString","coordinates":[[2.341861492087723,48.871706735268603],[2.342232133507298,48.872626354180255],[2.342083221279437,48.872646549106577],[2.342237178936226,48.87306766132469],[2.342387867215222,48.873747919127631],[2.342598986790802,48.873847140773684],[2.342341327743827,48.874069867151739],[2.340727226151077,48.874074997167462],[2.340424564639257,48.872819536400762],[2.340392889028128,48.872805352983882]]}},
{"type":"Feature","properties":{"fid":497},"geometry":{"type":"LineString","coordinates":[[2.34160609802348,48.871750859635512],[2.340642743929481,48.869942884659565]]}},
{"type":"Feature","properties":{"fid":498},"geometry":{"type":"LineString","coordinates":[[2.337370585543235,48.866652754729976],[2.337920080513947,48.86769245790331],[2.336323126079678,48.868033836941045],[2.336260764604938,48.86792842407263],[2.335547661247996,48.868064556827107],[2.335081264142062,48.867172398565842]]}},
{"type":"Feature","properties":{"fid":499},"geometry":{"type":"LineString","coordinates":[[2.377065960693249,48.872154286545936],[2.378109600823279,48.872407632580455],[2.379808156898949,48.872819936113395],[2.380774658804853,48.87190736203106],[2.381905996774892,48.872312460766402],[2.382393161120974,48.872420041487423],[2.382947023397991,48.871379240524199],[2.38373975609369,48.870787949094499],[2.384050225315169,48.870572410163376],[2.38435189593804,48.870202727872787],[2.3868021569394,48.870411429410645],[2.386745277672907,48.870733341227563],[2.386079163372215,48.871395346029516],[2.385865493570609,48.871506320548349]]}},
{"type":"Feature","properties":{"fid":500},"geometry":{"type":"LineString","coordinates":[[2.392562532402043,48.875403417807831],[2.392368217158269,48.875675602543815],[2.393220140313395,48.876380361710751],[2.392474214054659,48.876602469604563],[2.388784748096072,48.876996947065408],[2.387870069281895,48.877118352217522],[2.388264676990915,48.878782156126263],[2.388368818117261,48.879861359858843],[2.388516170513942,48.879974182298199],[2.388567251783765,48.880146049925678],[2.388277735891854,48.880382719027331],[2.387283140432822,48.88097300290881],[2.386949982108291,48.881307506209616],[2.386417194247633,48.881458872501163],[2.386354302668795,48.881388506668792],[2.386614201981432,48.880962573138547],[2.386659978995461,48.880682633553491],[2.386559725829766,48.880177806313299],[2.385966453516046,48.880055690827845],[2.384930487737136,48.879651124368316],[2.383690455821374,48.879441620539993],[2.382458976658916,48.879407257027552],[2.381100979215304,48.878402121738645],[2.380873963000015,48.87784585125663],[2.380773355010571,48.877376037613764],[2.380503351978764,48.876863320894664],[2.38066521192081,48.876647022533078],[2.38118180659737,48.876068330124312],[2.381311140670249,48.87590789772144],[2.380539294973703,48.874734172632984],[2.379434887343474,48.874738958972152],[2.378619048331226,48.874587634459054],[2.377402658899655,48.874189067685251],[2.377889335907282,48.873449131201802],[2.37847423267407,48.872485561200463]]}},
{"type":"Feature","properties":{"fid":501},"geometry":{"type":"LineString","coordinates":[[-4.779730671273026,48.359219856791924],[-4.780565298777677,48.358983026948273],[-4.780597213830755,48.359083213331836],[-4.777800382477339,48.360233496399673],[-4.777274139021515,48.360825055043939],[-4.776686137868197,48.361000158122046],[-4.776211557732326,48.3610200406034],[-4.775297639605207,48.361182498531662],[-4.77470629111729,48.361335080729198],[-4.774280915410961,48.361226697529467],[-4.774149340667745,48.36114443562429],[-4.773575087589388,48.361182233479099],[-4.772909082827246,48.361521565095131],[-4.772307716330427,48.361606602069251],[-4.772172808031613,48.36150182690217],[-4.772037688482735,48.361510718509244],[-4.771985138934113,48.361616464199336],[-4.771333099791963,48.36170483051103],[-4.770838286106637,48.361703291685053],[-4.770117232177305,48.361671173886243],[-4.769311293546902,48.36187194080226],[-4.768747031803073,48.361977248739606],[-4.768032226544761,48.361987326727281],[-4.767160547912927,48.36168664923494],[-4.765959303959424,48.363652264253858],[-4.765615542950342,48.363691913926914],[-4.765378845748733,48.363821127755166],[-4.765423501426477,48.364295529577319],[-4.767280476827248,48.364051252032091],[-4.767225692827274,48.364429906535804],[-4.767347986002864,48.364507103518235],[-4.768283658749762,48.364491029817728],[-4.768610641607474,48.364395650040287],[-4.76913427021649,48.364246135786452],[-4.769721499070775,48.364065442828178],[-4.770589707533586,48.363996961973108],[-4.770644119230564,48.36424910054609],[-4.772473647658973,48.363992339032727],[-4.772506700520101,48.363927654901893],[-4.7725230733574,48.363750415530767],[-4.772482830952306,48.363593949695996],[-4.772657785480368,48.363508562117126],[-4.772904471763458,48.363446866845031],[-4.773242178016558,48.363481468483705],[-4.773666631557312,48.363641060854256],[-4.773981506107866,48.363694211147902],[-4.774364986495823,48.363749948223933],[-4.774633258535333,48.363891404195755],[-4.774916125525065,48.363901197736539],[-4.775193986918771,48.363877224148375],[-4.775415131532921,48.363930858234284],[-4.775808622434043,48.363939049848796],[-4.776119227521922,48.364020889125847],[-4.776467255980929,48.36395251429078],[-4.777193653027054,48.363847859656957],[-4.777631238837697,48.363750853486749],[-4.777860195336951,48.363684632418362],[-4.77807152555873,48.363557062099026],[-4.778207682410111,48.36344012457365],[-4.778392939638701,48.363251761014311],[-4.778523153702358,48.363152262441325],[-4.778590912680205,48.363034146155925],[-4.778657737969109,48.362967235510268],[-4.779081762254694,48.362893847191401],[-4.779442398119121,48.362853045934685],[-4.779603592198407,48.362904938247503],[-4.779881641044216,48.362767286816464],[-4.780007677200624,48.3626396480038],[-4.780339733101338,48.362521168585594],[-4.78051874872476,48.362520741324012],[-4.780647190676569,48.362466818374372],[-4.780859344115133,48.362344870677852],[-4.781421080784867,48.362222621974922],[-4.781883145219139,48.362118303109959],[-4.782278388431965,48.362080895207704],[-4.782654330462585,48.361970882395276],[-4.782991386692815,48.36188616167658],[-4.783573783368901,48.361903188200742],[-4.78438171093093,48.362003374649191],[-4.784754122593882,48.361984511340864],[-4.784872351384459,48.361976718507471],[-4.785278725490279,48.361841960084639],[-4.785413935097774,48.361776219916251],[-4.785967773119132,48.361830634360807],[-4.786261491784502,48.361913560605757],[-4.786311799195387,48.36213755401247],[-4.786269303006228,48.362310838034794],[-4.786358493938113,48.362509536996484],[-4.786630789056913,48.362792771130152],[-4.787090550443012,48.362672955919443],[-4.787897927193082,48.36259699038682],[-4.788207884364232,48.362559503536012],[-4.788758742008098,48.362364060527852],[-4.788897291503497,48.362320827023566],[-4.789089104977328,48.362234301260109],[-4.789319886447949,48.362065646371143],[-4.789109425232629,48.362198864543153],[-4.788741016433037,48.362359546697391],[-4.788852956768587,48.362596523517126],[-4.789130979786841,48.362458850351473],[-4.789365018021099,48.362369539450128],[-4.78942681408376,48.362268856803567],[-4.789520804921496,48.362097857505105],[-4.789758184132595,48.3620310563999],[-4.789782596196689,48.362080591256891],[-4.790003921106916,48.362020531274986],[-4.789968556506071,48.361954670521499],[-4.789833438804835,48.361963582418625],[-4.789742130203146,48.362037798012977]]}},
{"type":"Feature","properties":{"fid":502},"geometry":{"type":"LineString","coordinates":[[-4.788820012608352,48.362604378838455],[-4.788542999838934,48.362634012054308],[-4.788353208451318,48.362504458488573]]}},
{"type":"Feature","properties":{"fid":503},"geometry":{"type":"LineString","coordinates":[[-4.786630162440215,48.362788550380394],[-4.786400295029089,48.362905994189859],[-4.785874104691215,48.362980461543813],[-4.783572672493642,48.363734519935797],[-4.781844550417263,48.363984775881136],[-4.779060303424849,48.364071577635343],[-4.778263105032057,48.364101348783194],[-4.777973559674004,48.364046541457938],[-4.777700705977868,48.36410428790397],[-4.777267289905569,48.364229432936959],[-4.776600106357089,48.364273362343383],[-4.776336833538422,48.364165677263927],[-4.776248410690402,48.364029432103884],[-4.775354038694367,48.364093994548192],[-4.775137796583902,48.364130960165532],[-4.774777251563804,48.364114914925658],[-4.774566117451703,48.36412881260749],[-4.774242173240526,48.364417219871925],[-4.773676121679169,48.36456812892861],[-4.77293959411401,48.364662062217313],[-4.772680181348551,48.364753007819743],[-4.772431715199101,48.364860280374437],[-4.772187523669274,48.364938857874698],[-4.771868155514909,48.365028064015775],[-4.771442649256338,48.364976504244872],[-4.771348187219305,48.364914527803741],[-4.77149708402675,48.364768347938785],[-4.771308994674023,48.364650022812398],[-4.770912163808533,48.364619305182934],[-4.770590508946966,48.364577957929981],[-4.770125389412201,48.364489221465249],[-4.769962424222157,48.364482894105677],[-4.769733854467115,48.364782060971628],[-4.769571396420059,48.364951860817015],[-4.76945993686082,48.364947827274271],[-4.769213239502221,48.365009515306369],[-4.76890731323877,48.365131924619803],[-4.768529937843434,48.36552043226564],[-4.76785945715315,48.365945262051085],[-4.767459896374177,48.366011316081014],[-4.767294426374995,48.365988101695706],[-4.767354991598397,48.366109136131321],[-4.767509515751553,48.366116022465405],[-4.767452563330186,48.366307293370539],[-4.767452563330186,48.366307293370539]]}},
{"type":"Feature","properties":{"fid":504},"geometry":{"type":"LineString","coordinates":[[-4.767307039481363,48.366015685259519],[-4.767167017931756,48.365933971276057],[-4.767136068945088,48.365782576299182],[-4.76749028758769,48.365583122603681],[-4.767900901693968,48.36547656309417],[-4.768064200294971,48.36531239339196],[-4.768131985532456,48.365194283278477],[-4.767975294277212,48.365000014456591],[-4.767769376881822,48.364934000119632],[-4.767376602322067,48.364988242923467],[-4.767210079900142,48.365073067235699],[-4.76715857287863,48.365070771681474],[-4.766979771202027,48.364957512132783],[-4.76733870704627,48.364502031108074]]}},
{"type":"Feature","properties":{"fid":505},"geometry":{"type":"LineString","coordinates":[[-4.770151220680103,48.361670358493434],[-4.771648079202876,48.361355932006504],[-4.771754528070036,48.361326196838846],[-4.771816356600864,48.361225523300853],[-4.771588360604711,48.360780231445183],[-4.771452533861869,48.360266365265652],[-4.771412617002744,48.359939398078041],[-4.771269163327441,48.359892010963257]]}},
{"type":"Feature","properties":{"fid":506},"geometry":{"type":"LineString","coordinates":[[-4.770046498928472,48.360790756613284],[-4.770523472999565,48.360844615679547],[-4.771563132426625,48.360725065012026],[-4.772330156535245,48.360549572430287],[-4.773768899020775,48.360130969803102],[-4.773574148747132,48.359967625714106],[-4.773413908045877,48.359864519322073]]}},
{"type":"Feature","properties":{"fid":507},"geometry":{"type":"LineString","coordinates":[[-4.480431898868146,48.387683135402696],[-4.480618215938092,48.388223943215912],[-4.480410061363901,48.388295285267724],[-4.480492401396208,48.38856637383833],[-4.48028630126728,48.388652127618911],[-4.480642494216929,48.389618446796682],[-4.480679504328505,48.389877861889417],[-4.480592851334024,48.390188729404819],[-4.480290887730947,48.39036780186774],[-4.480617129847327,48.391583230927317],[-4.481243496206661,48.391994393788437],[-4.481985585855741,48.391380283843915],[-4.483119863399319,48.392137381898785]]}},
{"type":"Feature","properties":{"fid":508},"geometry":{"type":"LineString","coordinates":[[-4.467381344919678,48.402439374164551],[-4.48483841255814,48.390868840945025],[-4.484574707857,48.390551069763809],[-4.485620739733262,48.389772264843643],[-4.484558553532507,48.389214215521932]]}},
{"type":"Feature","properties":{"fid":509},"geometry":{"type":"LineString","coordinates":[[-4.485312337544245,48.391129673182981],[-4.485237133648953,48.39106172475983],[-4.489400492245487,48.387802306606019],[-4.493586000548275,48.384548568350638],[-4.496890113918304,48.384295400386364],[-4.49771227378082,48.384243245923393],[-4.497904934988179,48.384216481005041]]}},
{"type":"Feature","properties":{"fid":510},"geometry":{"type":"LineString","coordinates":[[-4.497749878700221,48.384200868583562],[-4.498314476503108,48.384790374276164],[-4.498591639301616,48.385659878482343],[-4.499306672811262,48.385774477790839],[-4.499530255785764,48.385963885278215],[-4.49981874985603,48.386149173504478],[-4.500374091477615,48.386215730208328],[-4.500768692990261,48.386074348530123],[-4.500170168318166,48.387842882589823],[-4.499550979301389,48.38916190510303],[-4.49931193840083,48.389322495828878],[-4.498510300333918,48.388907997702418],[-4.497765347768495,48.389653289663002],[-4.498773067187726,48.38998200712701],[-4.49941188249286,48.389257985025608],[-4.499753951832826,48.388901805423153],[-4.500086761745663,48.388938857533226],[-4.501123325528634,48.389163927888823],[-4.501142886182749,48.38891910060903],[-4.501079249381924,48.388741358612826],[-4.501057091449575,48.388662781361255],[-4.500939111208009,48.388601192001254],[-4.501338875337028,48.388381316405969],[-4.501566047637277,48.388099680983522],[-4.501552124932466,48.387926055088187],[-4.501393925696702,48.387354397000685],[-4.501547446052615,48.387359195909141],[-4.500561689774531,48.383062649322468],[-4.500546732576033,48.382729121097945],[-4.500695596893939,48.38262514697972],[-4.500859892684735,48.382171172958763],[-4.50100824437306,48.382139943381411],[-4.50096801823885,48.381400828063128],[-4.500960545834768,48.381348585695164],[-4.500318205565579,48.38136026870297],[-4.500221873281081,48.381220957303746],[-4.499768067832322,48.381329740767789],[-4.499063927734255,48.381825240902742],[-4.499244736302238,48.381944650126663],[-4.499134505912964,48.382089798384214],[-4.498263445513343,48.382181423780246],[-4.497620064235154,48.382491277833068],[-4.497324898689483,48.382793580701474],[-4.496842222932705,48.383158675635521],[-4.496806677130372,48.383291812292363],[-4.496903520283706,48.383358381360949],[-4.49713377988925,48.383670979658895],[-4.497340346102313,48.383970538209283],[-4.497427404143361,48.383892303341902],[-4.497535066764427,48.384110881183041],[-4.497782847113536,48.38408789098478],[-4.497814270923276,48.384231321822632]]}},
{"type":"Feature","properties":{"fid":511},"geometry":{"type":"LineString","coordinates":[[-4.480443990201167,48.387729631972306],[-4.482450697287046,48.387333584557567],[-4.485046262112756,48.386703891773088],[-4.485780791270867,48.387108180892554],[-4.48846506660519,48.388552331279911],[-4.490299482164484,48.389548579165087],[-4.489650268020269,48.390047798188121],[-4.488649860531394,48.389464054675528],[-4.489857087158488,48.388515028903335],[-4.490786053528256,48.38775813015075],[-4.489979360061827,48.38730754435371],[-4.490041709498846,48.387209068527916],[-4.489812483143041,48.387056358432382],[-4.489899054063595,48.386898178700548],[-4.489432348858023,48.38668780537526],[-4.489297883519404,48.386739952596493],[-4.488815745427325,48.386421488053607],[-4.488456177196379,48.386349745478171],[-4.48813421029678,48.386311975241661],[-4.488072414438756,48.386185010126098],[-4.488096136920795,48.386045355850818],[-4.487803568875636,48.385831215348468],[-4.488279115205558,48.385492064134162],[-4.486107528190804,48.384197221306216],[-4.485978774359565,48.384059954291104],[-4.486180732404869,48.383945366485406],[-4.486070528837066,48.383785111208311],[-4.487611905074432,48.383265743086092],[-4.487704092105713,48.383376240725042],[-4.488579346120424,48.383084473267054],[-4.488502091504948,48.383002114618506],[-4.488878152538725,48.382883760891758],[-4.488761241414835,48.382753017229248],[-4.490794517315337,48.382086094330226],[-4.49098614481795,48.382052134684784],[-4.49115971162799,48.382273810518825],[-4.491616631256512,48.382186677850996],[-4.49194471919313,48.382573065768582],[-4.492244016810035,48.382452295669928],[-4.492894567776979,48.38295639085969],[-4.49339524525023,48.383251850172059],[-4.493669784440288,48.383568917565384],[-4.494342003424459,48.383995284776752],[-4.494566590812298,48.384191907764801],[-4.493874222068372,48.384541200386998]]}},
{"type":"Feature","properties":{"fid":512},"geometry":{"type":"LineString","coordinates":[[-4.490047687382858,48.388626560091588],[-4.48908593392361,48.38808399830554],[-4.489038542086531,48.388057916617967]]}},
{"type":"Feature","properties":{"fid":513},"geometry":{"type":"LineString","coordinates":[[-4.393046375350282,48.40109081743649],[-4.393308260332444,48.401554276224545],[-4.391797531940181,48.401990430778731],[-4.392161995640754,48.402949122175542],[-4.393293527710608,48.405862791776151],[-4.393638787942067,48.406917192289576],[-4.393782905486238,48.407009963789491],[-4.39526828212662,48.406160977471679],[-4.395760520549584,48.406786327869654],[-4.396252155264009,48.40732992459408],[-4.395901786887629,48.407555404370626]]}},
{"type":"Feature","properties":{"fid":514},"geometry":{"type":"LineString","coordinates":[[2.517386539148086,48.808175787615575],[2.518061988019529,48.807858986486167],[2.518730845180594,48.807474482755389]]}},
{"type":"Feature","properties":{"fid":515},"geometry":{"type":"LineString","coordinates":[[2.518272280654366,48.806816258907588],[2.517512971281989,48.805537620616299],[2.520080053589937,48.80647067320448]]}},
{"type":"Feature","properties":{"fid":516},"geometry":{"type":"LineString","coordinates":[[2.521755742813462,48.804397822397149],[2.520596856240427,48.804709171177066],[2.519413154212965,48.8050271714026],[2.517512971281989,48.805537620616299],[2.515232543391893,48.804846955147895],[2.513367948459367,48.805694209095059],[2.512491041665055,48.806151761769975]]}},
{"type":"Feature","properties":{"fid":517},"geometry":{"type":"LineString","coordinates":[[2.510764150834358,48.811931207566325],[2.51149524164282,48.81206536566652]]}},
{"type":"Feature","properties":{"fid":518},"geometry":{"type":"LineString","coordinates":[[2.512322874526459,48.81249504240526],[2.512029643622768,48.813321847204747],[2.511277481234831,48.813477630409963]]}},
{"type":"Feature","properties":{"fid":519},"geometry":{"type":"LineString","coordinates":[[2.512031919746983,48.81332072373344],[2.512261322198452,48.813767535547385],[2.512087008461855,48.813824210497714],[2.512182935516286,48.814185314991327],[2.511660909929883,48.814256966160201],[2.511867936454605,48.814684108656628],[2.512282536376349,48.8154810081855],[2.512318702180552,48.815595927885951],[2.512341688429155,48.815792773923199],[2.512464593283358,48.815924443308518],[2.512413944238958,48.816030810898773],[2.512524945377222,48.816122725238515],[2.512672628953891,48.816245013747178],[2.512830631056681,48.81660636989821],[2.513272880883098,48.817104150169953],[2.513765748848744,48.817499659436287],[2.514449408572142,48.817404061649938],[2.51500824480927,48.817381735698099],[2.516112589502988,48.817435397992156],[2.517328127006454,48.817546884952669],[2.517837612618426,48.817491554571802],[2.518333093461508,48.817608323494113],[2.518507034580947,48.817592628074799],[2.518870506859635,48.817216983408521],[2.51976669188852,48.816958250293169]]}},
{"type":"Feature","properties":{"fid":520},"geometry":{"type":"LineString","coordinates":[[2.512261322198452,48.813767535547385],[2.512846017775408,48.813630552908343],[2.513115650794186,48.814000562363972],[2.514268851565507,48.813558829625272],[2.514268851565507,48.813558829625272],[2.514268851565507,48.813558829625272],[2.514268851565507,48.813558829625272],[2.51432484954762,48.813544950293803]]}},
{"type":"Feature","properties":{"fid":521},"geometry":{"type":"LineString","coordinates":[[2.514534513128207,48.813596430738698],[2.51562392798935,48.813912374186138],[2.516464112987238,48.814333874129083],[2.517022308067128,48.814377120395683],[2.517520032880662,48.814247961658197],[2.517693073751024,48.814166703167665],[2.519132130203781,48.813490915011435],[2.519302839802035,48.813410746586342],[2.519377295513529,48.813360718287626],[2.520139685814922,48.812848444502322],[2.520277278188571,48.812734224276845],[2.519908679804073,48.812322843215377],[2.520071548484434,48.812159536479584],[2.518619234224069,48.812426861845658]]}},
{"type":"Feature","properties":{"fid":522},"geometry":{"type":"LineString","coordinates":[[2.519442489316282,48.811726612812258],[2.518801066362923,48.811289536844257],[2.520574655586415,48.810091549976974],[2.521100466353721,48.809601774506014],[2.521812515402615,48.809104543580759],[2.52190044821945,48.808990122517081],[2.521677116336362,48.808981031104423],[2.521478005800927,48.809037620665109],[2.521315301757752,48.809184534264446],[2.520622666238827,48.808919421134853],[2.521499668487779,48.808029346238136],[2.523202553365189,48.806400635867888],[2.523428720885223,48.806098209012575],[2.523589836871656,48.806123445439802],[2.523677611031384,48.806025418320175],[2.524531041752584,48.806348540682656],[2.525322652095922,48.806646817152441],[2.526152025907156,48.806887851490629],[2.525888637515698,48.807190135626158],[2.525376873851393,48.807507829386942],[2.525075199071671,48.807924732431694],[2.524995953206874,48.808449093316234],[2.524669895268965,48.808816709817314],[2.524068908356035,48.809388182411837],[2.523819179371358,48.809551148967195],[2.523657378816014,48.80959969268325],[2.523443515524377,48.809912415695599],[2.523218905378457,48.810042688882078],[2.522956458867543,48.810238395024129],[2.522681973683334,48.81039306228152],[2.522369425385046,48.810637755299673],[2.522057099537343,48.810857854226619],[2.521869943266994,48.810963680404292],[2.521756356125026,48.81116817706782],[2.521754627082178,48.811356725025952],[2.5218148082531,48.811561916663543],[2.521912977909742,48.81168527980325]]}},
{"type":"Feature","properties":{"fid":523},"geometry":{"type":"LineString","coordinates":[[2.52221195743894,48.811973867436677],[2.522418009670846,48.81210949699782],[2.522577867927468,48.812274096079605],[2.522599990898402,48.812569313467378],[2.522016234486937,48.812607971206532],[2.522114106103091,48.812764124973427],[2.522520713088192,48.813093670553215],[2.523407669112053,48.813835031374197],[2.52375230380111,48.814156127322114],[2.524096942734207,48.81447722218514],[2.524121618741357,48.81449371642897]]}},
{"type":"Feature","properties":{"fid":524},"geometry":{"type":"LineString","coordinates":[[2.525572762373662,48.814626552619764],[2.525149904405629,48.814715052079222],[2.525208610047394,48.815084195642193],[2.525020399649897,48.815304794302051],[2.524149693690972,48.815498084318996]]}},
{"type":"Feature","properties":{"fid":525},"geometry":{"type":"LineString","coordinates":[[2.524672162874817,48.815377192448167],[2.52408560839524,48.81571917538502],[2.524707085706154,48.815631469444583],[2.524220806276881,48.815867277512091],[2.5242174404844,48.816236174193556],[2.522814895585143,48.816214188898194],[2.522767977849084,48.81727154332426],[2.521714035537198,48.817136164179708],[2.520858035325842,48.817075351049262],[2.520275433849889,48.816982837019708],[2.519754372863281,48.816947953316912]]}},
{"type":"Feature","properties":{"fid":526},"geometry":{"type":"LineString","coordinates":[[2.415476823930631,48.84665641946264],[2.414813826334218,48.846413518313881],[2.413816855218619,48.846522931423685],[2.413302351738672,48.84607752101855],[2.412393011855003,48.846094488267454],[2.410920573010428,48.846137250754239],[2.410598964567215,48.845864218876649],[2.410306755663527,48.845862778923475],[2.409046430067536,48.845335094151373],[2.407550393559518,48.844599070778521],[2.405737257945381,48.844767334035282],[2.404408421298155,48.844890635051492],[2.40255640879573,48.845002837993931],[2.401071843567272,48.846102638070526],[2.39902290522797,48.84733173756451],[2.399127427521217,48.847653713917879],[2.399362276518559,48.84887640746863],[2.399368242302374,48.849297895256107],[2.398933941893296,48.850352929838841],[2.39819800418144,48.851281436727319],[2.392255322214822,48.850365624120954],[2.390576431896621,48.850464234721912],[2.388920642304177,48.852284486025326],[2.389177819371943,48.852507242700121],[2.388491470373165,48.852882333827516],[2.38824789182038,48.853345405507604],[2.387155179293006,48.855136360988531],[2.381822647387338,48.85386599144519],[2.378452255473802,48.853282421861074],[2.375984456122522,48.853262433985655],[2.375453563901738,48.853302524174431],[2.37517265225919,48.853258197538757],[2.374569763382103,48.852983600663563],[2.373793003124711,48.851865175439677],[2.373674199334314,48.851843123545194],[2.372951249098004,48.850753546634621],[2.370204674499065,48.853210721808907],[2.370301572899585,48.853254091874668]]}},
{"type":"Feature","properties":{"fid":527},"geometry":{"type":"LineString","coordinates":[[2.371360054854349,48.854345445707324],[2.371370564994506,48.854340365725712],[2.374474062395523,48.852840233471959]]}},
{"type":"Feature","properties":{"fid":528},"geometry":{"type":"LineString","coordinates":[[2.373870684468352,48.848102814272735],[2.373887238021413,48.845824161178832]]}},
{"type":"Feature","properties":{"fid":529},"geometry":{"type":"LineString","coordinates":[[2.372940296639029,48.850764204276217],[2.373159430890995,48.850543908321939],[2.371998609405401,48.848966280071572]]}},
{"type":"Feature","properties":{"fid":530},"geometry":{"type":"LineString","coordinates":[[2.431498969196517,48.847042782127843],[2.43286738288896,48.846878206310954],[2.432725741683798,48.846623972720188],[2.432569284342149,48.846343142313039],[2.432253822621127,48.845776899696453],[2.432173995343907,48.845147151673586]]}},
{"type":"Feature","properties":{"fid":531},"geometry":{"type":"LineString","coordinates":[[2.430687563351417,48.846502663794631],[2.431123608217662,48.847210087724633]]}},
{"type":"Feature","properties":{"fid":532},"geometry":{"type":"LineString","coordinates":[[2.431566588634136,48.845201482579704],[2.43143814465339,48.844611072049354],[2.431278302491744,48.843876316124607],[2.431167225857992,48.843365710976499],[2.430720986460012,48.841314301026351]]}},
{"type":"Feature","properties":{"fid":533},"geometry":{"type":"LineString","coordinates":[[2.430720986460012,48.841314301026351],[2.430869074231579,48.841058042346603],[2.430906657778779,48.840993005408315],[2.431420485618097,48.840431466142398],[2.431380206385214,48.840392978243912],[2.430844502119609,48.839881091480883],[2.430501197788665,48.839568858151097],[2.430058842219299,48.839256151833908],[2.430549952277018,48.838506512656885],[2.430826902391607,48.838090973136872],[2.431749737854065,48.837490508195877],[2.43175138628292,48.837339302858226],[2.431526478600521,48.836390086277667],[2.431447565975171,48.835678599738969],[2.432117835658348,48.835526483595991],[2.4338778958251,48.835355005553353],[2.433644617708365,48.834033848139931],[2.434189722625888,48.834003733185767],[2.433087271959567,48.828318699833822],[2.436442561313995,48.826038846920746],[2.442054741212947,48.822166272050623],[2.442129970419416,48.822076711362492],[2.442241983128854,48.822020017354951],[2.442279990921053,48.821938456734124],[2.442220025427918,48.821758353646423],[2.442187307436147,48.821688755673122],[2.44213530488033,48.821578135011585],[2.441866231917929,48.821274449038434],[2.441644396791071,48.821183501657437],[2.443980901358298,48.82085168234854]]}},
{"type":"Feature","properties":{"fid":534},"geometry":{"type":"LineString","coordinates":[[2.443980901358298,48.82085168234854],[2.443968701469087,48.820720556615917],[2.444064747393871,48.82056539644794],[2.444276819957982,48.820411080052324],[2.444649797771516,48.820257510675084],[2.445082659674215,48.820292215456725],[2.445340325194389,48.820505929705661],[2.445824610711942,48.820361046744317],[2.446271587694076,48.820232336651806],[2.446854193511076,48.820153295169405],[2.447288442243684,48.820057217591348],[2.447474362761007,48.820033555429326],[2.447868967412744,48.820174332735199],[2.448277594840377,48.82015987125402],[2.448797100239168,48.820194962328948],[2.449614548793992,48.820147641476304],[2.449849978168558,48.820124203497443],[2.450210646334444,48.819962386386877],[2.450446936042089,48.819857213201928],[2.450843699425759,48.819793645641234],[2.451637653074159,48.819625639531829],[2.451796753168465,48.819798018837147],[2.451992900503749,48.81997874148886],[2.45225102210333,48.820151573895458],[2.452657760590994,48.82031691228466],[2.453261941516518,48.82054036873167],[2.453556945754718,48.820737888205066],[2.453830878481672,48.820583837689917],[2.454129393405085,48.820446246339714],[2.454437718635564,48.820553912755379],[2.455072808488319,48.820819712493837],[2.456274040611371,48.821322439013549],[2.456285821685126,48.821379709070214],[2.45635898004972,48.821486300878455],[2.456494794267118,48.821519613387217],[2.456631460427659,48.821471191785136],[2.458496174530239,48.822221534875865],[2.458911925019593,48.822388821913165]]}},
{"type":"Feature","properties":{"fid":535},"geometry":{"type":"LineString","coordinates":[[2.460376217126355,48.820842420661272],[2.460548403939165,48.820949456774713],[2.460747882647027,48.82081140219033],[2.46113336128137,48.820641490465306],[2.461307491166238,48.820560537190133],[2.461605311062244,48.820488314427166],[2.461901949247967,48.820530518613687],[2.462420203481308,48.82068815157659],[2.462840871626138,48.820706389603266],[2.463261119383273,48.820765493178904],[2.463546728379435,48.820676863221983],[2.46340677743286,48.819842509015352],[2.463421173415449,48.819646402641311],[2.463459566865462,48.819523968046191],[2.464099656807854,48.819870137690579],[2.464358741591339,48.81995303644554],[2.464671364652196,48.819643832453053],[2.46598403968049,48.81837459016193],[2.467107575678004,48.817439615551855],[2.467786227445698,48.815157854356926],[2.466618914664271,48.814390646699223],[2.465795412616781,48.813831149663926],[2.465549569529818,48.813666574308925],[2.465538282633277,48.813560264016623],[2.466719589180485,48.813017891976429],[2.4669579862774,48.812700175405695],[2.467480935329641,48.812391899891502],[2.466498874177972,48.811606919471338],[2.465906027190196,48.81148983860119],[2.465313434263306,48.811348234353041],[2.46545107091612,48.811201720520216],[2.465552083579447,48.811005999681917],[2.465393299988528,48.81080094341889],[2.465160685841175,48.810554687350354],[2.465052243929703,48.810268117163439],[2.465103504676007,48.81009669548984],[2.465266307638851,48.809909425013807],[2.465378604208182,48.809820014778424],[2.465712812113439,48.809813335006289],[2.465716412675326,48.809461875017227],[2.465693002700386,48.80933098856687],[2.465434973889578,48.80915001002851],[2.467518716604132,48.807479578960674],[2.467986693315865,48.807702357166214],[2.469801517606301,48.806174600337499]]}},
{"type":"Feature","properties":{"fid":536},"geometry":{"type":"LineString","coordinates":[[2.327602280306056,48.855304457064172],[2.328491274491394,48.855043806042616],[2.329467326295181,48.854755028546428],[2.330486663708567,48.854470572098776],[2.331430996277734,48.854238816575297],[2.332033310161124,48.854115488982757],[2.333393521831773,48.853776700071457],[2.335343345282168,48.853291021291838],[2.335941179386996,48.853142099415408]]}},
{"type":"Feature","properties":{"fid":537},"geometry":{"type":"LineString","coordinates":[[2.36390451589902,48.84485881413233],[2.364255033362627,48.844550077311105],[2.364433779091857,48.844109647941828],[2.3644399587234,48.843602911945119],[2.364100979965327,48.843090695487845],[2.363831988889784,48.842684226440547],[2.362979788260377,48.84148633059224],[2.362020363374427,48.840305452010504]]}},
{"type":"Feature","properties":{"fid":538},"geometry":{"type":"LineString","coordinates":[[2.356023600758372,48.832210705738902],[2.35579906253017,48.831845763142823],[2.356060306013267,48.831744997639447],[2.356185973896617,48.831594459115628],[2.35624953931968,48.831459933771875],[2.356251810268404,48.831276035744096],[2.356400823567494,48.831240055656814],[2.356956155921723,48.831386084037128]]}},
{"type":"Feature","properties":{"fid":539},"geometry":{"type":"LineString","coordinates":[[2.505908652388711,48.808417133802223],[2.505807779838531,48.808689392376131],[2.50576194278237,48.809377383680633],[2.50471845844551,48.809541864199453],[2.504501478081906,48.8096188723081],[2.506053863568004,48.809690219068479],[2.506445308506592,48.809873619237251]]}},
{"type":"Feature","properties":{"fid":540},"geometry":{"type":"LineString","coordinates":[[2.50387690185907,48.810177863153392],[2.503532879175813,48.810176435008714],[2.503179460206669,48.810129520960224],[2.503823917710117,48.809547893278477],[2.503303470006947,48.8094937939358],[2.503146451954835,48.809467172384174],[2.503059041790999,48.809356440467035],[2.503079751476706,48.809246157935227]]}},
{"type":"Feature","properties":{"fid":541},"geometry":{"type":"LineString","coordinates":[[2.497714049481118,48.809124727153794],[2.497429508485008,48.80907159310815],[2.497214209143062,48.808973303675891],[2.496913080073512,48.808601977009189],[2.49680856257863,48.808425236956062],[2.496535893965272,48.807964145602973],[2.496351967972207,48.807671218104375],[2.496265641183725,48.807450116683924],[2.49621950766681,48.807138292521415],[2.49629144308469,48.806813981228281],[2.496323750063765,48.806521964295605],[2.496166807234845,48.806488841479954],[2.495287788680269,48.805558629276177],[2.494882551990674,48.805129778173409],[2.492593364394294,48.80604848187474],[2.492502065897151,48.806340247583854],[2.49166455648211,48.80655093483135]]}},
{"type":"Feature","properties":{"fid":542},"geometry":{"type":"LineString","coordinates":[[2.491759852621137,48.806858100838106],[2.490481627649147,48.807910902746556]]}},
{"type":"Feature","properties":{"fid":543},"geometry":{"type":"LineString","coordinates":[[2.48729662345633,48.808297681741564],[2.487022280505744,48.807857154830998],[2.486181440275058,48.806405762468302],[2.486204693326113,48.806310122694818]]}},
{"type":"Feature","properties":{"fid":544},"geometry":{"type":"LineString","coordinates":[[2.48430144541131,48.805740652589954],[2.484155032438037,48.805579005488191],[2.483545416034372,48.805497923573526]]}},
{"type":"Feature","properties":{"fid":545},"geometry":{"type":"LineString","coordinates":[[2.480345626307403,48.807135266086213],[2.481656235484151,48.809406068912402]]}},
{"type":"Feature","properties":{"fid":546},"geometry":{"type":"LineString","coordinates":[[2.479611050540865,48.808685880504498],[2.479086423751055,48.807789630827479]]}},
{"type":"Feature","properties":{"fid":547},"geometry":{"type":"LineString","coordinates":[[2.479044595000232,48.80696467953058],[2.479426768977906,48.807611698147795]]}},
{"type":"Feature","properties":{"fid":548},"geometry":{"type":"LineString","coordinates":[[2.478773010606172,48.806550214897143],[2.47780144759572,48.805017427059298],[2.478952776984938,48.804879620223232],[2.480263717125502,48.803518695326389],[2.484714417226239,48.803249130623982]]}},
{"type":"Feature","properties":{"fid":549},"geometry":{"type":"LineString","coordinates":[[2.487304678409912,48.803127101433496],[2.489703951376856,48.803007521791322],[2.490037717704081,48.803047900072983],[2.490597933934356,48.802856920088423],[2.491053408571847,48.802701643947977],[2.492424724844688,48.804187721677764],[2.493597041306807,48.80372963833009]]}},
{"type":"Feature","properties":{"fid":550},"geometry":{"type":"LineString","coordinates":[[2.496015206355756,48.803868559838975],[2.497178075694935,48.804023160313264]]}},
{"type":"Feature","properties":{"fid":551},"geometry":{"type":"LineString","coordinates":[[2.497178075694935,48.804023160313264],[2.498131058127907,48.804165171232867],[2.49786898466274,48.804999951659646]]}},
{"type":"Feature","properties":{"fid":552},"geometry":{"type":"LineString","coordinates":[[2.500708414313084,48.805394468530039],[2.500616913722024,48.805712208739322],[2.502039920989257,48.80593888283002],[2.502039920989257,48.80593888283002],[2.501897425164819,48.806451180073516]]}},
{"type":"Feature","properties":{"fid":553},"geometry":{"type":"LineString","coordinates":[[2.473986129365573,48.807553017505384],[2.47494926160906,48.807308012425381],[2.475356685643451,48.807204367374695],[2.477382110544149,48.809906969174548]]}},
{"type":"Feature","properties":{"fid":554},"geometry":{"type":"LineString","coordinates":[[2.474087019198624,48.80594965360811],[2.47494926160906,48.807308012425381]]}},
{"type":"Feature","properties":{"fid":555},"geometry":{"type":"LineString","coordinates":[[2.435246819961484,48.847266075236362],[2.435160669374578,48.84496030099735]]}},
{"type":"Feature","properties":{"fid":556},"geometry":{"type":"LineString","coordinates":[[2.438652498444834,48.844529516405537],[2.438000764108466,48.840713974566093],[2.446581636572219,48.839947098042103],[2.447250250789148,48.839772046589488],[2.448620101036723,48.839338250871997],[2.450343965337389,48.838450230173997],[2.450680189653353,48.838179320618494],[2.451653566873723,48.837701752457285],[2.451992616786093,48.83748715893681],[2.452228875338935,48.837337623108006],[2.453179709538152,48.835979701597928],[2.453418906414247,48.835876004646821],[2.453802607627279,48.835615781806361],[2.454701585991423,48.834655812937996],[2.455150843707589,48.834196782736775],[2.455407214793131,48.833967411477254],[2.455742836857364,48.833748879317938],[2.456109654384809,48.833582883254557],[2.456667266408062,48.833386315789909],[2.456922971837093,48.833219812406128],[2.458325048850508,48.832715316916207],[2.458685265710279,48.832225359319985],[2.45882415860852,48.832036438007854],[2.459337823048747,48.831483371163813],[2.459578181961974,48.831264397227926],[2.459816910152104,48.831202601325515],[2.460134562425819,48.831183077466306],[2.460358068676307,48.831058337407946],[2.460677237570717,48.830892112088669],[2.460996187744627,48.830746843043634],[2.461045535941021,48.830579400403501],[2.461237510938928,48.830433558429903],[2.461780388493126,48.830121630689945],[2.461844847770621,48.830027609131257],[2.462115526618594,48.82994499423377],[2.462434358938526,48.829810199815768],[2.462610779968998,48.829632848438592],[2.462741745879344,48.829245711093542],[2.462982835756331,48.828953379726073],[2.463399043126092,48.828609438248236],[2.463763967827053,48.828621554117213],[2.464064977870823,48.828675298793613],[2.464162034793074,48.828497589314544],[2.464244512379618,48.828194065414657],[2.464264152047408,48.827827385380623],[2.46418662916713,48.827648893572757],[2.464381305366112,48.827498759360232],[2.464488243071148,48.827416288530394],[2.464794556027136,48.827180056620641],[2.465150708119425,48.824952220703302],[2.465446249845979,48.823989463279837],[2.465451836366059,48.823444573745896],[2.465664474633273,48.822827255381085],[2.466407434676872,48.821562597147881]]}},
{"type":"Feature","properties":{"fid":557},"geometry":{"type":"LineString","coordinates":[[2.469700697707455,48.820257907613097],[2.473350655826651,48.820204473481986],[2.473401071045561,48.820203734639676],[2.473507678082437,48.820049148450899],[2.474447423016455,48.820001137291513],[2.475119498279663,48.818441691390866],[2.47611036178974,48.817743932614768],[2.477579322720066,48.816838671642181],[2.479143173826451,48.815960003485309],[2.480084977359166,48.815398226417813],[2.480851286825775,48.814929992604974],[2.482092022375084,48.814620997708282],[2.484272295621714,48.813970232781926],[2.485373588855807,48.81653189964964],[2.485707939626818,48.816418067339036],[2.487059133780019,48.816172371407013],[2.496484391094135,48.814556724795644],[2.496359098542934,48.812743296883696],[2.499437241147084,48.812745744854084],[2.501832737014841,48.812787187883288],[2.501901431361575,48.812239936011721],[2.502112692091045,48.81171685585565],[2.502435408584246,48.811152322175694]]}},
{"type":"Feature","properties":{"fid":558},"geometry":{"type":"LineString","coordinates":[[2.503736497127187,48.811147250818252],[2.503510686004646,48.811534043942522],[2.503535335040644,48.812278169649282],[2.504216778685057,48.812364831018876],[2.504868382662006,48.812252260175093],[2.506647660924122,48.812018594107847],[2.509312211991771,48.811667692940759],[2.509348329476256,48.811662936100845]]}},
{"type":"Feature","properties":{"fid":559},"geometry":{"type":"LineString","coordinates":[[2.508708439108989,48.805018340278714],[2.510556220283453,48.804840918078519]]}},
{"type":"Feature","properties":{"fid":560},"geometry":{"type":"LineString","coordinates":[[2.510498264389279,48.803674612934685],[2.510259218968669,48.802945324103163],[2.509662279229528,48.803162941764555],[2.508437185336595,48.801064712268953],[2.507143226068004,48.798848335241757],[2.505884511776472,48.796692129758881],[2.506744292957913,48.796349862887226],[2.500829587246715,48.793679267738661],[2.50039528277492,48.793483584545903],[2.499759721389595,48.792773567872132],[2.498709932684365,48.79308355054026],[2.496401312159807,48.789065473828536],[2.495275475904994,48.789045004910271],[2.493553606625077,48.789158233347557],[2.493615822232474,48.789284250045043],[2.490783044996295,48.791095630642005],[2.492303761337796,48.793732428157348],[2.492271404091221,48.794612558261328],[2.492221246863708,48.795691719946134],[2.490793347826733,48.795727562291944],[2.490746532002553,48.795648767598699],[2.490572419312564,48.795611347814017],[2.489026891844848,48.792272307092169],[2.490783147273852,48.791085151672341],[2.489308827932552,48.78858475889654],[2.48674369732374,48.789698266860071],[2.482364177777466,48.791599150683204],[2.48186324296062,48.791733212169213],[2.481530031304569,48.791747486138505],[2.481386772386585,48.791799261574361],[2.481496489207852,48.79193073023],[2.486577869594608,48.792125578714128],[2.48664836275104,48.792214956433092],[2.486620912237044,48.792586857107572],[2.486725540665202,48.793237028830823],[2.486906439135822,48.793389756746514],[2.4869290959589,48.793505127273711],[2.487071169241148,48.793573853129445],[2.487062054222993,48.793694326938414],[2.486926261892151,48.793793298199326],[2.486957411202921,48.794657980757776],[2.487089692054932,48.798142935609931],[2.486114091933866,48.798149224351675],[2.485857722079585,48.798410105400471],[2.486155587565506,48.804806386652054],[2.486106860589018,48.804921449289907],[2.485677091392313,48.805066310892649]]}},
{"type":"Feature","properties":{"fid":561},"geometry":{"type":"LineString","coordinates":[[5.799325684570756,43.971023347456281],[5.799085628159055,43.970924954299562],[5.798709972069266,43.971012981051743],[5.798604366460174,43.970336164897255],[5.799508819810861,43.969594276791248],[5.799760014030286,43.969182743235663],[5.799635687686082,43.968493340476918],[5.799546740243663,43.968155859159076],[5.799825339320262,43.966828885794726],[5.799825461634203,43.966462987680266],[5.799704222112692,43.966204740317693],[5.798464572453356,43.966014341992953],[5.797759845634675,43.966032386429525],[5.797435867830174,43.966066815628885],[5.797091258240677,43.966049501311282],[5.79677126356564,43.965796338177412],[5.796702968088518,43.965510597676257],[5.797500096141852,43.965163503160888],[5.79812612787866,43.965016798620425],[5.798221092723718,43.964739946208155],[5.79731839560275,43.964410230832641],[5.796511177139761,43.964182606091136],[5.793901034178585,43.962975278076591],[5.791940633826474,43.962842436780448],[5.790709388370058,43.962821617427977],[5.78688427599993,43.962291994380926],[5.785807373176025,43.962097305462954],[5.7835071286211,43.96167242412811],[5.781393334170979,43.96136035742785],[5.781120001182447,43.960949153585844],[5.780031301132798,43.960140536125081],[5.779355271676323,43.96074577143709],[5.777760272672877,43.961426636972178],[5.777009654369846,43.961615593021442],[5.776351281581338,43.961841402643991],[5.77535432213165,43.961801390717639],[5.774726996748992,43.961921861845227],[5.774061625877722,43.96200409267918],[5.773827365933357,43.962023106919325],[5.773633053225407,43.962119511645007],[5.774027105503227,43.962410061312553]]}},
{"type":"Feature","properties":{"fid":562},"geometry":{"type":"LineString","coordinates":[[2.501712053246875,48.804676614739662],[2.502000163625745,48.803698184242123]]}},
{"type":"Feature","properties":{"fid":563},"geometry":{"type":"LineString","coordinates":[[2.496291450945462,48.799139717016992],[2.495042189270846,48.799733166562405]]}},
{"type":"Feature","properties":{"fid":564},"geometry":{"type":"LineString","coordinates":[[2.491718975392102,48.799022893742752],[2.491728743134782,48.798020424988231]]}},
{"type":"Feature","properties":{"fid":565},"geometry":{"type":"LineString","coordinates":[[2.48987412229259,48.798012523777146],[2.48996980833168,48.801159698042142],[2.491430874783222,48.800469737134115]]}},
{"type":"Feature","properties":{"fid":566},"geometry":{"type":"LineString","coordinates":[[2.49459261121961,48.802627399778977],[2.497978751588949,48.801207527366628]]}},
{"type":"Feature","properties":{"fid":567},"geometry":{"type":"LineString","coordinates":[[2.500760591755183,48.801260335667472],[2.497692153355326,48.802515151711653],[2.497639963543588,48.802462718515756],[2.497650435020398,48.802469724373118]]}},
{"type":"Feature","properties":{"fid":568},"geometry":{"type":"LineString","coordinates":[[2.498676185025227,48.803205024682455],[2.501289887635107,48.802102062474859],[2.501681739106963,48.801901803058747],[2.502053108939365,48.801638800346915],[2.50252991716834,48.801176014013016],[2.502553059191396,48.801153552284468],[2.503585274749666,48.800106603127638],[2.503592177675503,48.800099855174693]]}},
{"type":"Feature","properties":{"fid":569},"geometry":{"type":"LineString","coordinates":[[2.50968963683931,48.805489609613808],[2.51053600447389,48.805411335155995]]}},
{"type":"Feature","properties":{"fid":570},"geometry":{"type":"LineString","coordinates":[[2.54078117883392,48.835370269217968],[2.540808279048471,48.834688134024489],[2.540803191838898,48.834068529522767],[2.540785597522301,48.833671648946648],[2.540820236843482,48.83333066185066],[2.540951494742376,48.832795119637275],[2.540994041280577,48.832753513091006],[2.540879827829767,48.832551187176634],[2.541021750269812,48.832001762173391],[2.541413061416185,48.831870991950744],[2.54127702425885,48.83175212231874],[2.54102420193495,48.83172330580468],[2.540720681505791,48.831464559754195],[2.540859230483957,48.831298012167572],[2.539521263245067,48.829966673500707],[2.539239402375714,48.829645351678998],[2.539166763218477,48.829512800278152],[2.539490340191993,48.828692570484456],[2.540256112791563,48.8267497297593],[2.540056462494581,48.826672383633507],[2.53944549585348,48.826607377218686],[2.536903353147681,48.826729832108583],[2.535245361718624,48.827022752504007],[2.533482912593566,48.827203855647838],[2.531489931153094,48.827223911353315],[2.528642731230564,48.82726145515926],[2.528030952652534,48.827286889074614],[2.527881073261386,48.827536917926111],[2.52780424147415,48.827870775094027]]}},
{"type":"Feature","properties":{"fid":571},"geometry":{"type":"LineString","coordinates":[[2.526890440561572,48.834452890330006],[2.525551667458904,48.83439885594516]]}},
{"type":"Feature","properties":{"fid":572},"geometry":{"type":"LineString","coordinates":[[2.525013491789056,48.834438489808129],[2.524486876366142,48.834366781016072],[2.523960135245839,48.834308992671161],[2.523717600654412,48.834308027149589],[2.523790143612091,48.834447548747669],[2.523829716433325,48.834733133388752],[2.523934404190187,48.834817089728389],[2.52414384426501,48.834978040732921],[2.52418449968075,48.835145281667515],[2.524002498656788,48.835443907702107]]}},
{"type":"Feature","properties":{"fid":573},"geometry":{"type":"LineString","coordinates":[[2.523189132393535,48.835592083615467],[2.523135259859128,48.835717178194926],[2.523383063152633,48.836295980976502],[2.523526880523202,48.836714251427964],[2.523629154196355,48.837062739891223],[2.523585572255775,48.83721572197382],[2.523635055481168,48.837570961621665]]}},
{"type":"Feature","properties":{"fid":574},"geometry":{"type":"LineString","coordinates":[[2.526707768011708,48.842957513791838],[2.526420286218274,48.843255724111131],[2.526386431735018,48.843499245399265],[2.526375758367789,48.843513126302703],[2.52637348093463,48.843763734119918],[2.526192411659908,48.843957941293539],[2.525775415635191,48.844436159691767]]}},
{"type":"Feature","properties":{"fid":575},"geometry":{"type":"LineString","coordinates":[[2.364715843428357,48.867112698903398],[2.366966266628341,48.866686210893818],[2.368174628243214,48.866459796893338],[2.375028781253252,48.865175246624219]]}},
{"type":"Feature","properties":{"fid":576},"geometry":{"type":"LineString","coordinates":[[2.387414710423767,48.862921230515205],[2.389622361881471,48.858476697367514],[2.391231927980026,48.855738821484174]]}},
{"type":"Feature","properties":{"fid":577},"geometry":{"type":"LineString","coordinates":[[2.268183842274872,48.905139385195191],[2.268321662499757,48.904988834986987],[2.26872979727939,48.904952938921063],[2.268980116349805,48.904930922270346],[2.270018736848087,48.90307237879496],[2.277153446761938,48.905696197642385],[2.277973719069527,48.905260732077494],[2.278861085002315,48.904502236303045],[2.282408013254799,48.906933765681927],[2.283833927319828,48.906179277538335]]}},
{"type":"Feature","properties":{"fid":578},"geometry":{"type":"LineString","coordinates":[[2.334268603882713,48.855955360727712],[2.334634240902301,48.856479967009854]]}},
{"type":"Feature","properties":{"fid":579},"geometry":{"type":"LineString","coordinates":[[2.33537540579489,48.857729013553616],[2.336246176492609,48.857877218427411]]}},
{"type":"Feature","properties":{"fid":580},"geometry":{"type":"LineString","coordinates":[[2.347319412149977,48.867382802625293],[2.347154306176221,48.866315250659014],[2.346991545567381,48.865569424396092],[2.346769778879321,48.864759443344504],[2.346677368139457,48.864421914460664],[2.346300724237153,48.863266319377573],[2.346027367991122,48.86324005941794]]}},
{"type":"Feature","properties":{"fid":581},"geometry":{"type":"LineString","coordinates":[[2.420555780942543,48.846193376813858],[2.420371321063922,48.845168590097231]]}},
{"type":"Feature","properties":{"fid":582},"geometry":{"type":"LineString","coordinates":[[2.418711629909728,48.845041815869813],[2.418817540966999,48.843847475444292]]}},
{"type":"Feature","properties":{"fid":583},"geometry":{"type":"LineString","coordinates":[[2.417372537627972,48.843669387391422],[2.41726993788954,48.843524661882363],[2.415604373034354,48.843289439782083],[2.414583819082675,48.843181223880634],[2.415068114467691,48.841630265272471],[2.415384107201487,48.840618244838254],[2.415567931459442,48.840030752651721],[2.414018968943354,48.839718795189043],[2.415002104075162,48.837855263651925],[2.413596410731603,48.837347536380861],[2.414220037920758,48.836586714346652],[2.412681815552737,48.836173146065072],[2.412245775657646,48.835088842725966],[2.411210992740501,48.834409337384457],[2.410566347067362,48.834261644517326],[2.408578167001835,48.834926246510797],[2.40807844168743,48.834868720156052],[2.407535066359805,48.834983020448028],[2.406403791376492,48.835459137326474],[2.406368280093912,48.835481716779981],[2.40593125737334,48.835759590307127],[2.404549769461782,48.836234446513039],[2.40346060985788,48.836669454202912],[2.403285208441958,48.836510298138244],[2.402479056442596,48.835900675994949],[2.400731298162385,48.834680735552077],[2.398828432532992,48.835166676511733],[2.391801565329117,48.837011604711513],[2.391224128501977,48.837356946287187]]}},
{"type":"Feature","properties":{"fid":584},"geometry":{"type":"LineString","coordinates":[[2.387840343728589,48.836516485316238],[2.387386325885086,48.836589928974753],[2.387013398671353,48.836388446163397],[2.386692271463217,48.836214754965432],[2.386712415470793,48.836054225771605]]}},
{"type":"Feature","properties":{"fid":585},"geometry":{"type":"LineString","coordinates":[[2.38611001276475,48.835718308980546],[2.385484686494207,48.836070920964609],[2.384613549514481,48.836568814013773],[2.383488790962979,48.837231214593963],[2.382560753577851,48.837372008297287],[2.382177904420038,48.837129168462276],[2.381921573261596,48.836995742674148]]}},
{"type":"Feature","properties":{"fid":586},"geometry":{"type":"LineString","coordinates":[[2.382560753577851,48.837372008297287],[2.38269211482923,48.837723657998183],[2.382898079278073,48.837938056429294],[2.382445747354014,48.838279811749977],[2.381919702326961,48.838683120554435],[2.381741013310747,48.838806069367415],[2.381211231754625,48.838645048774509],[2.380590042174676,48.83915796809174],[2.382074260298032,48.839716187327546],[2.382300541868522,48.839957690756229]]}},
{"type":"Feature","properties":{"fid":587},"geometry":{"type":"LineString","coordinates":[[2.378492682301557,48.840792927366593],[2.378899731502355,48.841024489922944],[2.378428055385442,48.841235375163215],[2.377399974198333,48.841766807476461],[2.375951147899569,48.842605716459396],[2.375111664885339,48.843055531172219],[2.373410211299449,48.844087498797627],[2.372927216811815,48.844255853692509]]}},
{"type":"Feature","properties":{"fid":588},"geometry":{"type":"LineString","coordinates":[[2.293978850669056,48.874292018862285],[2.293710014840961,48.873729579514077],[2.293797292924786,48.873447947224051],[2.294152531478508,48.873023380704488],[2.294687984002082,48.872771916137694],[2.295216167290372,48.872671802535805],[2.295267061818433,48.872270156575595],[2.29533191644706,48.871758332028449],[2.295624920460462,48.869445852546647],[2.295495114590774,48.867859724034929],[2.295208881205605,48.867427934144395],[2.292695567262805,48.865680119893092]]}},
{"type":"Feature","properties":{"fid":589},"geometry":{"type":"LineString","coordinates":[[2.289512399792805,48.862354210482117],[2.289210156147635,48.862134842181661],[2.288838083564201,48.86188488996568],[2.289106000798613,48.861741965711047],[2.288775225405589,48.86152322623709],[2.288786605684648,48.861453616465361],[2.29058023592589,48.860328778513889],[2.290945873806524,48.860668149949838],[2.291200396556128,48.860618453052084]]}},
{"type":"Feature","properties":{"fid":590},"geometry":{"type":"LineString","coordinates":[[2.297762381841626,48.861524288009946],[2.297724867563967,48.861471133724358],[2.297595338043322,48.861408438126759],[2.297882783207053,48.861113365834328],[2.297991948000739,48.861001303362514],[2.298119368041609,48.860833448729885],[2.29777426195664,48.860514865180207],[2.297650041996783,48.860445319011909],[2.297260162862238,48.860353567816539],[2.29695637733607,48.860451568443281]]}},
{"type":"Feature","properties":{"fid":591},"geometry":{"type":"LineString","coordinates":[[2.297650041996783,48.860445319011909],[2.297829420899245,48.86029153298189],[2.298566909909672,48.860516072938964],[2.301194133759747,48.86098563630825],[2.30154724145126,48.862265114793395],[2.300734400883917,48.862212196159852],[2.301568007845715,48.862272117693585],[2.302392569520318,48.862228755127674],[2.302675669376792,48.862235052852625],[2.305536321564271,48.862298652104798],[2.305466357810073,48.861678892825061],[2.305489477780628,48.86111816791302],[2.30834691442135,48.861145039306322],[2.309504910179359,48.861124199582697],[2.311497187674572,48.861111592237449],[2.313109482392206,48.861045158552876],[2.313054574668707,48.860463339324141],[2.312991419134894,48.859952313223488],[2.312861382333253,48.858900081645288],[2.312669132927932,48.858847364701724],[2.31247230522398,48.858746449117632],[2.31234861478827,48.858635630917107],[2.312279769975326,48.858455806499705]]}},
{"type":"Feature","properties":{"fid":592},"geometry":{"type":"LineString","coordinates":[[2.312450044610806,48.853846388720747],[2.314655145801366,48.853754231164324],[2.314809149558713,48.855128020808138],[2.315028497506085,48.855101749694008],[2.315154536713313,48.856125333701662]]}},
{"type":"Feature","properties":{"fid":593},"geometry":{"type":"LineString","coordinates":[[2.316392434706766,48.855823372014989],[2.320863025190285,48.854726403669446],[2.327134888579526,48.853184198416244],[2.327376710880926,48.853839323250781],[2.327758885400634,48.853720180364483],[2.329545840079108,48.852622246393651],[2.330030058121015,48.852270548868489],[2.330856868177243,48.853255823712161],[2.331306754210325,48.853141349234058],[2.332583553979477,48.853193209221757],[2.332970446700293,48.853518808232344],[2.334119858012047,48.853339403435641],[2.333931400444386,48.852704771173002]]}},
{"type":"Feature","properties":{"fid":594},"geometry":{"type":"LineString","coordinates":[[2.335022673950595,48.852901444112796],[2.335226056354066,48.852459530742635],[2.336971284449331,48.852524663832291]]}},
{"type":"Feature","properties":{"fid":595},"geometry":{"type":"LineString","coordinates":[[2.337030856493391,48.851748255809937],[2.338421041477639,48.851735731687],[2.338932195355408,48.851721352556481],[2.339530798577037,48.850977989189992],[2.33953477842893,48.850980780510632],[2.340218145893672,48.851460062624895],[2.341011535002301,48.850979272084601],[2.342657513519339,48.850350772099524],[2.342793967936004,48.850623483270105]]}},
{"type":"Feature","properties":{"fid":596},"geometry":{"type":"LineString","coordinates":[[2.342657513519339,48.850350772099524],[2.342650948944502,48.850344647930214],[2.342203164796265,48.849926900489315]]}},
{"type":"Feature","properties":{"fid":597},"geometry":{"type":"LineString","coordinates":[[2.344736352555367,48.852502808037215],[2.344169284829692,48.851957485245805],[2.344604095320024,48.85179470607045],[2.345864399200093,48.851400633476118]]}},
{"type":"Feature","properties":{"fid":598},"geometry":{"type":"LineString","coordinates":[[2.345530899776043,48.850806561758716],[2.346258827112373,48.851057802681922]]}},
{"type":"Feature","properties":{"fid":599},"geometry":{"type":"LineString","coordinates":[[2.347247046969156,48.851485608187822],[2.347248772863263,48.851484703217835],[2.34807923211171,48.851049246534515]]}},
{"type":"Feature","properties":{"fid":600},"geometry":{"type":"LineString","coordinates":[[2.349417567909149,48.849874782689369],[2.349951987040376,48.850256564367221],[2.350595311775786,48.85093102752375],[2.350807583852287,48.851177424179241],[2.350865965450057,48.851252593008596]]}},
{"type":"Feature","properties":{"fid":601},"geometry":{"type":"LineString","coordinates":[[2.351748409823494,48.851855585197846],[2.352155691842003,48.852503235386202]]}},
{"type":"Feature","properties":{"fid":602},"geometry":{"type":"LineString","coordinates":[[2.351186521147252,48.852943644888839],[2.351313138513022,48.853161161304755],[2.351300697775043,48.853322814353547],[2.35113671369593,48.85351117256937],[2.350926618260665,48.853633904062548],[2.350704679335403,48.853870119293354],[2.350179132369631,48.854201029696036],[2.350021471270168,48.85429995828494],[2.349749232554867,48.854387941489165],[2.35024372903289,48.855112361912163],[2.349555224738481,48.8553098969915],[2.348963851163805,48.855482164566233],[2.348309905365094,48.855654088448219],[2.349256085333097,48.857313220993561],[2.349151935782729,48.857539957172513],[2.349098590115616,48.85763601078574],[2.349212174964171,48.857726950840522],[2.349242557929019,48.857799373887552],[2.349064628951325,48.857850018869549],[2.348944400336878,48.857873450743803],[2.348661368521948,48.85798889936256],[2.348753246933534,48.858147678410518],[2.349009305316793,48.858104340649263],[2.349086057938397,48.858221746969058],[2.348364271671858,48.858487889828083],[2.348091442810353,48.858588487629873],[2.347582514687666,48.858776137524082],[2.347954045517304,48.859525620195647],[2.348071558267511,48.859762671785802],[2.347178368909884,48.859905932763773]]}},
{"type":"Feature","properties":{"fid":603},"geometry":{"type":"LineString","coordinates":[[2.34771945178047,48.861016354628838],[2.348042566931516,48.861613031827403]]}},
{"type":"Feature","properties":{"fid":604},"geometry":{"type":"LineString","coordinates":[[2.391862796902215,48.903691067194927],[2.394488340467165,48.905914970679021],[2.395904459390037,48.907114355476281],[2.397785195512666,48.906064096573935],[2.401047174720337,48.904716221905709],[2.40369062047394,48.903587104054594],[2.403420777751236,48.903451573539499]]}},
{"type":"Feature","properties":{"fid":605},"geometry":{"type":"LineString","coordinates":[[2.394488340467165,48.905914970679021],[2.396065966497218,48.904890769413434],[2.397785195512666,48.906064096573935]]}},
{"type":"Feature","properties":{"fid":606},"geometry":{"type":"LineString","coordinates":[[2.40369062047394,48.903587104054594],[2.411042534680504,48.900523419806845],[2.406580054287386,48.898266658688698],[2.40979100480551,48.89583274388314],[2.409627167210377,48.893714177967453],[2.411216356728384,48.893460507723503],[2.412159453390156,48.893121069363161],[2.4123391112952,48.892922389575219],[2.413479166031072,48.893175257693478],[2.41340627026242,48.893380075964465]]}},
{"type":"Feature","properties":{"fid":607},"geometry":{"type":"LineString","coordinates":[[2.469515274684185,48.822555903557152],[2.470634450203259,48.822697283076131],[2.470632563774491,48.822883084219342],[2.470890590224374,48.823131972117764],[2.47098117341647,48.823448937054948],[2.470872067498094,48.823930182258657],[2.470763937503244,48.824315085956954],[2.470721040394412,48.825460719169371],[2.471147998884325,48.825497017145963],[2.471139831754266,48.826302153239112],[2.471293793594235,48.826536815558988],[2.472070104261181,48.827070144277435],[2.473582454899908,48.82800069284248],[2.473735596307452,48.827285659465261],[2.474367830504109,48.827639411849425],[2.476689923348593,48.827862931068751],[2.485478861291618,48.828687310736676],[2.48631714862106,48.828553249917469],[2.486496447017923,48.828024150617019],[2.486596417822598,48.827398336588963],[2.486867200548105,48.827420144121518],[2.487139066625555,48.827331846958245],[2.487306774407283,48.827236220895514],[2.487608891744786,48.827251279285846],[2.487888406735873,48.827445166803301],[2.487865871659519,48.827617115156947],[2.487707301483911,48.827843535176278],[2.48772720007887,48.827939965500669],[2.488286780764721,48.828272687056177],[2.488640275483809,48.828363662296077],[2.489004936138976,48.828378984518935],[2.489285338743679,48.828483409086985],[2.48960662512024,48.82867058890541],[2.489998315461394,48.829119575860737],[2.490309050839907,48.829320472228666],[2.490631018421538,48.829438834214116],[2.490808006873742,48.829460233223344],[2.490859382352917,48.829536151529915],[2.491203407407229,48.829530733806237],[2.491780744537403,48.829409429842457],[2.492017203409249,48.829451611755246],[2.492482685580026,48.82981832222108],[2.493011047504665,48.830150888419674],[2.492926261894086,48.830692407512018],[2.492830529532784,48.830834382037303],[2.493231863504112,48.830856615837014]]}},
{"type":"Feature","properties":{"fid":608},"geometry":{"type":"LineString","coordinates":[[2.498540801135397,48.830567838150834],[2.499346340434458,48.830380588557162],[2.500401320130355,48.830151019931279],[2.500714606214054,48.830090392261333],[2.501799659393611,48.829984808725079],[2.502895524934652,48.82983796966564],[2.50405198160592,48.829643379217643]]}},
{"type":"Feature","properties":{"fid":609},"geometry":{"type":"LineString","coordinates":[[2.517194050831705,48.836913919112618],[2.518448619348634,48.837279373418099]]}},
{"type":"Feature","properties":{"fid":610},"geometry":{"type":"LineString","coordinates":[[2.518452953519651,48.837354005961906],[2.518540047460093,48.837853820559729],[2.518681004335921,48.838394602229506],[2.519537964953103,48.84212534733112],[2.519809285736843,48.843230086717831],[2.520143122896832,48.843208200582943],[2.521284107761363,48.843281588591289],[2.521399138462411,48.843244199608428],[2.521598332794354,48.843124566958338],[2.522089855560485,48.842961371221804],[2.522548585353425,48.842963202918824],[2.523398410638916,48.843117978098057]]}},
{"type":"Feature","properties":{"fid":611},"geometry":{"type":"LineString","coordinates":[[2.523757277260446,48.843645741004011],[2.52419295125436,48.843857490665002],[2.524871263929135,48.844078638590126],[2.524962206752159,48.844108287924414],[2.525123118616405,48.844184625151584]]}},
{"type":"Feature","properties":{"fid":612},"geometry":{"type":"LineString","coordinates":[[1.397909144589576,50.0596258701285],[1.407700190854532,50.055247565743663],[1.410773832590012,50.05387100957892],[1.412171708636057,50.054394985597163],[1.41470925957789,50.053647336332574],[1.416880457781661,50.053848826628219],[1.416822530426234,50.054267225538069]]}},
{"type":"Feature","properties":{"fid":613},"geometry":{"type":"LineString","coordinates":[[2.430848609078059,48.845962599108425],[2.430623586220384,48.845312231897537]]}},
{"type":"Feature","properties":{"fid":614},"geometry":{"type":"LineString","coordinates":[[2.431278302491744,48.843876316124607],[2.432091140965795,48.843804995852544],[2.431539871208551,48.841237995850847],[2.431671518269335,48.841160862737659],[2.43167950416461,48.841102671618351],[2.431779773985594,48.84100852571563],[2.431839560283569,48.840919039874542],[2.431675856800463,48.840762984717287],[2.431420485618097,48.840431466142398],[2.431380206385214,48.840392978243912],[2.431823352299369,48.840382770082059],[2.432295506459278,48.839940142676909],[2.432303482695916,48.83983429927315],[2.431848556472894,48.837396218344928],[2.431647376696287,48.836296184902764],[2.434186445841712,48.836012223549098],[2.43511363135533,48.835919557034551],[2.435372405046104,48.835981214798892],[2.435389344780505,48.835913580144215],[2.435150498759835,48.83523068406344],[2.435081881730085,48.835118753750585],[2.435048309837098,48.835047136363094]]}},
{"type":"Feature","properties":{"fid":615},"geometry":{"type":"LineString","coordinates":[[2.439138527471809,48.831149547374977],[2.440314538466006,48.827842517101942],[2.442267655644599,48.822349232260059],[2.442150860815588,48.822275899984035],[2.442054741212947,48.822166272050623]]}},
{"type":"Feature","properties":{"fid":616},"geometry":{"type":"LineString","coordinates":[[2.442187307436147,48.821688755673122],[2.442727659360691,48.821405771593625]]}},
{"type":"Feature","properties":{"fid":617},"geometry":{"type":"LineString","coordinates":[[2.443721814976712,48.821188001638937],[2.443904526817286,48.821148583013624],[2.44469305583256,48.820938737345912],[2.444952396757531,48.820682377526666],[2.445335906508558,48.820606898211089],[2.445340325194389,48.820505929705661]]}},
{"type":"Feature","properties":{"fid":618},"geometry":{"type":"LineString","coordinates":[[2.445082659674215,48.820292215456725],[2.444953068547825,48.819984000999007],[2.444932884036594,48.819809217024662],[2.445140331720114,48.819650047046807],[2.445413909655272,48.819491183425392],[2.445635792515045,48.81935634205508],[2.445746991401211,48.819264659854461],[2.445806445152867,48.819201852791018],[2.445105606987568,48.818807423763637],[2.44482057421818,48.818624683006355],[2.444792061236162,48.818542057885679],[2.444785075086481,48.818508057850337],[2.44424971947825,48.818408520501976],[2.443231018658772,48.81815630307819],[2.44268475821938,48.818046396285354],[2.442396618827021,48.818020790336362],[2.442256508542934,48.818015673004382],[2.442209975350996,48.818038116734165],[2.442076752143616,48.81804174113001],[2.442071419641224,48.817939206821819],[2.442716662287459,48.817897330087717],[2.442704815028332,48.817802650777928],[2.442661147901579,48.817591362701116],[2.442887283380121,48.817574219613881],[2.442906660046804,48.81765195019063],[2.442697004675936,48.817674022646955],[2.442621141985714,48.817381304764076],[2.442514965342275,48.816831261780209],[2.442866213593694,48.816795291925558],[2.44383900300545,48.81669913094828],[2.443877899803391,48.816616929541212]]}},
{"type":"Feature","properties":{"fid":619},"geometry":{"type":"LineString","coordinates":[[2.443807007464891,48.815458099957958],[2.444857124449068,48.815622962680834],[2.444799820591585,48.814103854866921],[2.446776883437348,48.814049936443112],[2.446681621628765,48.811948347215939],[2.445976114559672,48.811964490116971],[2.44591731246687,48.809892180488831],[2.450399912947386,48.809801263427588],[2.454470886598322,48.809727710924236],[2.454640923415043,48.809626583213358],[2.456572296487434,48.810549630738834],[2.456859604919277,48.810340302816776],[2.458334229752792,48.80983747601465],[2.459721673200224,48.809237186018876],[2.461368013757111,48.808463354725347],[2.462793916610086,48.807688510061325],[2.464095540079244,48.806850007754498],[2.465072551363409,48.806141057779506],[2.466419068875743,48.805215384141306],[2.467106604870323,48.804791425585677],[2.467720324757099,48.804401102252434],[2.468714616602498,48.804809507425112],[2.469024487939315,48.804934198966436],[2.469404239795004,48.804961780745067],[2.470444009753094,48.805296365557595],[2.470634955539293,48.805302063848011],[2.471208497816803,48.805974255334192],[2.471706122327662,48.804003286008331],[2.471779340099948,48.803654856274647],[2.476871736423699,48.803859194160836],[2.477674271281498,48.803678306206486],[2.480263717125502,48.803518695326389]]}},
{"type":"Feature","properties":{"fid":620},"geometry":{"type":"LineString","coordinates":[[2.480263717125502,48.803518695326389],[2.48167157589721,48.802094359449377],[2.483084067779188,48.802624553378379],[2.48487690783689,48.802556130688174]]}},
{"type":"Feature","properties":{"fid":621},"geometry":{"type":"LineString","coordinates":[[2.487276462864449,48.802411269521542],[2.489030532952159,48.802316818799085],[2.489999846556767,48.802287052528932],[2.490597933934356,48.802856920088423],[2.491053408571847,48.802701643947977],[2.49121470253426,48.80258336002484],[2.491766686713544,48.802401577210446],[2.491893143334751,48.802487630944277],[2.492024843969102,48.802541568893822],[2.492245400552803,48.802523095729846],[2.49248891907073,48.802509581405253]]}},
{"type":"Feature","properties":{"fid":622},"geometry":{"type":"LineString","coordinates":[[2.494326151507874,48.804507097249299],[2.494882551990674,48.805129778173409]]}},
{"type":"Feature","properties":{"fid":623},"geometry":{"type":"LineString","coordinates":[[2.495287788680269,48.805558629276177],[2.495479016207003,48.805556688803556]]}},
{"type":"Feature","properties":{"fid":624},"geometry":{"type":"LineString","coordinates":[[2.496638866962657,48.80571787778365],[2.496323750063765,48.806521964295605]]}},
{"type":"Feature","properties":{"fid":625},"geometry":{"type":"LineString","coordinates":[[2.50089786021909,48.807172059291169],[2.500262189546934,48.809170403137351]]}},
{"type":"Feature","properties":{"fid":626},"geometry":{"type":"LineString","coordinates":[[2.503079750625547,48.809246162467794],[2.503522200219282,48.80791558656648]]}},
{"type":"Feature","properties":{"fid":627},"geometry":{"type":"LineString","coordinates":[[2.506722679975818,48.808165527764636],[2.506624821944998,48.809327814455948]]}},
{"type":"Feature","properties":{"fid":628},"geometry":{"type":"LineString","coordinates":[[2.427315380212859,48.84766698032778],[2.42467863802343,48.847912822166457],[2.424170471033283,48.847960195162685],[2.424090976996289,48.847967605654759],[2.421705388529293,48.848183339007988],[2.420036224240782,48.848326753028338],[2.419577356363955,48.848276120773527],[2.41878732274919,48.848188942773838],[2.41660769385265,48.848225425954709],[2.416690744458096,48.849242825933104],[2.416264800624253,48.849227296019258],[2.416175532580098,48.84924282013948],[2.416140555991383,48.849546488366478],[2.415827942649829,48.851246135166065]]}},
{"type":"Feature","properties":{"fid":629},"geometry":{"type":"LineString","coordinates":[[2.371331672876513,48.845497590310636],[2.371097409026099,48.845537942178957]]}},
{"type":"Feature","properties":{"fid":630},"geometry":{"type":"LineString","coordinates":[[1.066885619277613,49.444384221774243],[1.064086745444862,49.444504162479433],[1.063413230572264,49.444533015006471],[1.062173868992906,49.444544864623573],[1.059920804075166,49.444382066908787],[1.057530450359125,49.443995270133222],[1.056699747545018,49.443799784464019],[1.054857776850232,49.443366295766324],[1.050458813868377,49.442139248147214],[1.04787175803184,49.441178860447366]]}},
{"type":"Feature","properties":{"fid":631},"geometry":{"type":"LineString","coordinates":[[1.056699747545018,49.443799784464019],[1.05649405901182,49.444422147277258],[1.062634998830508,49.445201666069828],[1.061565405308302,49.445865647765274],[1.060721872845628,49.446976747892336],[1.0599346194728,49.447882829347662],[1.059554127620773,49.448953819401638],[1.059143563646374,49.449533300974643],[1.058294748146806,49.45013743329848],[1.05688745603117,49.450732599265869],[1.054951579864907,49.450527285162131],[1.050198890261492,49.449643035052887],[1.047733724212502,49.449302363884186],[1.047103901574319,49.449894110972828],[1.046831784756349,49.450528095701294]]}},
{"type":"Feature","properties":{"fid":632},"geometry":{"type":"LineString","coordinates":[[1.0306299638613,49.453127841209252],[1.028765623474188,49.453580630304529],[1.026960271546578,49.453772983664024],[1.025859691609917,49.453960961809393],[1.025248997204049,49.45404604238373],[1.024976427491652,49.45418415362797],[1.023531694860055,49.453210206640428],[1.022833314899309,49.453064093400712]]}},
{"type":"Feature","properties":{"fid":633},"geometry":{"type":"LineString","coordinates":[[1.062634998830508,49.445201666069828],[1.063441686968223,49.445068055237435],[1.064388533135215,49.445083195628158],[1.066240565862698,49.445071886676359],[1.066944213799519,49.444958751214983],[1.068530667228759,49.444753354355747],[1.069558060656286,49.444563825395157],[1.072402753901431,49.443848850247598],[1.076137323942105,49.442720285123521],[1.076779065222194,49.442526448493496],[1.077930830482525,49.442178547880125],[1.081472859713374,49.44094139245373],[1.081711091214215,49.440858177348559]]}},
{"type":"Feature","properties":{"fid":634},"geometry":{"type":"LineString","coordinates":[[1.094061356483385,49.448345963748913],[1.093161320828579,49.448410634183418],[1.091783822713917,49.448214701073766],[1.092356699622114,49.447178329511779],[1.089786816553128,49.446710150964833],[1.087363535519962,49.446220473631215],[1.086608538473771,49.446271902848963],[1.086181304558231,49.446328508436146],[1.085906806824167,49.446197454040551],[1.085140920626731,49.446215043206038],[1.08451385874682,49.446418957141496],[1.083452184493372,49.446877339956501],[1.082937187267155,49.446326282767643],[1.082161683448076,49.445496451374041],[1.08153652398423,49.444827473006853],[1.080413865054695,49.445292783315693],[1.079620652940092,49.445066372293894],[1.078469307898865,49.444347208555733],[1.077960040121777,49.44379863248875],[1.076964641263328,49.442726361992662],[1.076779065222194,49.442526448493496]]}},
{"type":"Feature","properties":{"fid":635},"geometry":{"type":"LineString","coordinates":[[1.076964641263328,49.442726361992662],[1.078279668455996,49.442269222818801],[1.07891943363358,49.442049702691683],[1.079642094957501,49.441886932453052],[1.08015721947357,49.441752546222304],[1.080611944906932,49.441609280536561],[1.081130309450315,49.441387824163805],[1.081472859713374,49.44094139245373]]}},
{"type":"Feature","properties":{"fid":636},"geometry":{"type":"LineString","coordinates":[[1.081021152111417,49.440695962751988],[1.083662937801787,49.439911303009879],[1.086082356847852,49.439189277638206],[1.087661651826418,49.438849925151395],[1.088494948771942,49.438649251380767],[1.087750053449796,49.437358521731518]]}},
{"type":"Feature","properties":{"fid":637},"geometry":{"type":"LineString","coordinates":[[1.081711091214215,49.440858177348559],[1.083678727439869,49.440465936786332],[1.084498056277049,49.441294638196396],[1.085372529722,49.440967920970166],[1.086190422535029,49.441836185955665],[1.087048853226863,49.441287450227605],[1.087439499222952,49.441473041797018],[1.087668575239165,49.441606110709323],[1.08789595989439,49.441908444630378]]}},
{"type":"Feature","properties":{"fid":638},"geometry":{"type":"LineString","coordinates":[[1.077960040121777,49.44379863248875],[1.078682115989943,49.443526931795162],[1.079579465197249,49.443240217788009],[1.0801573629925,49.443051388932105],[1.080366118291288,49.443316050741423],[1.081091448231048,49.443082036426738],[1.081498306983312,49.443571588671141],[1.084543185634239,49.44274228015]]}},
{"type":"Feature","properties":{"fid":639},"geometry":{"type":"LineString","coordinates":[[1.097164528818419,49.443716576159716],[1.096119521917476,49.443979799372649],[1.095398683268152,49.444088795288053],[1.094811954134979,49.444241389162514]]}},
{"type":"Feature","properties":{"fid":640},"geometry":{"type":"LineString","coordinates":[[1.093739078005751,49.444404882072476],[1.093291542377858,49.443639442824626],[1.093132997269243,49.443368270362619]]}},
{"type":"Feature","properties":{"fid":641},"geometry":{"type":"LineString","coordinates":[[1.088494948771942,49.438649251380767],[1.089459288022871,49.440153389042855],[1.09037873907082,49.439922382911853],[1.090953840550754,49.440746357036303]]}},
{"type":"Feature","properties":{"fid":642},"geometry":{"type":"LineString","coordinates":[[1.093876515673988,49.440772762491015],[1.093901477636495,49.440818493197995],[1.093896180227519,49.440766707356872]]}},
{"type":"Feature","properties":{"fid":643},"geometry":{"type":"LineString","coordinates":[[1.0943769845648,49.44146085282236],[1.094606181521656,49.441676084743811]]}},
{"type":"Feature","properties":{"fid":644},"geometry":{"type":"LineString","coordinates":[[1.094793363918442,49.442014780927373],[1.095065159479447,49.442380787109236],[1.095516029094787,49.442987925408069]]}},
{"type":"Feature","properties":{"fid":645},"geometry":{"type":"LineString","coordinates":[[1.099338150305163,49.442064156610741],[1.098989317853482,49.441515938240293],[1.098873697946374,49.441334229348733]]}},
{"type":"Feature","properties":{"fid":646},"geometry":{"type":"LineString","coordinates":[[1.098077828316326,49.441536846161561],[1.095065159479447,49.442380787109236]]}},
{"type":"Feature","properties":{"fid":647},"geometry":{"type":"LineString","coordinates":[[1.080485528641969,49.439416133352374],[1.077680678872979,49.440095635223663],[1.074542583847608,49.440869425213954],[1.071992960410615,49.441494111686467],[1.069394721602303,49.442117969825155],[1.066851513013529,49.442568416106845],[1.065022089125403,49.442661997476158],[1.064370795608468,49.442683006629736],[1.062642670344795,49.442738734707682],[1.061039793198212,49.442728915062901],[1.058211928757981,49.442350962045865],[1.058466637349789,49.44203825433631],[1.060255354918932,49.44227284066735],[1.061516554610924,49.442324719620807],[1.062505945404761,49.442498952805934],[1.063199003458494,49.442720796945409]]}},
{"type":"Feature","properties":{"fid":648},"geometry":{"type":"LineString","coordinates":[[1.064370795608468,49.442683006629736],[1.063413230572264,49.444533015006471]]}},
{"type":"Feature","properties":{"fid":649},"geometry":{"type":"LineString","coordinates":[[1.065022089125403,49.442661997476158],[1.064086745444862,49.444504162479433]]}},
{"type":"Feature","properties":{"fid":650},"geometry":{"type":"LineString","coordinates":[[3.29888896343471,48.55838403421096],[3.300592153678157,48.557930520572505],[3.300657222505015,48.557690923235846],[3.301016278699247,48.557406476141708],[3.301621822371178,48.557070996168477],[3.301677176307491,48.556793617501853],[3.302046228770826,48.555981418095094]]}},
{"type":"Feature","properties":{"fid":651},"geometry":{"type":"LineString","coordinates":[[3.28749591812237,48.561923332677623],[3.287648385168776,48.561963565551665],[3.287999162486537,48.562300713899766]]}},
{"type":"Feature","properties":{"fid":652},"geometry":{"type":"LineString","coordinates":[[2.417640256112411,48.846477577018028],[2.417640594182285,48.846796265368397],[2.417641447668164,48.847600803213972],[2.417643270877738,48.849319365244106],[2.418237896758613,48.850459701294895],[2.418259455164199,48.850783802392215],[2.418306653013121,48.851066490076391],[2.418189467760668,48.851414839178403],[2.418136333643677,48.85166380849806],[2.415827942649829,48.851246135166065]]}},
{"type":"Feature","properties":{"fid":653},"geometry":{"type":"LineString","coordinates":[[2.415708345292832,48.852111794699525],[2.415201800463893,48.855153222993195],[2.416803078359545,48.855882276134253],[2.416880230748861,48.855917402130331],[2.418235938467302,48.856272918311575],[2.422053967349704,48.85710555943124],[2.422757858812426,48.857208647519336],[2.423135443952778,48.857218775886928],[2.423386401352857,48.857294753305467],[2.427537389842392,48.857630369732242],[2.427372392366586,48.856479954288439],[2.427233353601903,48.855510490779807],[2.427604374647821,48.854135826729632],[2.427864152153522,48.853173284443471],[2.428129385083841,48.852190490278595]]}},
{"type":"Feature","properties":{"fid":654},"geometry":{"type":"LineString","coordinates":[[2.428624859848544,48.851752041905797],[2.429597892239092,48.851036456922671],[2.430268953806083,48.850553126095612],[2.431016638077562,48.85001459267],[2.434580820036075,48.8499191938294],[2.434614105474127,48.848440635944215]]}},
{"type":"Feature","properties":{"fid":655},"geometry":{"type":"LineString","coordinates":[[2.095745561448273,48.89787337413744],[2.095051186112906,48.897980005095143]]}},
{"type":"Feature","properties":{"fid":656},"geometry":{"type":"LineString","coordinates":[[2.094620588756861,48.897404312696949],[2.094485169060154,48.897252247533281],[2.093764702742161,48.897193943112015],[2.092643863602938,48.897109949537906],[2.09143826288351,48.897289575607005],[2.091350347854212,48.897077490031201],[2.090932478751037,48.896742089466812],[2.090816919383271,48.896801617528808],[2.092170053304158,48.896041714780118],[2.093693979870453,48.895335943936267],[2.095440831249157,48.894979168704836],[2.098080628246306,48.894636647399523],[2.098318071056295,48.894812100954638],[2.098489037377337,48.894858692171454],[2.098741722806245,48.894815290142986],[2.09888095281442,48.894710628521516],[2.098940816232735,48.894560065533994],[2.100033035487948,48.894309668388928],[2.100309791009544,48.894198487893298],[2.100758815315334,48.89405839781022],[2.100986248624156,48.894150713552918],[2.101300720907878,48.894507955585993],[2.101546236551121,48.894879780641546],[2.101670624058263,48.894971321818154],[2.102072019690193,48.895601037379038],[2.102288142000973,48.895685714978178],[2.102480453408537,48.895823068343198],[2.102614863624855,48.895997740796176],[2.102647392743735,48.896103693766278],[2.102463406400128,48.896147618912813],[2.102235180607362,48.896100604238853],[2.102100641189887,48.895933481059572],[2.102094920142875,48.895601209087957],[2.102336806823349,48.895519965219066],[2.102707117142259,48.895296220597075],[2.102847121061071,48.895146256274785],[2.102863254677059,48.894874553195606],[2.103126606247277,48.894876525845071],[2.103327108724248,48.894538247326594],[2.103877618148538,48.894489513510401],[2.105046295469448,48.894452949302142],[2.104550078907395,48.892676719239439],[2.10434056864635,48.891542549822532],[2.103799823677446,48.890360595951847],[2.103364750788116,48.889692877342171],[2.103019718604625,48.889116439682454],[2.102477792531232,48.888006199751459],[2.10235836602054,48.887627768718311],[2.102352253787393,48.887318143472001],[2.102449957483544,48.886963992091921],[2.102869511613072,48.886536745304525],[2.103159488428075,48.886319946714885],[2.10331117508427,48.886154966871402],[2.103221670234734,48.886033484897077],[2.103040581023405,48.88591131676781],[2.102479754431661,48.885899563279473],[2.102034190161397,48.885843367303465],[2.101704800669746,48.885689881847014],[2.101172346222858,48.885361204319004],[2.101721197792517,48.885403077069668],[2.10218965395075,48.885459445925299],[2.102396498736687,48.885415692424289],[2.102525289273765,48.885250541787798],[2.102746963201952,48.885010579769059],[2.102956699525455,48.884798843120109],[2.103064411708088,48.88452782359186],[2.103183180433427,48.884279538945037],[2.103449338100808,48.884115416067658],[2.10373410131715,48.884200606272259],[2.103868355815756,48.884382828932843],[2.103750629657474,48.884570716131002],[2.103680606164223,48.884691185865371],[2.103632642730872,48.884773702705004],[2.103549258506457,48.884961846754955],[2.103455465637471,48.885089506917012],[2.103134533870781,48.885109755490284],[2.10291572273237,48.885183623536641],[2.102764688086293,48.885310854239691],[2.102705626930176,48.885416121870009],[2.102680909568154,48.885521646860397],[2.102956442199503,48.885478407163596],[2.103037618593928,48.885418609487012],[2.102947335287574,48.885342425770737]]}},
{"type":"Feature","properties":{"fid":657},"geometry":{"type":"LineString","coordinates":[[2.102680909568154,48.885521646860397],[2.102724099751914,48.885672985147565],[2.102837929812844,48.885711591805851],[2.103067411055975,48.885683108229422],[2.103321088198769,48.88557929813188],[2.103273995965608,48.885654452731842],[2.103260987738167,48.88574496405051],[2.10322482326126,48.885850403378427],[2.10320127696962,48.88588798065318],[2.103317187983152,48.88580579078679],[2.103432318685658,48.885768899331538],[2.103546929327996,48.885762206784513],[2.103684176160197,48.885770785044386],[2.103720599549545,48.885650246058404],[2.103722288881768,48.885552099227432],[2.103826490457665,48.885484922657923],[2.10398936071902,48.885335127034466],[2.104060386731635,48.885199745393024],[2.104050627487907,48.885101512850412],[2.103995076684106,48.885002937616903],[2.104008473166173,48.884889776873337],[2.104078719153347,48.884799693739382],[2.104023168618332,48.884701118491861],[2.103897892063342,48.88466242724359],[2.103680606164223,48.884691185865371]]}},
{"type":"Feature","properties":{"fid":658},"geometry":{"type":"LineString","coordinates":[[2.103449338100808,48.884115416067658],[2.103680241434777,48.884003883842539],[2.104102878941225,48.883395437085994],[2.104580861290011,48.8828968883507],[2.105138870283939,48.88173824496188],[2.105355847966703,48.881770069606667],[2.105564620515255,48.881613063711043],[2.105794762806618,48.881544938425151],[2.106394807625441,48.881270040830351],[2.106912904306194,48.881100239503844],[2.107156269389332,48.8809283873304],[2.107241187239853,48.880649642554367],[2.107233493679561,48.880430613143218],[2.107339751055662,48.880242636461283],[2.107706050539025,48.880245367199848],[2.107622300170011,48.88045616424818],[2.107620618352918,48.880554311588668],[2.107676041910906,48.880660435332999],[2.107789994033141,48.880691487665061],[2.107904980931136,48.880662141532227],[2.108034000865843,48.880481884665429],[2.108117232417451,48.88030128652386],[2.108199041247345,48.880203736077199],[2.108360202005541,48.880152081173819],[2.108577562741669,48.880161250630195],[2.10877017635697,48.879609591329924],[2.108783819475396,48.879481329890382],[2.109512190487023,48.879063907138544],[2.109730063129716,48.879042875281996],[2.109809156921696,48.879103869588448],[2.110416472220134,48.879070630215487],[2.11065659309394,48.879087515830271],[2.110851314364716,48.879081411476328],[2.110975938256115,48.879157844687228],[2.111356511093819,48.878994553469951]]}},
{"type":"Feature","properties":{"fid":659},"geometry":{"type":"LineString","coordinates":[[2.349544132133987,48.887266168724246],[2.347967691750304,48.888392020490166],[2.344548681246184,48.889321448185164],[2.343772979395608,48.888932116913956],[2.342001500152854,48.888331981465512],[2.341909199163529,48.888350987807925],[2.341301594238173,48.888476101858373],[2.339796188891884,48.888506284683046]]}},
{"type":"Feature","properties":{"fid":660},"geometry":{"type":"LineString","coordinates":[[2.340192917366791,48.889698927614411],[2.340266389097225,48.89007682029046],[2.338971716885498,48.890261491089582],[2.338739422068874,48.889955994885071],[2.338485109495329,48.889621537902109]]}},
{"type":"Feature","properties":{"fid":661},"geometry":{"type":"LineString","coordinates":[[2.33800927210253,48.888499675053794],[2.337954388632435,48.888241853918466],[2.337441743329883,48.887648494102862]]}},
{"type":"Feature","properties":{"fid":662},"geometry":{"type":"LineString","coordinates":[[2.337305313626024,48.887309597308828],[2.337284948987068,48.887257390071994],[2.337261298030228,48.887196757819396],[2.337061406904074,48.886905193797446],[2.338033066603238,48.886209669006696]]}},
{"type":"Feature","properties":{"fid":663},"geometry":{"type":"LineString","coordinates":[[2.337193409723817,48.885020779164648],[2.336952571404022,48.884357604805658],[2.336750701944271,48.883896137798487],[2.336157401958578,48.882851583499964],[2.335984275814006,48.882636203136073]]}},
{"type":"Feature","properties":{"fid":664},"geometry":{"type":"LineString","coordinates":[[2.337309689820972,48.882255568256539],[2.338011804122049,48.882254902420406]]}},
{"type":"Feature","properties":{"fid":665},"geometry":{"type":"LineString","coordinates":[[2.471117189564378,48.808155712978241],[2.472031379815776,48.809103571650844]]}},
{"type":"Feature","properties":{"fid":666},"geometry":{"type":"LineString","coordinates":[[2.475356685643451,48.807204367374695],[2.477371974999719,48.806862257260384],[2.477896772610406,48.806778029252349],[2.478773010606172,48.806550214897143]]}},
{"type":"Feature","properties":{"fid":667},"geometry":{"type":"LineString","coordinates":[[2.478952776984938,48.804879620223232],[2.480167009028834,48.804809732177318],[2.481405813496408,48.804767919452949],[2.483369933412207,48.804831483294393],[2.483084067779188,48.802624553378379]]}},
{"type":"Feature","properties":{"fid":668},"geometry":{"type":"LineString","coordinates":[[2.486021467497051,48.802497092565872],[2.487256827309629,48.80144127674685],[2.487125052756959,48.799082224032531]]}},
{"type":"Feature","properties":{"fid":669},"geometry":{"type":"LineString","coordinates":[[2.488363243559711,48.799097955253124],[2.488233903703368,48.795757802901541],[2.490532108836081,48.795712562197075],[2.490567286193185,48.795767771572294],[2.490662142349101,48.795807504014235],[2.490721513902,48.795823488283638],[2.491611274945991,48.797764217259719],[2.491728743134782,48.798020424988231]]}},
{"type":"Feature","properties":{"fid":670},"geometry":{"type":"LineString","coordinates":[[2.493082057008893,48.797971921056295],[2.494305391360955,48.799059762126987]]}},
{"type":"Feature","properties":{"fid":671},"geometry":{"type":"LineString","coordinates":[[2.501941788839921,48.802912496833152],[2.504110536603611,48.802730630252285]]}},
{"type":"Feature","properties":{"fid":672},"geometry":{"type":"LineString","coordinates":[[2.508165644920135,48.8039043899837],[2.509367322559995,48.803777978058015]]}},
{"type":"Feature","properties":{"fid":673},"geometry":{"type":"LineString","coordinates":[[2.509074806335749,48.803335833112627],[2.509662279229528,48.803162941764555]]}},
{"type":"Feature","properties":{"fid":674},"geometry":{"type":"LineString","coordinates":[[2.510544198990914,48.805285017879548],[2.510852587739373,48.805330628512493]]}},
{"type":"Feature","properties":{"fid":675},"geometry":{"type":"LineString","coordinates":[[2.394655585494558,48.849173542076201],[2.394309969961983,48.848630016707695]]}},
{"type":"Feature","properties":{"fid":676},"geometry":{"type":"LineString","coordinates":[[2.394370967155693,48.848206522778824],[2.392857977055708,48.848051019200064],[2.392013346134334,48.848982518504549]]}},
{"type":"Feature","properties":{"fid":677},"geometry":{"type":"LineString","coordinates":[[2.395668853145761,48.847289969462707],[2.395346360976393,48.845295026512552],[2.399993552461224,48.83986558251091],[2.400163798391985,48.839849354205157],[2.400298003506946,48.839752415012256],[2.400247821870593,48.839615506497921],[2.400637049703442,48.839202605884871],[2.40146714147558,48.838385599943123],[2.402291758831756,48.837398959110693],[2.402198503084761,48.837149581763981],[2.40346060985788,48.836669454202912]]}},
{"type":"Feature","properties":{"fid":678},"geometry":{"type":"LineString","coordinates":[[2.40593125737334,48.835759590307127],[2.407014691251697,48.835583694025331],[2.408578167001835,48.834926246510797]]}},
{"type":"Feature","properties":{"fid":679},"geometry":{"type":"LineString","coordinates":[[2.406368280093912,48.835481716779981],[2.404444,48.83431],[2.402057172922194,48.833466829997398],[2.401667765780825,48.833790280151646],[2.401354418623381,48.834037624321759],[2.401031161960093,48.833860303313344],[2.401001311162539,48.833884556971057],[2.402234370090179,48.834666745537092],[2.40417343976856,48.835779441203073],[2.405199309087548,48.83658496825683],[2.405885669733132,48.83734121400267],[2.40619134273898,48.837767345005943],[2.40634270812257,48.838109738977963],[2.406412999803957,48.838429767624881],[2.406393766873347,48.838820120686961],[2.406317443530943,48.839029607927642],[2.405931928529777,48.839769545644579],[2.405699949539529,48.840012423415729],[2.405559422266487,48.840099578087148],[2.405215920771283,48.840312614924734],[2.404784951076419,48.840498374374],[2.40432476658016,48.840652262892469],[2.403858190545979,48.840718267014729],[2.403199156655075,48.840802831702057],[2.402384407429295,48.840925659732811],[2.402291934409984,48.841252197752809],[2.402273638427947,48.841975197385665],[2.402264889688125,48.842320912795842],[2.402286123184839,48.842846338627261],[2.40230698216733,48.843362486492481],[2.402321027536276,48.843710028095543],[2.402345527776122,48.844316255895436],[2.402341106451695,48.844701799821991],[2.401970111548747,48.844812199227029],[2.401813657998177,48.844913909243814],[2.401502766702899,48.844941637828697],[2.401034353838768,48.845163800281945],[2.398398891810483,48.845421448732971],[2.396864625409641,48.847476638050757]]}},
{"type":"Feature","properties":{"fid":680},"geometry":{"type":"LineString","coordinates":[[2.498519222947376,48.808002996772728],[2.498140014984921,48.809127361880755]]}},
{"type":"Feature","properties":{"fid":681},"geometry":{"type":"LineString","coordinates":[[2.49680856257863,48.808425236956062],[2.494310610593798,48.808998847006649]]}},
{"type":"Feature","properties":{"fid":682},"geometry":{"type":"LineString","coordinates":[[2.48729662345633,48.808297681741564],[2.487114036786462,48.808430806087323],[2.48703880222114,48.808567142952178],[2.486971484445379,48.808649826012839],[2.486882335292598,48.808698250419248],[2.486719583209553,48.808717074557208],[2.486594112786289,48.808701893677735],[2.486460099997645,48.808803812804904],[2.486278442926516,48.808911869762284]]}},
{"type":"Feature","properties":{"fid":683},"geometry":{"type":"LineString","coordinates":[[4.812099409828359,43.94359394319293],[4.813221234381843,43.945004064051119],[4.813102516678929,43.94506413785782],[4.812814260500497,43.945392641962101],[4.81263581590647,43.94556161327985],[4.812417840876968,43.945751991367722],[4.81204125652713,43.945962278532669],[4.811881650154735,43.946051402923914],[4.811728820885019,43.945941879556891],[4.810541021990999,43.945438632789589],[4.809434663751187,43.945057495543011]]}},
{"type":"Feature","properties":{"fid":684},"geometry":{"type":"LineString","coordinates":[[4.806847083109846,43.95095219819558],[4.806665837327442,43.950221635181592],[4.807077396791224,43.950156726274692],[4.807125128883979,43.950031428555036],[4.807502499568531,43.949975383958588],[4.807758198323796,43.950249223056083],[4.808070746314847,43.950322907544262],[4.80832504762137,43.950733727881079],[4.808539686474553,43.951161805328304],[4.808597807443487,43.951364207352825],[4.808815336951046,43.951339855571497],[4.808950865114753,43.951628132163655],[4.809393246572724,43.951629108971709],[4.809496204089867,43.951614953362601],[4.809421380738103,43.951429429424621],[4.809188240969074,43.951142769479986],[4.80904618163876,43.950829699681243],[4.808928979265484,43.950756934730656],[4.808760403887328,43.950332245979808],[4.808584819832967,43.950048782666364],[4.808581136957048,43.949932635751203],[4.808445657797751,43.949555127256509],[4.80844844627157,43.9494989616949],[4.808456174989667,43.949343288948235],[4.808408090976288,43.948823224736948],[4.80888181183666,43.948484745230786],[4.808839526822046,43.948117453944434],[4.808674495945339,43.947743893918215]]}},
{"type":"Feature","properties":{"fid":685},"geometry":{"type":"LineString","coordinates":[[4.80730330695098,43.951779381962886],[4.807271198846412,43.952828378730729],[4.807379769522777,43.952809982035156],[4.807535205749774,43.952933476191042]]}},
{"type":"Feature","properties":{"fid":686},"geometry":{"type":"LineString","coordinates":[[4.806912388488849,43.951408170592117],[4.806825271105415,43.952171706782487],[4.806856214361392,43.952241750005768],[4.806932929624646,43.95223788764531]]}},
{"type":"Feature","properties":{"fid":687},"geometry":{"type":"LineString","coordinates":[[4.807678093714614,43.953454048987616],[4.807836009238459,43.953429128972246],[4.80793634054771,43.95333201255265],[4.807966321564351,43.953190406757201],[4.807972677198055,43.953028440383726],[4.807878932606121,43.952902888696748]]}},
{"type":"Feature","properties":{"fid":688},"geometry":{"type":"LineString","coordinates":[[4.816900613797535,43.946364416599891],[4.816941799982405,43.946575396174858],[4.815659620992129,43.946834549750712],[4.814145064122633,43.947140649102749],[4.813642596212602,43.947236145853807],[4.813616333553385,43.947132824738567],[4.813340617521151,43.947133250241215]]}},
{"type":"Feature","properties":{"fid":689},"geometry":{"type":"LineString","coordinates":[[4.81204125652713,43.945962278532669],[4.812196882068891,43.946210111292814],[4.812387763999639,43.946161292400575],[4.812566408921551,43.945998543562567],[4.812955895400643,43.945782493127595],[4.813537840298912,43.945567397499914],[4.813861526030059,43.945449967350491],[4.813975689791271,43.94542732079293]]}},
{"type":"Feature","properties":{"fid":690},"geometry":{"type":"LineString","coordinates":[[4.809742540439019,43.949058449985067],[4.811625347343647,43.949375875854585],[4.813642528054432,43.950305282100501],[4.81544000375086,43.951188499344624],[4.816391160405508,43.951471514958094],[4.817142612086895,43.951616733376795],[4.817487383314805,43.951619300471918],[4.818504129825953,43.95143637391736],[4.818896607334769,43.95131363376408],[4.818973023112141,43.951187852942446],[4.819271593326532,43.951182882786718],[4.819527582505994,43.950203301263628],[4.819670696234414,43.949827391752528]]}},
{"type":"Feature","properties":{"fid":691},"geometry":{"type":"LineString","coordinates":[[4.882162489486253,43.981279043234814],[4.882024447748666,43.982146787905265],[4.882751245040502,43.982484987949441],[4.883132887924083,43.982736514906982],[4.883303587941712,43.982849015948638],[4.883583056567502,43.982961901446444],[4.884358070811426,43.983274946180643],[4.884967009257656,43.983090130721806],[4.885625625123443,43.983190836536075],[4.886197266834914,43.983442455325445],[4.886284989988522,43.983835235467851],[4.886704801526681,43.984014762817182],[4.886938639485479,43.984279238962877],[4.886979503918293,43.984325457283525],[4.88715116596994,43.984301742300751],[4.887353177342733,43.984152989359252],[4.887593640588987,43.984123935579532],[4.888025772620935,43.984328148068613],[4.888261341921832,43.984498399516426],[4.888748482761212,43.984801270416362],[4.888606946451419,43.985040291671567],[4.888432946609881,43.984993491411224],[4.888461232668247,43.984806232011969],[4.888292566425824,43.984746888040711]]}},
{"type":"Feature","properties":{"fid":692},"geometry":{"type":"LineString","coordinates":[[4.886938639485479,43.984279238962877],[4.886676140852757,43.984538215318601],[4.886377717300082,43.984900303871548],[4.886097309530861,43.984938344885713],[4.885906389419728,43.98524877215106],[4.886057231640607,43.984943186672915],[4.884051479636822,43.984259737118265],[4.883851078953228,43.984109623208724],[4.883085621087051,43.983906985294553],[4.883583056567502,43.982961901446444],[4.883132887924083,43.982736514906982],[4.883342134837338,43.982449908603925],[4.883482042129849,43.982161117441713],[4.883732057094498,43.98189948228665],[4.883946093659869,43.981592811559992]]}},
{"type":"Feature","properties":{"fid":693},"geometry":{"type":"LineString","coordinates":[[4.819352295424187,43.949330507820122],[4.81914806925255,43.949411379943577],[4.819491155373625,43.949961807280985],[4.819247591219438,43.950010132213244],[4.818617485935841,43.948985814266194],[4.817732861357412,43.947845369508812],[4.817277954496399,43.947991278702325],[4.81723141623532,43.948213401280292],[4.81575527603411,43.948520159016589],[4.816149912135616,43.948164976818923],[4.815659620992129,43.946834549750712],[4.815049308976262,43.945350005019108],[4.814428822338716,43.945587191896074],[4.814125792259571,43.945691829980071],[4.814139701392113,43.945165897355423],[4.814095974407693,43.944995078600599],[4.813704523045014,43.944968374673145],[4.813374310620962,43.944940653066631],[4.813221234381843,43.945004064051119]]}},
{"type":"Feature","properties":{"fid":694},"geometry":{"type":"LineString","coordinates":[[4.807458451944314,43.945141043634798],[4.80666119434599,43.945057388957871],[4.806324030544688,43.945051895783806],[4.805598475276501,43.945192438566522]]}},
{"type":"Feature","properties":{"fid":695},"geometry":{"type":"LineString","coordinates":[[4.805356875657307,43.942907818199721],[4.804889618248419,43.942985250114376],[4.804788031300289,43.943042264926305],[4.804583107132024,43.943100986376926]]}},
{"type":"Feature","properties":{"fid":696},"geometry":{"type":"LineString","coordinates":[[4.807502499568531,43.949975383958588],[4.807503640354264,43.949830105307214],[4.807730237447002,43.94972951717881],[4.8082191061216,43.949566485126354],[4.80844844627157,43.9494989616949],[4.808967993506676,43.949390846238281],[4.80944233448299,43.94925295081385],[4.809661270470056,43.949152485477541],[4.809742540439019,43.949058449985067]]}},
{"type":"Feature","properties":{"fid":697},"geometry":{"type":"LineString","coordinates":[[4.809434663751187,43.945057495543011],[4.809185597186841,43.945837460911726],[4.808967637782968,43.945968344454023],[4.808857497683822,43.94660100916041],[4.808580047678431,43.946788213682389],[4.808823679786979,43.947708308806043],[4.808674495945339,43.947743893918215]]}},
{"type":"Feature","properties":{"fid":698},"geometry":{"type":"LineString","coordinates":[[4.814125792259571,43.945691829980071],[4.814240843982931,43.946811611944163],[4.814398961631155,43.948350477683469],[4.814069696753387,43.948353177472192],[4.813679717205195,43.948373485129544]]}},
{"type":"Feature","properties":{"fid":699},"geometry":{"type":"LineString","coordinates":[[4.806847083109846,43.95095219819558],[4.80687691969914,43.95074946752608],[4.806817373380516,43.950562306031934],[4.806947518410772,43.950560154129057],[4.807420149372132,43.95048870039524],[4.807933773701266,43.951227254867412],[4.808050069774824,43.951150625693728],[4.807661913601975,43.950504069423658],[4.807607682634544,43.950363856937187],[4.807758198323796,43.950249223056083]]}},
{"type":"Feature","properties":{"fid":700},"geometry":{"type":"LineString","coordinates":[[4.807360563524506,43.94651588318883],[4.807601225261259,43.94599095690193],[4.807613323524366,43.945647667806817],[4.807489211034454,43.945356435236761],[4.807458451944314,43.945141043634798]]}},
{"type":"Feature","properties":{"fid":701},"geometry":{"type":"LineString","coordinates":[[4.812196882068891,43.946210111292814],[4.812383511231051,43.946389022898202],[4.812490270746354,43.946735875410759],[4.813217629985902,43.946848316598093],[4.81378419357702,43.946841680600748],[4.814240843982931,43.946811611944163]]}},
{"type":"Feature","properties":{"fid":702},"geometry":{"type":"LineString","coordinates":[[2.518731955723741,48.813151481798798],[2.518760851381251,48.81322368651859],[2.519132130203781,48.813490915011435]]}},
{"type":"Feature","properties":{"fid":703},"geometry":{"type":"LineString","coordinates":[[2.519377295513529,48.813360718287626],[2.519847657643083,48.813735678469342],[2.519947600353455,48.813748094524257],[2.520432299530468,48.813464689880433],[2.521231616871535,48.814083648078288],[2.52265696871156,48.815037459480294],[2.522677297978593,48.81514371971209],[2.52260751064631,48.815314650693146],[2.522875293981578,48.815375793132503],[2.523766514275455,48.815400371994393],[2.523733443667009,48.815535405706001],[2.523846047541515,48.815656001235496],[2.524013694693747,48.815725753297727],[2.52408560839524,48.81571917538502]]}},
{"type":"Feature","properties":{"fid":704},"geometry":{"type":"LineString","coordinates":[[2.524013694693747,48.815725753297727],[2.523698304619685,48.815647903583674],[2.523614124616841,48.815652073725893],[2.523631572644404,48.815982547550149],[2.523240273456256,48.815999009961033],[2.522858441192609,48.815974959255954],[2.522159056199444,48.815861030227012],[2.521796202689279,48.81575144720167],[2.520944921205765,48.815339539390038],[2.520207601424814,48.814901049574139],[2.520206512186843,48.814795963706651],[2.520091178303655,48.814702339508003],[2.519856255904663,48.81473863859177],[2.519650460468736,48.814704956296005],[2.519719905202406,48.814520627908912],[2.519862882650285,48.814304937194244],[2.520004504257669,48.814236421186173],[2.520046817735241,48.814086407014294],[2.520025488082421,48.813933133649435],[2.519847657643083,48.813735678469342]]}},
{"type":"Feature","properties":{"fid":705},"geometry":{"type":"LineString","coordinates":[[2.51687303157303,48.813314354433857],[2.517279588889585,48.813810942494058],[2.518361265501862,48.813400796631193],[2.518731955723741,48.813151481798798]]}},
{"type":"Feature","properties":{"fid":706},"geometry":{"type":"LineString","coordinates":[[2.517693073751024,48.814166703167665],[2.517279588889585,48.813810942494058],[2.516896398062889,48.813935549414964],[2.516464112987238,48.814333874129083],[2.516428466338152,48.813879591465039],[2.516334372642178,48.813441508763695]]}},
{"type":"Feature","properties":{"fid":707},"geometry":{"type":"LineString","coordinates":[[2.512182935516286,48.814185314991327],[2.512714004312863,48.814105180421841],[2.513115650794186,48.814000562363972]]}},
{"type":"Feature","properties":{"fid":708},"geometry":{"type":"LineString","coordinates":[[2.511660909929883,48.814256966160201],[2.511206423113146,48.814336317505699],[2.511024210792596,48.813882016309691],[2.51140432082771,48.813807364505635]]}},
{"type":"Feature","properties":{"fid":709},"geometry":{"type":"LineString","coordinates":[[2.513710343510006,48.811796340552128],[2.513780914456481,48.811868774730215],[2.513734933222746,48.811922654109509],[2.514146836090968,48.812816139206056]]}},
{"type":"Feature","properties":{"fid":710},"geometry":{"type":"LineString","coordinates":[[2.380192525219089,48.83784136080989],[2.379464435844338,48.837864970501727],[2.379393162282648,48.83780653547398],[2.379373510576149,48.83744220589395],[2.379104977877338,48.837161043183521],[2.379767055448914,48.836626054272088],[2.37949739381324,48.836439902377009],[2.379775051356501,48.836626095732882],[2.380146252645432,48.836342971945761],[2.379716925656453,48.83613487830749],[2.382509637156005,48.833941523589353],[2.382517882756491,48.833920451450346],[2.382808595399398,48.833679132760196],[2.382937241281291,48.833619091727016],[2.384560342596177,48.832270833553736],[2.384601004252791,48.832212977255992],[2.385015653066801,48.831968345112955],[2.385511014540239,48.831662074522605],[2.3854009493603,48.831503148386787],[2.386329725012273,48.830714794581972],[2.386844012945669,48.830495727306406],[2.387242777503636,48.829901278804414],[2.387171878408199,48.829811177740453],[2.387398339836794,48.829590632770305],[2.387752995120822,48.829346989533782],[2.387865356137369,48.829310613816112],[2.388744435497014,48.828721373735988]]}},
{"type":"Feature","properties":{"fid":711},"geometry":{"type":"LineString","coordinates":[[2.398782054070306,48.831956394369961],[2.400506628826642,48.832721331790339],[2.402057172922194,48.833466829997398],[2.402789905835826,48.833028360028742],[2.403869,48.832317],[2.404861,48.832349],[2.405433419508265,48.832257776982928],[2.407024,48.831985],[2.408612305490032,48.831492164416296],[2.409557,48.831348],[2.410072678111835,48.831034853070165],[2.410683883951416,48.830721145645377],[2.412098509055653,48.830062994193561],[2.413045832789698,48.829719254222816],[2.414601343254973,48.829325698359732],[2.415096192693958,48.829402021055813],[2.415265566389512,48.829983504105307],[2.415426411738229,48.82989983153044],[2.415634042561506,48.829921960927123],[2.415856953638963,48.830007508738383],[2.415694925412163,48.83019674966156],[2.415004161301571,48.830478421487747],[2.414006255740947,48.831054190621408],[2.413780019248284,48.831264228907692],[2.413504978679509,48.831547928839484],[2.413215727166355,48.831673198215341],[2.41292694981545,48.831756239839265],[2.412719907485108,48.831681321978948],[2.412577778721271,48.831522263826479],[2.412709863725304,48.831153405322276],[2.412727043183765,48.831047916181753],[2.412151873806897,48.831002861156485],[2.412131121769013,48.831425053127312],[2.411998436601143,48.831846694694278],[2.411802382759428,48.832215237643432],[2.411543436178726,48.832488454710258],[2.411221835761456,48.832645232056812],[2.41091693988474,48.832738746786298],[2.410533402545724,48.832715742484751],[2.410150462807223,48.832639953210617],[2.409960009027003,48.832512325742869],[2.409818364494037,48.832311037423757],[2.409964908099115,48.83207949892077],[2.410319206144619,48.831859542019323],[2.410769085227586,48.831671727005528],[2.411283875976185,48.831399771032402],[2.411734938897388,48.83110638467069],[2.412151873806897,48.831002861156485],[2.412727043183765,48.831047916181753],[2.412888965935893,48.83086923619129],[2.413131788560945,48.830606494126592],[2.413438687280034,48.830333508434485],[2.413743683285121,48.830229430301024],[2.414111925703068,48.830189005376795],[2.414575514089249,48.830201832850605],[2.414959153189474,48.830214267465834],[2.415265566389512,48.829983504105307],[2.415158967119469,48.829617535815643],[2.415525901305291,48.829583596982651],[2.416026696885998,48.82912943738372],[2.416494884543389,48.828730542641949],[2.417010088594255,48.828416334131063],[2.417603935470411,48.828218637440855],[2.418051517895184,48.828231373598477],[2.418464531240479,48.828476202127376],[2.418542123245668,48.828687726751284],[2.4194559901319,48.828470461667088],[2.419330897146776,48.828216477507546],[2.419318788176068,48.827868025437091],[2.419224852304947,48.827688093929552],[2.419082832213732,48.827518486135304],[2.419179825216696,48.827423940839012],[2.419184294437561,48.82702278210968],[2.419203223526214,48.826758939466266],[2.419111877776543,48.826346757743607],[2.419163254719312,48.826040842990558],[2.419250841506305,48.825355037743201],[2.41960728756283,48.824934472253595],[2.419659012733104,48.824596886401849],[2.419965563089558,48.824062305095659],[2.419679318267286,48.818463116434465],[2.419910549319626,48.818351012440466],[2.419895912600854,48.817207246502825],[2.420748252946678,48.81722251855021],[2.422125031767467,48.817049703473828],[2.422410789667962,48.817230561227937],[2.42349981733092,48.817056339975011],[2.424427814172812,48.816986908462596],[2.425370980039971,48.816991444949259],[2.42577213794336,48.816856125091455],[2.429431852948365,48.816968662292219],[2.429897520516349,48.816780849125891],[2.430778583733973,48.816616127369471],[2.432026766477825,48.816503291585263],[2.432874583971008,48.816454528616532],[2.433417180496095,48.816541560762268],[2.433846388439906,48.816765300621483],[2.4343418339488,48.816778203012944],[2.434916865577037,48.816823151894752],[2.435856831453981,48.817123199434285],[2.436047749097456,48.817208559731796],[2.437406554647839,48.817214960935033],[2.438030120490531,48.8172073358689],[2.438910370060285,48.817116452710373],[2.439791070224824,48.816983335366089],[2.440223142369542,48.816943129149472],[2.44076869990607,48.816755647820038],[2.441457559946953,48.81662162078883],[2.442017400941579,48.816592562344425],[2.443408275389953,48.816588487614069],[2.443877899803391,48.816616929541212]]}},
{"type":"Feature","properties":{"fid":712},"geometry":{"type":"LineString","coordinates":[[2.468673647957004,48.811830232840357],[2.466982143254545,48.810947364536105],[2.466655279563487,48.810866725632053],[2.466684221723749,48.810381210168103],[2.466735002375557,48.8099084848986]]}},
{"type":"Feature","properties":{"fid":713},"geometry":{"type":"LineString","coordinates":[[-2.022545460982953,48.65020639895868],[-2.023040761496967,48.650592216195754],[-2.023364864364109,48.65050120218477],[-2.023515141718249,48.650715405066585],[-2.023691668051791,48.651157638489558],[-2.023966196150945,48.6511804207504],[-2.024405722130924,48.651075938822267],[-2.02395895694428,48.651195047516097],[-2.023683057365969,48.651158001958912],[-2.023748411056688,48.651433073931535],[-2.023828351795272,48.651590096533113],[-2.023548119682811,48.65168785239937]]}},
{"type":"Feature","properties":{"fid":714},"geometry":{"type":"LineString","coordinates":[[-2.023828351795272,48.651590096533113],[-2.023895263968119,48.651611617983008],[-2.023854487818008,48.65168208084382],[-2.025723969559483,48.651388332927205],[-2.026027814012727,48.651401279821222],[-2.027621621541495,48.650668740579327],[-2.027878118130235,48.650549063302364],[-2.028520877203517,48.650625019620406],[-2.028525918718227,48.650587571401161],[-2.028545161357383,48.650518016430965],[-2.02841019457771,48.650193614666655],[-2.028370823789055,48.650009102090735],[-2.028372396468161,48.649845773530089],[-2.028167414444307,48.64942264889919],[-2.028319219765499,48.649158452521242],[-2.028334837563622,48.648916479604225],[-2.028397418421298,48.648713337870497],[-2.02824043822235,48.648519473149697],[-2.028308984091472,48.64819864504711],[-2.028515103772803,48.647914967491239],[-2.028677585891154,48.648031264601542],[-2.028651221693408,48.648880197162676],[-2.029204780944861,48.649231901377597],[-2.030340989453591,48.64995376896956],[-2.031984187178602,48.650677700698253],[-2.032251248742864,48.650802460664188],[-2.032492158549399,48.650969857616261],[-2.032640001691224,48.651158375185084],[-2.032611418447194,48.651400181226016],[-2.032461733319383,48.65177599942318],[-2.032455181063054,48.651932378240751],[-2.032535235518015,48.652404458946926],[-2.032546682961513,48.652613065219626],[-2.032679600104994,48.652736336058219],[-2.032990140539612,48.652863552499831],[-2.033162724819347,48.652904946343284],[-2.033279888061926,48.652954412259895],[-2.033575865232304,48.652930437788008],[-2.033735991539956,48.652932258176435],[-2.033860115861914,48.652829623713984],[-2.033837121061711,48.652635827054759],[-2.033783348026636,48.652526395514322],[-2.033742308581418,48.652459389191577],[-2.033306637069669,48.652469222376958],[-2.033178757090325,48.652443123747979],[-2.032949197029742,48.652303890571936],[-2.032956343558162,48.652108819169882],[-2.032978513189906,48.651890198393048],[-2.032926941023637,48.651803587462666],[-2.032761415177635,48.651655917540289],[-2.032779462340275,48.651529127203268],[-2.032725052030447,48.651368165600168],[-2.032707373824765,48.651274392773082],[-2.032627067806028,48.6512677924255]]}},
{"type":"Feature","properties":{"fid":715},"geometry":{"type":"LineString","coordinates":[[-2.029204780944861,48.649231901377597],[-2.028352188391806,48.649231530003057],[-2.028319219765499,48.649158452521242],[-2.028004569747141,48.649092711393457],[-2.027714864253281,48.649032181144314],[-2.027450790976201,48.648983187993288],[-2.027410382550914,48.649102329185283],[-2.026055596231722,48.648903919920855],[-2.026174727915445,48.648590647309327],[-2.026279329806923,48.648315579460785],[-2.026410938312364,48.647969488957706],[-2.02658957373449,48.647444946883553],[-2.026555905959526,48.647139894256874],[-2.026413430966839,48.646782152402871],[-2.026193917222597,48.646162720990752],[-2.027264759974623,48.645971410245892],[-2.027748656921443,48.645879360180523],[-2.027887699114832,48.645841978734779],[-2.028076103308453,48.645868389342432],[-2.028148175158971,48.645988507113152],[-2.028079745207493,48.646085918943875],[-2.028597633801712,48.646886077185272],[-2.028688487849225,48.646976758416095],[-2.029092057762508,48.646948247011693],[-2.029143599505126,48.64698974873059],[-2.028943767618688,48.647742899943282],[-2.028602009725907,48.647874776036893],[-2.028515103772803,48.647914967491239],[-2.028461228160497,48.647849217983243],[-2.028632344250191,48.647695910524519],[-2.028542786598848,48.647439047760997],[-2.02853291600469,48.647201731750037],[-2.028388405742403,48.646912819817473],[-2.028435810030057,48.64736050469886],[-2.027979752878223,48.647382638601066],[-2.027599350963043,48.647427352782842],[-2.027212029710136,48.647439352509593],[-2.026836538235407,48.64745098452692],[-2.02658957373449,48.647444946883553]]}},
{"type":"Feature","properties":{"fid":716},"geometry":{"type":"LineString","coordinates":[[-2.026055596231722,48.648903919920855],[-2.025972078682103,48.649249008215605],[-2.026099275981923,48.649492825512731],[-2.025855251628392,48.649517452392502]]}},
{"type":"Feature","properties":{"fid":717},"geometry":{"type":"LineString","coordinates":[[-2.026174727915445,48.648590647309327],[-2.025587750185,48.648489028632468],[-2.025688715094704,48.648236889244338],[-2.025866581167478,48.647792698547015],[-2.026131162360644,48.647757178188364],[-2.026113070811075,48.647434282265564],[-2.02658957373449,48.647444946883553]]}},
{"type":"Feature","properties":{"fid":718},"geometry":{"type":"LineString","coordinates":[[-2.026193917222597,48.646162720990752],[-2.026088472565593,48.646144976636279],[-2.025539721911633,48.64623689432883],[-2.025369086085498,48.64621545786342],[-2.023480474719582,48.645948624691293],[-2.02329579782716,48.645601254036777],[-2.02313857973783,48.644775110793056],[-2.022948041730227,48.644456629423836],[-2.022476298886013,48.643820628408875],[-2.022261489805105,48.643429416019302],[-2.022314107463535,48.643212376528801],[-2.022074760568303,48.643015536281766],[-2.021332965497919,48.64271745265394],[-2.021091855290044,48.64254717931022],[-2.020831541052977,48.642356950032095],[-2.020844599829311,48.642132987633907],[-2.0209037193017,48.641938588374394],[-2.020839263167665,48.641852516401016],[-2.020562238402154,48.641758227999873],[-2.020241781060005,48.641751698887049],[-2.019951216255854,48.641606423921289],[-2.019623591344105,48.641345277540474],[-2.0194692468467,48.641088277733971],[-2.019301705548062,48.640783858259553],[-2.019070431517647,48.640535831575534],[-2.018726928382225,48.640109226318714],[-2.018890539299861,48.640282772953206],[-2.019053871694396,48.640138399489068],[-2.019059229654129,48.639969182753099],[-2.01890357548368,48.639338452758189],[-2.018805940195188,48.639041824713232],[-2.018833289606747,48.638831580719035],[-2.018901021479893,48.638636818796506],[-2.019030303974874,48.638407953627549],[-2.019109117021776,48.63831940257969],[-2.019244849237575,48.638166898690969],[-2.019422103400221,48.637987565792578],[-2.019482637219405,48.637987876318178],[-2.019561404560154,48.637953046514184],[-2.019563985381383,48.63788992400579],[-2.019592117770663,48.637822859267168],[-2.020074205562686,48.637307719337343],[-2.020430505911061,48.637057816255833],[-2.020706119748793,48.636822773825806],[-2.021308603549938,48.636436451313358],[-2.02156715624659,48.636293782975947],[-2.021916642150796,48.636153004354121],[-2.022343421256378,48.636097038071924],[-2.022540477919565,48.636168919073704],[-2.022680635770249,48.636278289064848],[-2.02278930832444,48.636419778972261],[-2.02303415163357,48.636584162651459],[-2.023386600444693,48.636744002703708],[-2.023813593363307,48.636915015559531],[-2.024238120934612,48.637060352666829],[-2.024496181347141,48.637092419064558],[-2.024888326234034,48.637035758317104],[-2.025041630898997,48.637012098010018],[-2.025107564935541,48.637023634638041],[-2.025139804045341,48.636999358837805],[-2.025130562728993,48.636948192272058],[-2.025321845605609,48.637094783830271],[-2.025606744377306,48.637091343019982],[-2.02580555955027,48.637091537826173],[-2.026279720362794,48.637303513913189],[-2.026478433142176,48.637392504425968],[-2.026706521519529,48.637472376809278],[-2.02692126900566,48.637503403712024],[-2.027545912866278,48.6376173602306],[-2.0277399636519,48.637657853070408],[-2.027930259400947,48.637704232839305],[-2.028050402603388,48.637785083982401],[-2.028327406960565,48.638013976803769],[-2.028525664339697,48.638143083222005],[-2.028620994371914,48.638190611207001],[-2.028748837250562,48.638216715036727],[-2.028913409414765,48.638175387960679],[-2.029093276775937,48.638113364207285],[-2.029554105991831,48.638096749271334],[-2.029852471777271,48.63809845781163],[-2.030377307531273,48.638208026434974],[-2.030522553816316,48.638190428397607],[-2.030633372934428,48.638039664587374],[-2.030752710544522,48.637842711938426],[-2.030802424805854,48.63764082621109],[-2.03087441478332,48.63744587529736],[-2.030875519500115,48.637322664404046],[-2.03081948223635,48.637144583988942],[-2.030538771928256,48.636742564049484],[-2.030288695399178,48.636389373295053],[-2.030179728076642,48.636245037548804],[-2.030126988972625,48.636101188770958],[-2.03010364374689,48.63599333294848],[-2.030126359333213,48.635915036876256],[-2.030158603587869,48.635756137938991],[-2.030249162066513,48.635529610951586],[-2.030316475936632,48.635420786306867],[-2.030392211998215,48.635354569807667],[-2.03076190433318,48.63524441667311],[-2.030843865692703,48.635197986627801],[-2.030917774290609,48.63502300403735],[-2.030944153552466,48.634892995546601],[-2.030725940849742,48.634736093984024],[-2.030416329670761,48.634752049644717],[-2.030118806582053,48.634758900552242],[-2.02976734190455,48.634833909784099],[-2.029298658614988,48.634948244527706],[-2.028919995096228,48.63501007947675],[-2.028509006984335,48.635050365137459],[-2.028266323173752,48.635178057660767],[-2.027761728212538,48.635368375104605],[-2.027454754887349,48.635501646871163],[-2.027262515600951,48.635704541031529],[-2.026551522351042,48.635725988775874],[-2.026360344432049,48.635490602061942],[-2.026136192956582,48.635316757879359],[-2.025276228011987,48.634642743862585],[-2.025215339280603,48.634593758727114],[-2.024815954466193,48.634799669562973],[-2.024368948145542,48.635004725720627],[-2.024107857972272,48.635075901209881],[-2.02373313405086,48.635088860377806],[-2.023353831741696,48.635099147397177],[-2.023034950754444,48.635198538918672],[-2.02256522193656,48.635077304370689],[-2.021866384045881,48.634820377280022],[-2.021545451174864,48.634673524361318],[-2.021414169412824,48.634521530588657],[-2.02113510224182,48.634315624291155],[-2.021047603436025,48.634124546836013],[-2.02096914868301,48.634027608487656],[-2.020885362641635,48.633920154078318],[-2.020828959878137,48.633512943954699],[-2.020777216469152,48.633154229660619],[-2.020789144815688,48.633053476803433],[-2.020885860727648,48.632980652640761],[-2.02105097071974,48.632945041657081],[-2.021059803200929,48.632767084060383],[-2.0209140207181,48.632778965228781],[-2.020876494975098,48.632703213618491],[-2.020947661182978,48.632634331903802],[-2.021143718952126,48.632606007426872],[-2.021172394570287,48.632544647432951],[-2.021410586742721,48.632460122977768],[-2.021639155585278,48.632410375494693],[-2.021759512234603,48.632358750730631],[-2.021820972894676,48.632278820988908],[-2.021899566963294,48.632152339563532],[-2.021895211028982,48.631972074100446],[-2.021898885072334,48.631920362051297],[-2.021303756813853,48.632022817833722],[-2.021887181082415,48.631843520664702],[-2.021886277286914,48.631789137576767],[-2.02181404676959,48.631711986868652],[-2.021702890088498,48.631679443380619],[-2.021555659205585,48.631631236834885],[-2.021392116908665,48.631638139826187],[-2.021172239628266,48.631733348548153],[-2.021017546838774,48.631877362642314],[-2.020938870331019,48.63195801855052],[-2.020782096906977,48.631990413434863],[-2.020663783287102,48.63201832075476],[-2.0203613091142,48.632108420734973],[-2.020293350655839,48.632165709678944],[-2.020189330190474,48.632522404454775],[-2.020105103632623,48.632815249817583],[-2.020100845748919,48.632995878435992],[-2.020182939350235,48.633175727549343],[-2.020260786497002,48.633311359632913],[-2.020144137978085,48.633986520425523],[-2.020169847734616,48.634074227835725],[-2.019988419629937,48.634164946978046]]}},
{"type":"Feature","properties":{"fid":719},"geometry":{"type":"LineString","coordinates":[[-2.010748642969968,48.620672114765767],[-2.011035832681013,48.620455870820678],[-2.011716203030567,48.620211393991958],[-2.01162286515882,48.620063676298756],[-2.012297295955433,48.619800479324667],[-2.013700501397062,48.619252856757157],[-2.015423869141379,48.618601297832221],[-2.015280181739477,48.618479036643755],[-2.014668622571958,48.618248182857627]]}},
{"type":"Feature","properties":{"fid":720},"geometry":{"type":"LineString","coordinates":[[-2.015280181739477,48.618479036643755],[-2.014529439221681,48.617530791467516],[-2.01458727494177,48.617400032630655],[-2.014623839997405,48.617322665274123],[-2.014518547401492,48.617233780851862]]}},
{"type":"Feature","properties":{"fid":721},"geometry":{"type":"LineString","coordinates":[[-2.014529439221681,48.617530791467516],[-2.014206928458805,48.617561887116196],[-2.014044761249879,48.617522062027675],[-2.012828043125076,48.617952478307913],[-2.012862276073949,48.618126017390232],[-2.012383868180254,48.618274500361167],[-2.012160962217606,48.6186105269039],[-2.012078801200734,48.618946454534004],[-2.012115148871529,48.619417373299214],[-2.012297295955433,48.619800479324667]]}},
{"type":"Feature","properties":{"fid":722},"geometry":{"type":"LineString","coordinates":[[-2.046533966823645,48.636764104182099],[-2.046971217609105,48.636553074439618],[-2.047332453283949,48.635919472886783],[-2.047737516529447,48.63601311134466],[-2.047289337908569,48.63647541851649],[-2.047212073529561,48.63695115327539],[-2.047234375028474,48.637364336055121],[-2.047393897533695,48.637649208752869],[-2.047884598798226,48.638173757727429],[-2.047566543638382,48.638525553391631],[-2.04749684747553,48.638715159547019],[-2.047727966877684,48.638921168058786],[-2.048064617110272,48.639035206925449],[-2.048513878639508,48.639039476409963],[-2.048697035929446,48.639113363923691],[-2.048807614373334,48.639073674977645],[-2.048926182170479,48.638934489300972],[-2.049088013075702,48.638787634760774],[-2.049458948924007,48.638801057195508],[-2.049771897827022,48.638851936386281],[-2.04995216255205,48.638622638898504],[-2.050123315881012,48.638481219882514],[-2.050053453824316,48.638122551025099],[-2.049844478288112,48.637781452175886],[-2.049593796438704,48.637646271405607],[-2.049500320570125,48.637498585547007],[-2.049532142605406,48.637281421014883],[-2.049416086955092,48.637082198086759],[-2.049477009318714,48.636892962531235],[-2.049568369382232,48.636836589784373],[-2.050164582551884,48.636904609090678],[-2.050374590085505,48.636983187052401],[-2.050605061296345,48.636909242727249],[-2.050982410757189,48.636624913797725],[-2.051334242455192,48.636440824844236],[-2.051899332624649,48.635913750181885],[-2.0521135126556,48.635671342252202],[-2.053673020700515,48.635599276102255],[-2.054874083462685,48.635915721310397],[-2.056610373784029,48.636670203222167],[-2.056739383117853,48.637003025252689],[-2.056502631429892,48.637193905601734],[-2.05637015800545,48.637462013552671],[-2.056058454027878,48.637696907996293],[-2.056007670209112,48.637990708016197],[-2.05608981759083,48.638203032150315],[-2.056425357356508,48.638305429551025],[-2.056516043984445,48.638424065115956],[-2.056482898372103,48.638536297683189],[-2.056335193177449,48.638737974856255],[-2.056246647177278,48.638823397461088],[-2.056356550325774,48.63895871499377],[-2.056662990170493,48.639033184362475],[-2.056824694360632,48.639067141756577],[-2.056873244478077,48.639205066405147],[-2.056793463586546,48.639290116859925],[-2.056695590289862,48.639370103329505],[-2.05665536562373,48.639500135204706],[-2.056794148591409,48.639570063822106],[-2.056872700573754,48.639654217837794],[-2.056881694147386,48.639747160947607],[-2.056842593846668,48.639888810732145],[-2.056776635809304,48.640025769093739],[-2.056739555126958,48.640097338983026],[-2.056846089621824,48.640197802265533],[-2.057037465790394,48.640265495423513],[-2.05736098594059,48.640152586664897],[-2.057652395621736,48.640071664271296],[-2.057905230034001,48.63995592569664],[-2.057306390552891,48.639952216208492],[-2.057258400742564,48.639820100764148],[-2.057173331324791,48.639759555330357],[-2.057235456918065,48.63940111176364],[-2.057340178723759,48.639210009796919],[-2.057020350916737,48.638815305018426],[-2.056891001745765,48.638569990567568],[-2.056888348940356,48.638269712043993],[-2.057422152648985,48.637510626335654],[-2.05669455822132,48.637267408437481],[-2.056447815005093,48.637304846847911],[-2.056739383117853,48.637003025252689],[-2.056954897948974,48.636865542614252],[-2.056832965963773,48.636514921378719],[-2.056549796236092,48.63631697409248],[-2.056145049689639,48.636135858677676],[-2.055797388265379,48.635998978944855],[-2.055293709370581,48.63579581708526],[-2.054959985181315,48.635530020269137],[-2.055083246047747,48.635075653873173],[-2.05447412368959,48.635329014584542],[-2.054664806429083,48.634661801785789],[-2.054836494915227,48.633616259705306],[-2.053624125369994,48.633819419566422],[-2.053545777685005,48.635193465813323],[-2.052919576701399,48.635179233133194],[-2.052884358552828,48.635635723405805]]}},
{"type":"Feature","properties":{"fid":723},"geometry":{"type":"LineString","coordinates":[[-2.049477009318714,48.636892962531235],[-2.049310265563467,48.636806714158688],[-2.049148441407432,48.636953569242614],[-2.049009114400395,48.636877822572472],[-2.048943088910097,48.637469738144446],[-2.049067561764206,48.637756096331145],[-2.048762343402299,48.637967363720627],[-2.048210022141842,48.638171616376461],[-2.047884598798226,48.638173757727429]]}},
{"type":"Feature","properties":{"fid":724},"geometry":{"type":"LineString","coordinates":[[-2.047737516529447,48.63601311134466],[-2.04792998351386,48.635910162256515],[-2.048766835093252,48.636282949786981],[-2.048931464137092,48.636165140134409],[-2.048686029139841,48.635446453598682],[-2.048582940644215,48.634925874656048],[-2.048925443882864,48.634736355463019],[-2.048860298412679,48.634517472902665],[-2.049185401179807,48.634147873632486],[-2.049371694459235,48.634163298378262],[-2.049777654462209,48.634175231976471],[-2.050066224503363,48.63388300728446],[-2.050645564325214,48.633776754209926],[-2.050613223925581,48.633533148149226],[-2.050964256849837,48.633249934669976],[-2.051049340938924,48.632855522087461],[-2.050923871856931,48.632376723389946],[-2.050985126708614,48.632099979103018],[-2.051240837366899,48.631467923911899],[-2.051526577247607,48.631146649965459],[-2.051640847577374,48.631054304894526],[-2.052298585225948,48.630758061583762],[-2.05237049939898,48.630591687405627],[-2.052645880612185,48.630527495779589],[-2.053023852968832,48.630068144138008],[-2.053085877269058,48.629890523655462],[-2.053195087855205,48.629745895906211],[-2.053581241070549,48.629735325056863],[-2.05386684161957,48.629594868884809],[-2.05394083027933,48.629268001255191],[-2.053741635399082,48.629118976365739],[-2.053655803119593,48.628959302404766],[-2.054046673559863,48.628633554224827],[-2.054491803456779,48.628322997611519],[-2.05457595385441,48.628010279421396],[-2.05475380105088,48.627483595849981],[-2.055271153219919,48.626919152266474],[-2.054646541391398,48.626101384992118],[-2.051682437734942,48.62456493253606]]}},
{"type":"Feature","properties":{"fid":725},"geometry":{"type":"LineString","coordinates":[[31.237541016355291,30.044604744243042],[31.237109888360603,30.044555937300238],[31.236556743008919,30.044531533828849],[31.237305116131704,30.045617488306117],[31.238167372121094,30.045454798496774],[31.239680387347775,30.04519449480188],[31.241339823402829,30.045129418878151],[31.242641341877373,30.045275839706552],[31.246676049148501,30.045682564229828],[31.250808370305197,30.049961306214957],[31.251361515656889,30.05016060123133],[31.254631580824206,30.052470796523679],[31.256827893250016,30.054504419140162],[31.257657611277548,30.054882672946828],[31.257901645991531,30.05489894192776],[31.258145680705503,30.055305666451055],[31.258601212171602,30.055159245622665],[31.259837654722428,30.054427141480723],[31.260634834788092,30.054118030843028],[31.262261732881289,30.053109354025256],[31.262798609252034,30.05444341046168],[31.263595789317701,30.055647315050642],[31.266003598495633,30.053841458167195],[31.266882123465948,30.053337119758279],[31.263579520336773,30.055614777088767],[31.261497090777482,30.056737336773068],[31.260504682940645,30.057436902953135],[31.263091450908821,30.059706425793141],[31.264132665688454,30.060405991973219],[31.263725941165156,30.061414668790984],[31.262652188423647,30.061951545161758],[31.262489498614325,30.062228117837584],[31.262668457404587,30.062602304399036],[31.263302947660936,30.063285601598185],[31.263677134222359,30.063106642807909],[31.264197741612183,30.063074104846063],[31.265905984610029,30.065514451985837],[31.26618255728588,30.065457510552562],[31.266377785057063,30.065473779533502],[31.266540474866385,30.065603931380966],[31.266670626713843,30.065831697114028],[31.266573012828253,30.066059462847068],[31.266459129961728,30.066108269789854],[31.268004683150263,30.068190699349159],[31.268980822006178,30.069492217823697],[31.270835485832414,30.070110439099093],[31.271535052012492,30.07170479923041],[31.272071928383234,30.072794820952872],[31.27259253577305,30.0735757320376],[31.272950453353555,30.07431597067],[31.27308060520102,30.075519875258951],[31.273259563991267,30.076186903477168],[31.275634835207324,30.077553497875467],[31.277700995785683,30.078773671445347],[31.279165204069553,30.079639994679976],[31.281182557705122,30.081527196468084],[31.28168689611401,30.082291838571891],[31.281833316942397,30.083048346185212],[31.28206108267544,30.084008216060177],[31.282321386370359,30.084724051221187],[31.282793186817379,30.085439886382186],[31.287381039440184,30.086985439570721],[31.289024206514309,30.087359626132155],[31.289935269446495,30.087489777979627],[31.291301863844783,30.087213205303776],[31.293189065632873,30.086725135875817],[31.293351755442192,30.086839018742335],[31.293660866079911,30.086611253009323],[31.298037221950594,30.089962663081259],[31.299745464948455,30.09110962623695],[31.300379955204789,30.091776654455192],[31.301714011641209,30.09358251133861],[31.302673881516203,30.094884029813176],[31.304203165723798,30.096673617715698],[31.30460989024709,30.097226763067365],[31.305390801331828,30.098276112337498],[31.306220519359361,30.098406264184938],[31.307538306814845,30.097804311890446],[31.308791018346607,30.097149485407957],[31.309165204908041,30.096824105789302],[31.309588198412275,30.096759029865574],[31.311865855742742,30.09467660030629],[31.316144597727835,30.092691784632613],[31.318536137924834,30.091955613245414],[31.319186897162112,30.091337391970011],[31.320407070731999,30.089694224895904],[31.321090367931141,30.088913313811165],[31.321708589206555,30.08909227260142],[31.322652190100598,30.089645417953079],[31.32424655023194,30.090995743370417],[31.325694489534872,30.090784246618334],[31.327370194570864,30.090361253114089],[31.328264988522122,30.089153281279906],[31.329094706549654,30.088112066500265],[31.330184728272094,30.088779094718458],[31.330754142604707,30.088437446118913],[31.329875617634389,30.088128335481194],[31.330233535214891,30.087591459110456],[31.329924424577175,30.087282348472748],[31.330282342157673,30.086729203121038],[31.329924424577175,30.087282348472748],[31.330233535214891,30.087591459110456],[31.329875617634389,30.088128335481194],[31.330754142604707,30.088437446118913],[31.330184728272094,30.088779094718458],[31.327370194570864,30.090361253114089],[31.328492754255166,30.091365862686626],[31.329127244511515,30.092049159885811],[31.329908155596257,30.095001979924916],[31.334073014714825,30.096258758701911],[31.336432016949956,30.097088476729446],[31.33908386084186,30.098032077623508],[31.340450455240141,30.098751980029729],[31.340206420526162,30.099711849904711],[31.339881040907528,30.101322479016975],[31.340385379316412,30.101468899845369],[31.341638090848168,30.100997099398349],[31.342191236199863,30.101696665578419],[31.342597960723147,30.10491792380294],[31.344110975949821,30.105536145078361],[31.345038307862943,30.105772045301833],[31.346030715699801,30.109009572507315],[31.345249804615058,30.10916006058093],[31.345770412004882,30.110673075807604],[31.345900563852332,30.110900841540641],[31.346453709204013,30.111161145235538],[31.346844164746393,30.110510385998264],[31.349317049848036,30.112137284091457],[31.349658698447612,30.111811904472823],[31.350341995646751,30.112186091034246],[31.350732451189121,30.111746828549098],[31.357174967638159,30.115997099817545],[31.357679306047054,30.115395147523081],[31.360802950385985,30.117558921987019],[31.364089284534227,30.116668195280997],[31.368075184862551,30.112617219028962],[31.370157614421856,30.110982186445305],[31.371166291239625,30.110738151731333],[31.371263905125218,30.110185006379616],[31.372353926847651,30.111323835044878],[31.376209675328521,30.113064616004579],[31.379398395591188,30.114610169193099],[31.380504686294557,30.114825733190489],[31.381139176550899,30.114939616056965],[31.381822473750042,30.114858271152325],[31.382652191777574,30.11451662255277],[31.384116400061444,30.112905993440521],[31.384539393565671,30.112157620317628],[31.384881042165237,30.111360440251964],[31.384946118088966,30.110758487957487],[31.385108807898295,30.110368032415089],[31.385499263440664,30.109961307891847],[31.386312712487246,30.10979861808249],[31.386947202743595,30.110026383815551],[31.388086031408832,30.110628336110025],[31.389045901283822,30.110953715728666],[31.390135923006255,30.111327902290117],[31.390851758167262,30.111815971718052],[31.391291020652428,30.112678227707445],[31.391974317851563,30.113589290639641],[31.39269015301257,30.114077360067572],[31.394089285372711,30.114549160514624],[31.395602300599379,30.114825733190457],[31.396480825569707,30.115281264656545],[31.397294274616304,30.115753065103593],[31.398644600033652,30.116452631283657],[31.399083862518822,30.116403824340868],[31.399734621756092,30.116110982684074],[31.400450456917092,30.115655451217975],[31.400385380993367,30.11541141650401],[31.400043732393804,30.115037229942601],[31.399588200927706,30.114614236438342],[31.399392973156516,30.114402739686234],[31.398872365766699,30.113800787391735],[31.398660869014584,30.113573021658695],[31.398644600033652,30.113133759173543],[31.39910013149975,30.112564344840926],[31.399360435194662,30.112141351336685],[31.398807289842978,30.111848509679913]]}},
{"type":"Feature","properties":{"fid":726},"geometry":{"type":"LineString","coordinates":[[2.377065960693249,48.872154286545936],[2.377062250921481,48.872152895708986],[2.373975663178769,48.870995631575262],[2.372901699036912,48.870549240397366],[2.372824418342885,48.870517118148385],[2.37084785317745,48.869949452630465],[2.369274593533025,48.869444455191484],[2.36761131278296,48.868793580220654],[2.365341799271847,48.868163698667935],[2.364611416289454,48.867820601159501],[2.364715843428357,48.867112698903398]]}},
{"type":"Feature","properties":{"fid":727},"geometry":{"type":"LineString","coordinates":[[2.366941748461509,48.862529217350591],[2.369013512529177,48.853992223675931],[2.369073565329049,48.853744724474566]]}},
{"type":"Feature","properties":{"fid":728},"geometry":{"type":"LineString","coordinates":[[2.370805448419179,48.849797673843341],[2.370807997831549,48.849322861853047]]}},
{"type":"Feature","properties":{"fid":729},"geometry":{"type":"LineString","coordinates":[[2.386592706103909,48.896110453938256],[2.385056184387673,48.8953494903799],[2.388430909939139,48.892208525685582]]}},
{"type":"Feature","properties":{"fid":730},"geometry":{"type":"LineString","coordinates":[[2.389537547159861,48.891209269719134],[2.389033084382741,48.890738970879916],[2.388644661653131,48.890961112312972],[2.388707253797653,48.891106809498289],[2.38900083674723,48.891138594868544],[2.389129434850787,48.891139250970326],[2.389194302347611,48.891091122662075],[2.389168451038232,48.890945613160888],[2.389196931386566,48.890867012212759],[2.389343615733336,48.890891989950816],[2.389383341267854,48.890637781617954],[2.38959702182867,48.890432919329108],[2.389755872151144,48.890203547589564],[2.389885887429937,48.890083061997231],[2.390060267998995,48.890096065187727],[2.390178472172432,48.890199643127588],[2.390232307855411,48.890308950577356],[2.390434231853762,48.890399557481764]]}},
{"type":"Feature","properties":{"fid":731},"geometry":{"type":"LineString","coordinates":[[2.344124441896091,48.853346128287114],[2.344021481803529,48.853284506372518]]}},
{"type":"Feature","properties":{"fid":732},"geometry":{"type":"LineString","coordinates":[[2.344736352555367,48.852502808037215],[2.344608932592916,48.852811052646125],[2.344588401407891,48.853229520660726]]}},
{"type":"Feature","properties":{"fid":733},"geometry":{"type":"LineString","coordinates":[[2.347079598892286,48.857171784383283],[2.347473607844345,48.857153367886148],[2.347844255130919,48.857690259133555]]}},
{"type":"Feature","properties":{"fid":734},"geometry":{"type":"LineString","coordinates":[[2.288400210619158,48.832193535081416],[2.288487824139784,48.832783662276825],[2.289681608508368,48.833600822753674],[2.290138355322434,48.83343113131783],[2.291787485384682,48.832361787950475],[2.292211140445166,48.832168092144947],[2.292312416347176,48.832005188355247],[2.293059327977532,48.831715299926778],[2.297209712091912,48.836142431875473],[2.298118096705703,48.836748275648041],[2.299112925424484,48.836443454710611],[2.300143225835714,48.837185247553542],[2.301156241529935,48.837371022717605],[2.302177362958416,48.836951878583378],[2.306668130070818,48.836373035220205],[2.310210987360209,48.836295417523509],[2.311979098874466,48.839322210666261],[2.313538599226491,48.841276838068616],[2.314301045107937,48.841689964167166],[2.316047822135795,48.842599220477538],[2.316734498942274,48.843126347856106],[2.3176064933641,48.844274405593708]]}},
{"type":"Feature","properties":{"fid":735},"geometry":{"type":"LineString","coordinates":[[2.3176064933641,48.844274405593708],[2.320222410796468,48.845069295435863],[2.324139546661806,48.846259428707697]]}},
{"type":"Feature","properties":{"fid":736},"geometry":{"type":"LineString","coordinates":[[2.326896296922512,48.846987425999224],[2.329922965770175,48.850290268274485],[2.332583553979477,48.853193209221757]]}},
{"type":"Feature","properties":{"fid":737},"geometry":{"type":"LineString","coordinates":[[2.332970446700293,48.853518808232344],[2.333393521831773,48.853776700071457]]}},
{"type":"Feature","properties":{"fid":738},"geometry":{"type":"LineString","coordinates":[[2.33360187284585,48.854465117447631],[2.335879641760542,48.853939275151859],[2.336017770222292,48.853907385279804],[2.336803825733049,48.855084087992111]]}},
{"type":"Feature","properties":{"fid":739},"geometry":{"type":"LineString","coordinates":[[2.336761497620609,48.85531758701697],[2.337784033134881,48.855294652236225],[2.339933820028023,48.85645402121672]]}},
{"type":"Feature","properties":{"fid":740},"geometry":{"type":"LineString","coordinates":[[2.369460061718221,48.852219703177575],[2.369271346115294,48.851842078890286],[2.368626818430394,48.850552319603054],[2.368067838968056,48.850680167821409],[2.367285541647603,48.848795792916093],[2.36752395316346,48.848543629516691],[2.367368690351535,48.848068660413013],[2.367626815308598,48.848099193089269]]}},
{"type":"Feature","properties":{"fid":741},"geometry":{"type":"LineString","coordinates":[[2.352205044264386,48.843222817418365],[2.349580566126937,48.843168420307002],[2.349281295048649,48.844349559055246],[2.349241849006269,48.844505237344343],[2.348066061111935,48.844435479353791],[2.347580235688687,48.844556697635177],[2.345084099087321,48.845179468369039],[2.343649890825158,48.845958453132205],[2.342977024448971,48.846102440934438]]}},
{"type":"Feature","properties":{"fid":742},"geometry":{"type":"LineString","coordinates":[[2.340479657399431,48.846976579396859],[2.340803632133731,48.846733735937413],[2.341128611155641,48.846097341650214],[2.341172342704525,48.84601170250891],[2.342054477273474,48.844284160540454]]}},
{"type":"Feature","properties":{"fid":743},"geometry":{"type":"LineString","coordinates":[[2.342364241238592,48.844900003055066],[2.345181029364027,48.844341328199704]]}},
{"type":"Feature","properties":{"fid":744},"geometry":{"type":"LineString","coordinates":[[2.337387702801138,48.84930001685057],[2.33584138503658,48.849279372185237],[2.334089796346313,48.848983546170174]]}},
{"type":"Feature","properties":{"fid":745},"geometry":{"type":"LineString","coordinates":[[2.334863248904229,48.846973790896143],[2.335883409516317,48.846953818658697],[2.335873315716228,48.846773912478795],[2.336048588463711,48.846627735172298],[2.336198985084607,48.846489594583403],[2.336410059248749,48.846449890483953],[2.336415367722546,48.846032994375172],[2.336442532432048,48.845845119746244],[2.336630289837208,48.845690835722699],[2.336588600966047,48.84558279985756],[2.337164314338562,48.845579345451689],[2.337473842870525,48.845589235000588],[2.337695427775542,48.845696737090606],[2.337829589078504,48.845860979995251],[2.337874976236489,48.846188231645783],[2.337884038261101,48.846449882086858],[2.338193468291169,48.846467944199375],[2.338328255877316,48.846583139836952],[2.338475222094418,48.846714752659814],[2.338511444966989,48.846788527992217],[2.338682722726617,48.846783692940122],[2.340410447132729,48.846734906718055]]}},
{"type":"Feature","properties":{"fid":746},"geometry":{"type":"LineString","coordinates":[[2.333697505901761,48.846966972372947],[2.330266965138089,48.847071255505149],[2.329726076910857,48.847050280849423]]}},
{"type":"Feature","properties":{"fid":747},"geometry":{"type":"LineString","coordinates":[[2.338639292952638,48.851864765046926],[2.338421041477639,48.851735731687],[2.338217053326995,48.851438468203995],[2.337823961926887,48.84922907394877]]}},
{"type":"Feature","properties":{"fid":748},"geometry":{"type":"LineString","coordinates":[[2.610296326790508,48.694395761159747],[2.60694980961661,48.69701363875712],[2.596134302459777,48.702929546319083],[2.591567898228861,48.705595677516882],[2.579555017382716,48.712487041934665],[2.55472818841682,48.726344825786633]]}},
{"type":"Feature","properties":{"fid":749},"geometry":{"type":"LineString","coordinates":[[2.360367398047275,48.855360277578725],[2.360098861145168,48.855398151975692],[2.359697259418507,48.855454792582179],[2.359609496353212,48.855356630497099],[2.358860283362847,48.854518625450801],[2.357803933448469,48.853337028686191]]}},
{"type":"Feature","properties":{"fid":750},"geometry":{"type":"LineString","coordinates":[[2.357075769330181,48.852489126580743],[2.354048503721993,48.853418510721468],[2.354142112113765,48.85351347880264]]}},
{"type":"Feature","properties":{"fid":751},"geometry":{"type":"LineString","coordinates":[[2.351341127804985,48.851118593758088],[2.349843546113771,48.848894394144459],[2.349449830192644,48.848465844491322],[2.348613820190301,48.848667787669122]]}},
{"type":"Feature","properties":{"fid":752},"geometry":{"type":"LineString","coordinates":[[2.344945377042102,48.849465804259609],[2.342657513519339,48.850350772099524],[2.341453290161528,48.848382598868263],[2.340822168214376,48.847351032489428]]}},
{"type":"Feature","properties":{"fid":753},"geometry":{"type":"LineString","coordinates":[[2.338939186364227,48.843942620185743],[2.337576054268697,48.844384309912776],[2.336793815979565,48.8442686646978],[2.332871041012004,48.844387836617869]]}},
{"type":"Feature","properties":{"fid":754},"geometry":{"type":"LineString","coordinates":[[2.332407014049185,48.844865299000496],[2.330509016038574,48.84395633158033],[2.328297916418736,48.842438196038287],[2.327736999166671,48.842629036506906],[2.327386672434963,48.842123957905841],[2.327514540778071,48.841625727743939],[2.324797161344093,48.841242814322243],[2.324261368925454,48.840536733701306],[2.321447660449642,48.840620139793707]]}},
{"type":"Feature","properties":{"fid":755},"geometry":{"type":"LineString","coordinates":[[2.351431634920209,48.857512935959832],[2.35259704757963,48.859563556266139]]}},
{"type":"Feature","properties":{"fid":756},"geometry":{"type":"LineString","coordinates":[[2.353887235435917,48.841311105264111],[2.353422664260655,48.842961369221705],[2.352181583512277,48.843038442747869]]}},
{"type":"Feature","properties":{"fid":757},"geometry":{"type":"LineString","coordinates":[[2.349241849006269,48.844505237344343],[2.34923339939407,48.844557187546187],[2.349160704463693,48.845004128661756],[2.349114396501354,48.845288833980554],[2.349149288920423,48.845718211588981],[2.349092314850421,48.846183427758817]]}},
{"type":"Feature","properties":{"fid":758},"geometry":{"type":"LineString","coordinates":[[2.342406648647831,48.84781140832699],[2.341453290161528,48.848382598868263]]}},
{"type":"Feature","properties":{"fid":759},"geometry":{"type":"LineString","coordinates":[[2.300899790727619,48.862492879349233],[2.300734400883917,48.862212196159852],[2.29867016636697,48.861820435753899]]}},
{"type":"Feature","properties":{"fid":760},"geometry":{"type":"LineString","coordinates":[[2.297762381841626,48.861524288009946],[2.296316669897537,48.863316210812776],[2.29623551727101,48.863361717552579],[2.294452324448654,48.86282802302361],[2.293940659522358,48.862641069553604],[2.293170598508544,48.86232178908238],[2.293004453376021,48.862239058355691],[2.290637870293645,48.86377931986366]]}},
{"type":"Feature","properties":{"fid":761},"geometry":{"type":"LineString","coordinates":[[2.510887231159183,48.802792871907805],[2.51075822248441,48.800962478183884],[2.510698785829093,48.800119138058456],[2.508437185336595,48.801064712268953]]}},
{"type":"Feature","properties":{"fid":762},"geometry":{"type":"LineString","coordinates":[[2.505884511776472,48.796692129758881],[2.504913840791501,48.797045530772579]]}},
{"type":"Feature","properties":{"fid":763},"geometry":{"type":"LineString","coordinates":[[2.502284369220133,48.795636314752848],[2.502030704338069,48.795505207036669],[2.5016815885544,48.795781710517169],[2.497813790703071,48.796876377102109]]}},
{"type":"Feature","properties":{"fid":764},"geometry":{"type":"LineString","coordinates":[[2.502499821150719,48.798605013823035],[2.50215239714151,48.799281865919959]]}},
{"type":"Feature","properties":{"fid":765},"geometry":{"type":"LineString","coordinates":[[2.501664629705695,48.799621892558051],[2.501742748353309,48.799742868063539],[2.501726937881316,48.800102511919206],[2.501859702558223,48.800454599729214],[2.50204243669495,48.800757844164991],[2.50252991716834,48.801176014013016]]}},
{"type":"Feature","properties":{"fid":766},"geometry":{"type":"LineString","coordinates":[[2.342449974037341,48.85847147703933],[2.34209682478498,48.858432833366173],[2.33986481975402,48.85885394460243]]}},
{"type":"Feature","properties":{"fid":767},"geometry":{"type":"LineString","coordinates":[[2.340394840739989,48.859951461176991],[2.340820815644084,48.859820159613662],[2.340719042478862,48.859575097981946]]}},
{"type":"Feature","properties":{"fid":768},"geometry":{"type":"LineString","coordinates":[[2.340820815644084,48.859820159613662],[2.341115775391226,48.860269266767538],[2.341228042681557,48.860237592272689],[2.342275724849051,48.860464456237153]]}},
{"type":"Feature","properties":{"fid":769},"geometry":{"type":"LineString","coordinates":[[2.345640625203825,48.859325728538963],[2.346526156924243,48.860154354760226]]}},
{"type":"Feature","properties":{"fid":770},"geometry":{"type":"LineString","coordinates":[[2.347334633480932,48.86029747673701],[2.348273898955436,48.860185805065107]]}},
{"type":"Feature","properties":{"fid":771},"geometry":{"type":"LineString","coordinates":[[2.43463570041081,48.846360154584509],[2.43363725779288,48.84649807127456],[2.432725741683798,48.846623972720188]]}},
{"type":"Feature","properties":{"fid":772},"geometry":{"type":"LineString","coordinates":[[2.432253822621127,48.845776899696453],[2.431684878610323,48.845851870850247],[2.430897323611642,48.845955644083404]]}},
{"type":"Feature","properties":{"fid":773},"geometry":{"type":"LineString","coordinates":[[2.422333877105793,48.846010687695291],[2.422614534885856,48.847435318035039],[2.424170471033283,48.847960195162685]]}},
{"type":"Feature","properties":{"fid":774},"geometry":{"type":"LineString","coordinates":[[2.424414407641903,48.846466982048497],[2.42467863802343,48.847912822166457],[2.424720897965231,48.848175820262881],[2.426552354292277,48.848785538829432]]}},
{"type":"Feature","properties":{"fid":775},"geometry":{"type":"LineString","coordinates":[[2.424051097136893,48.851679384727234],[2.423756899307661,48.852746535904132],[2.42361885619137,48.853247247499752]]}},
{"type":"Feature","properties":{"fid":776},"geometry":{"type":"LineString","coordinates":[[2.515364558334812,48.803661882135742],[2.516774695916096,48.804137440172909],[2.519413154212965,48.8050271714026]]}},
{"type":"Feature","properties":{"fid":777},"geometry":{"type":"LineString","coordinates":[[2.520596856240427,48.804709171177066],[2.518033117858129,48.803599219683569]]}},
{"type":"Feature","properties":{"fid":778},"geometry":{"type":"LineString","coordinates":[[2.516774695916096,48.804137440172909],[2.520982917699553,48.802337509240928]]}},
{"type":"Feature","properties":{"fid":779},"geometry":{"type":"LineString","coordinates":[[2.520982917699553,48.802337509240928],[2.520041231413116,48.801084954751623],[2.51880730955349,48.800692562528717],[2.517818990592397,48.800930603236942],[2.517462004344078,48.801016582295595],[2.516259499257719,48.80130619203247],[2.516219556835949,48.801533107217871],[2.516194937073452,48.801672972485697],[2.515780586493127,48.801693879203476],[2.515816915066957,48.801497043287902],[2.515764108801664,48.801266963757975],[2.515689243121211,48.801167489859104],[2.515651898241279,48.801117869619738]]}},
{"type":"Feature","properties":{"fid":780},"geometry":{"type":"LineString","coordinates":[[2.515689243121211,48.801167489859104],[2.514670543261873,48.80065761249471]]}},
{"type":"Feature","properties":{"fid":781},"geometry":{"type":"LineString","coordinates":[[2.514342357754062,48.801856097317525],[2.514374040670426,48.80184420265806],[2.515816915066957,48.801497043287902],[2.515780586493127,48.801693879203476],[2.515681925692126,48.802228436618094],[2.515530865948511,48.802717800707732],[2.515279863496449,48.803122071973036],[2.514713409464636,48.803966645399242],[2.513918484592417,48.804758869608079],[2.513445108282852,48.805132427213557]]}},
{"type":"Feature","properties":{"fid":782},"geometry":{"type":"LineString","coordinates":[[2.514374040670426,48.80184420265806],[2.513007577232042,48.802240316598009]]}},
{"type":"Feature","properties":{"fid":783},"geometry":{"type":"LineString","coordinates":[[2.35372230412949,48.859023853761265],[2.352982245226035,48.857970780495549]]}},
{"type":"Feature","properties":{"fid":784},"geometry":{"type":"LineString","coordinates":[[2.344955569804794,48.86104271507066],[2.342519460765754,48.861442435604758]]}},
{"type":"Feature","properties":{"fid":785},"geometry":{"type":"LineString","coordinates":[[2.341206724820559,48.861714756523881],[2.341583248452177,48.862416052062947]]}},
{"type":"Feature","properties":{"fid":786},"geometry":{"type":"LineString","coordinates":[[2.502439859375127,48.801175833960897],[2.502217162353258,48.801180313531034],[2.502117276704069,48.80109218552186],[2.502086210160503,48.800989221355429],[2.502059260083993,48.800934667153328],[2.501940513364978,48.800903926892573],[2.501683349254037,48.800984517960174],[2.501352295481726,48.801131340384622],[2.501242011287322,48.801173223979312],[2.501181538832844,48.801272781831578],[2.501098426420779,48.801324230111454],[2.501079166928193,48.801444753988257],[2.501181923413688,48.801711343296788],[2.501272680857289,48.801796409405334],[2.50131374155743,48.801811703467607],[2.501202096584193,48.801995735160453],[2.501145958422212,48.802017223759037]]}},
{"type":"Feature","properties":{"fid":787},"geometry":{"type":"LineString","coordinates":[[2.502425377438092,48.804770223342587],[2.502245338185078,48.805300088159832]]}},
{"type":"Feature","properties":{"fid":788},"geometry":{"type":"LineString","coordinates":[[2.502154845907004,48.805614925248499],[2.502039920989257,48.80593888283002]]}},
{"type":"Feature","properties":{"fid":789},"geometry":{"type":"LineString","coordinates":[[2.360098861145168,48.855398151975692],[2.360156101080454,48.855503313918639],[2.360555825433551,48.856237679751814],[2.360858765932512,48.856436611689062],[2.361428810415039,48.856810936504701],[2.361768282352998,48.857260853413869]]}},
{"type":"Feature","properties":{"fid":790},"geometry":{"type":"LineString","coordinates":[[2.35935437334832,48.858332062210465],[2.358775050701151,48.858668872820147],[2.358737598415484,48.858696844940589],[2.358186860993368,48.859108171234752],[2.358007105147216,48.859242422528595],[2.357242944397261,48.859825900515823],[2.356886161634949,48.860098317165203],[2.355134564077855,48.86067089860952],[2.353497056445249,48.861206150250773]]}},
{"type":"Feature","properties":{"fid":791},"geometry":{"type":"LineString","coordinates":[[2.357242944397261,48.859825900515823],[2.357043353335078,48.859709816181216],[2.357080804176896,48.859646504284122],[2.357256577161837,48.859517397835191]]}},
{"type":"Feature","properties":{"fid":792},"geometry":{"type":"LineString","coordinates":[[2.336139893046151,48.863027190436959],[2.335479080266261,48.863244775068637],[2.333448591374515,48.864200545088224],[2.331926616827926,48.864935004580076],[2.330789783317337,48.865483580046593]]}},
{"type":"Feature","properties":{"fid":793},"geometry":{"type":"LineString","coordinates":[[2.330132228791097,48.865823231648598],[2.328568245823047,48.866611953913512]]}},
{"type":"Feature","properties":{"fid":794},"geometry":{"type":"LineString","coordinates":[[2.323719889560355,48.868996542858142],[2.322170169729638,48.869394910243457]]}},
{"type":"Feature","properties":{"fid":795},"geometry":{"type":"LineString","coordinates":[[2.321845501330298,48.868798057185934],[2.321197918900382,48.868923136085122],[2.320295946022599,48.869184166292214],[2.319010942655985,48.869636573867155],[2.317468926993937,48.870457993437462],[2.316111111847739,48.871213908247881],[2.312774736134915,48.872157319423962],[2.312558278392621,48.872230930724577],[2.31201330379333,48.87148984241523]]}},
{"type":"Feature","properties":{"fid":796},"geometry":{"type":"LineString","coordinates":[[2.312774736134915,48.872157319423962],[2.313460542592941,48.872302646193887],[2.316628680255304,48.872999755537279],[2.317264425305384,48.873118310883918],[2.317955178112175,48.873237932367303],[2.320721881535547,48.87349589825233],[2.32102818875097,48.873503403990867],[2.322964418620626,48.87339641909319],[2.323689214281303,48.873367247874754],[2.326777724230347,48.873145729889835],[2.327636479958903,48.873091606105021]]}},
{"type":"Feature","properties":{"fid":797},"geometry":{"type":"LineString","coordinates":[[2.307241485875595,48.869697571139952],[2.306607128844646,48.869823948094094],[2.306073085622127,48.867299060595016],[2.306044825801236,48.866950508650888],[2.30191031294339,48.864854727130137],[2.301533515135556,48.864843780770045],[2.300998417347659,48.864828233587716],[2.300608294257183,48.864777030652753]]}},
{"type":"Feature","properties":{"fid":798},"geometry":{"type":"LineString","coordinates":[[2.295983589906096,48.864768893742578],[2.295869494681591,48.865110441391302],[2.295833441323937,48.865690031905807],[2.295828496237226,48.865769527641923],[2.297652942656382,48.867476199474893],[2.29884082513759,48.868459299053065],[2.29895769226602,48.868562558865086],[2.299085479188679,48.868675466424975],[2.300985798142371,48.869871434600135],[2.301040311851871,48.869905741598743],[2.301370277644453,48.870122176041008],[2.301489145380203,48.87028187803152],[2.301929323345866,48.870620156865613],[2.302443998622903,48.871215943836717],[2.300854972934259,48.871712133630119],[2.298940289420776,48.872309972590465],[2.296944077653828,48.872944724920792],[2.296292635511872,48.873151858854222],[2.296559827591761,48.87356763542342],[2.297063260721477,48.873464877205862]]}},
{"type":"Feature","properties":{"fid":799},"geometry":{"type":"LineString","coordinates":[[2.302212494029412,48.84777055512621],[2.302079872924616,48.847921005741142],[2.302079872924616,48.847921005741142],[2.302094999786072,48.847989144859156],[2.30220017075249,48.848006392968983],[2.302365583903139,48.848144971596419],[2.302531746751057,48.848227601417953],[2.302593082402681,48.84826727724024],[2.302593082402681,48.84826727724024],[2.302596005373621,48.848391298049926],[2.302469787798401,48.848405684658083],[2.302236029412914,48.848579741531495],[2.302240267602278,48.848605474342826],[2.302143328701536,48.848657837377843],[2.302079721989358,48.848616635850803],[2.301990466664428,48.848608553951721],[2.301949751803784,48.848568998145858],[2.301954901333599,48.84852668544471],[2.301820835325507,48.848442729911369],[2.30192734400716,48.848360178141832],[2.301632124543909,48.848161863882574],[2.301414625120575,48.848148496166928],[2.301247450481851,48.847970587635835],[2.301247450481851,48.847970587635835],[2.301292198902218,48.847709231111651],[2.300050270493493,48.846858140120816],[2.29870855188531,48.845933862675267],[2.299287392487107,48.845144837754326],[2.299492116444824,48.844232639743041],[2.299943850838812,48.843352131372235],[2.298481995218376,48.843700458460681],[2.297758331563417,48.843675041198694],[2.297983989798606,48.842911167765763],[2.296816238280868,48.842178429371373],[2.296622822257239,48.842249880306618],[2.296444743385433,48.842203465599916],[2.296390455592291,48.842151729789876],[2.29627996110584,48.842190398355918],[2.296225918516373,48.842120516904721],[2.296204969709008,48.84197521758999],[2.296357761567114,48.841858160842634],[2.296357761567114,48.841858160842634],[2.296357761567114,48.841858160842634],[2.296606198750994,48.841784009349738],[2.296606198750994,48.841784009349738],[2.29669009926901,48.841678645076932],[2.296619362157952,48.841487685512654],[2.296487021807626,48.841447588756289],[2.295263904432458,48.842780243566501],[2.29476619757946,48.842989025488052],[2.293172701476921,48.843581496233881],[2.292297028295144,48.842602430177067],[2.29229236430669,48.842608451587907],[2.291942047823206,48.842760628190959],[2.285885856655813,48.840308048672703],[2.285299300911377,48.840646315210449],[2.285299300911377,48.840646315210449],[2.28586753005307,48.840307939266033],[2.284783446864895,48.839838712338391],[2.284783446864895,48.839838712338391],[2.287642900032061,48.838140876229737],[2.285574877196679,48.837590178683676],[2.284949624054801,48.838079438840452],[2.28351294392655,48.838932828852123],[2.283498575735395,48.838978110502183],[2.283870812592188,48.839231374206484],[2.285007085251136,48.838566729296872],[2.284802909774166,48.838420331983514],[2.285181328887819,48.838222975953578],[2.284949665543627,48.838076414572392],[2.284949665543627,48.838076414572392],[2.285570212880184,48.837596199859469],[2.284138835336123,48.837064400403591],[2.284143416700795,48.837064427821801],[2.283655496678885,48.83689515819573],[2.282667887682045,48.837412481367387],[2.281781759183104,48.837878988830781],[2.281781759183104,48.837878988830781],[2.281285915996465,48.83828432042408],[2.281285915996465,48.83828432042408],[2.280776380219863,48.838021149328377],[2.280262619543869,48.838396123781862],[2.279903843561429,48.838496798063083],[2.279232246768507,48.838356649907489],[2.279208210191674,48.838438167034319],[2.278751317396974,48.838344677494021],[2.27867663265885,48.838444036222974],[2.278333314555009,48.838420793815317],[2.278108947658575,48.838410366419772],[2.276989439474486,48.838851233519506],[2.276857011022602,48.839479532324773],[2.277696694291798,48.840385910585368],[2.278050151859874,48.840339652115667],[2.278219254077289,48.840370917693562],[2.278338293287006,48.840377684921876],[2.278867777264971,48.840855726317592],[2.279098139108778,48.841096051109226],[2.279087846229505,48.841177650844969],[2.278719173867614,48.841329678472299],[2.279151554344861,48.841872159521365],[2.277604362059829,48.842419335749995],[2.277102879434425,48.845207922895973],[2.277035970535301,48.845736805862543],[2.276799806151414,48.845913823846416],[2.276922587215064,48.846088200739679],[2.276854506036126,48.846264996168905],[2.277157987822291,48.846520887873631]]}},
{"type":"Feature","properties":{"fid":800},"geometry":{"type":"LineString","coordinates":[[2.230679511752033,48.829573404495207],[2.230076663897798,48.828516978090754],[2.229785471000812,48.827761986946605],[2.231103497090389,48.826917541103569],[2.23264040349585,48.82613800098018],[2.23322887021113,48.826305102156638],[2.233209160470572,48.826287969237363],[2.231966980207111,48.825208159918347],[2.229184003646581,48.826614825966168]]}},
{"type":"Feature","properties":{"fid":801},"geometry":{"type":"LineString","coordinates":[[2.233209160470572,48.826287969237363],[2.234991658885522,48.827922435034999],[2.236605088533864,48.829423096323787],[2.238859802661779,48.830308538990018],[2.23821447460193,48.831912168499798],[2.241073928724141,48.832807087835469],[2.243376180617503,48.833510136119116],[2.243469934043298,48.833442676942305],[2.243566102641752,48.833445553599383],[2.243672381097698,48.833462104554336],[2.243781272762591,48.833535382119905],[2.2439513508061,48.833654414506128],[2.245043086786255,48.833956770507356]]}},
{"type":"Feature","properties":{"fid":802},"geometry":{"type":"LineString","coordinates":[[2.352276982478917,48.843788161130135],[2.349576695716189,48.844365714942285],[2.349281295048649,48.844349559055246]]}},
{"type":"Feature","properties":{"fid":803},"geometry":{"type":"LineString","coordinates":[[2.349580566126937,48.843168420307002],[2.349752382603127,48.842404538448775],[2.349609948679577,48.841394064386812]]}},
{"type":"Feature","properties":{"fid":804},"geometry":{"type":"LineString","coordinates":[[2.34971842959171,48.840443353067492],[2.349768241406596,48.840067955513113]]}},
{"type":"Feature","properties":{"fid":805},"geometry":{"type":"LineString","coordinates":[[2.349665334331964,48.840878324905937],[2.349171618529605,48.840751145440919],[2.348735776435226,48.840703406074752],[2.348342524597796,48.841685213466143],[2.347892762795549,48.841337925460081],[2.346005579613275,48.840283040368298],[2.34356383919532,48.841290072440877]]}},
{"type":"Feature","properties":{"fid":806},"geometry":{"type":"LineString","coordinates":[[2.345266372414613,48.844535965630705],[2.345886158237586,48.845691296359924],[2.34491770376623,48.845906027934646],[2.344860356679836,48.846011658898682]]}},
{"type":"Feature","properties":{"fid":807},"geometry":{"type":"LineString","coordinates":[[2.347733007639129,48.851613323694245],[2.347248772863263,48.851484703217835]]}},
{"type":"Feature","properties":{"fid":808},"geometry":{"type":"LineString","coordinates":[[2.335879641760542,48.853939275151859],[2.335343345282168,48.853291021291838]]}},
{"type":"Feature","properties":{"fid":809},"geometry":{"type":"LineString","coordinates":[[2.338736695001563,48.852287767065704],[2.339377783253979,48.852117500598609],[2.339807050746693,48.85187715700453],[2.340218145893672,48.851460062624895]]}},
{"type":"Feature","properties":{"fid":810},"geometry":{"type":"LineString","coordinates":[[2.33953477842893,48.850980780510632],[2.339982814614568,48.849940958192995],[2.342650948944502,48.850344647930214]]}},
{"type":"Feature","properties":{"fid":811},"geometry":{"type":"LineString","coordinates":[[2.36573170568911,48.841357849796644],[2.364100979965327,48.843090695487845]]}},
{"type":"Feature","properties":{"fid":812},"geometry":{"type":"LineString","coordinates":[[2.355709241811708,48.84340400183649],[2.355602089721092,48.843471131146927],[2.355311981646787,48.843308514626713],[2.355268520392491,48.843488047843756],[2.355260637288704,48.843569666267527],[2.355362625362593,48.843742355388933]]}},
{"type":"Feature","properties":{"fid":813},"geometry":{"type":"LineString","coordinates":[[2.414796232965024,48.854203462768496],[2.41467353921357,48.853885839362029],[2.414552756961251,48.853622122823992],[2.414046199539393,48.853429103968701],[2.413205900449625,48.853570158858325],[2.412790374142187,48.853840319370697],[2.409482798379138,48.853306863421359],[2.406066854240384,48.852636677876937],[2.405737604269318,48.853778280146528],[2.405335246076891,48.855300595486788],[2.404911686401839,48.856269331782542],[2.403919784853598,48.857636728592254],[2.402104379856665,48.859168978555594],[2.398945328612198,48.857357794299212],[2.398342545765908,48.857164226142295],[2.397850196700568,48.858123517387],[2.397260634040394,48.857975376853403],[2.397314267229203,48.856904999622799],[2.395501729293477,48.856689439655717],[2.394307110816944,48.856547299458043],[2.392812872369778,48.857338176335574],[2.392024804630316,48.857706179759191],[2.390000774017577,48.858355336803122],[2.389622361881471,48.858476697367514],[2.388183180723081,48.858151606087674],[2.387606861811996,48.858048852002717],[2.386287344898411,48.860337631430035],[2.385205333185238,48.862300975426081],[2.385369594728558,48.86236533192541],[2.384948069962597,48.863125319345436],[2.385016368825187,48.86335780116508],[2.385686548587873,48.863235813787703],[2.385954905601781,48.864042350342984],[2.38589711949807,48.864277958028474],[2.385884148436176,48.864289010802651],[2.38345206611287,48.866361303297857],[2.383182936606342,48.867022261627781]]}},
{"type":"Feature","properties":{"fid":814},"geometry":{"type":"LineString","coordinates":[[2.506381636135713,48.801795971656588],[2.507727718461012,48.801299570845018],[2.508437185336595,48.801064712268953]]}},
{"type":"Feature","properties":{"fid":815},"geometry":{"type":"LineString","coordinates":[[2.505764760858803,48.801164337957388],[2.507273300063626,48.800612630454189]]}},
{"type":"Feature","properties":{"fid":816},"geometry":{"type":"LineString","coordinates":[[2.504576431560487,48.799822420915802],[2.505572202800254,48.79945761883215],[2.506326487309375,48.799181276728596],[2.507143226068004,48.798848335241757],[2.508265374830866,48.79842250847863],[2.509601043397686,48.797914430934469]]}},
{"type":"Feature","properties":{"fid":817},"geometry":{"type":"LineString","coordinates":[[2.50389023121222,48.799072181037936],[2.504622971834266,48.798493235975677],[2.505442881267803,48.797845397127745]]}},
{"type":"Feature","properties":{"fid":818},"geometry":{"type":"LineString","coordinates":[[2.504622971834266,48.798493235975677],[2.505572202800254,48.79945761883215]]}},
{"type":"Feature","properties":{"fid":819},"geometry":{"type":"LineString","coordinates":[[2.510698785829093,48.800119138058456],[2.512449436554326,48.799455801508849]]}},
{"type":"Feature","properties":{"fid":820},"geometry":{"type":"LineString","coordinates":[[2.509636951721907,48.801413094792281],[2.51075822248441,48.800962478183884],[2.51217771228251,48.800460969683968]]}},
{"type":"Feature","properties":{"fid":821},"geometry":{"type":"LineString","coordinates":[[2.513007577232042,48.802240316598009],[2.513539109007787,48.800045420863626],[2.514452540611057,48.799541195686665],[2.512745697358246,48.79835982141072]]}},
{"type":"Feature","properties":{"fid":822},"geometry":{"type":"LineString","coordinates":[[2.511558076236182,48.798973470885691],[2.509052737344178,48.799930581395692]]}},
{"type":"Feature","properties":{"fid":823},"geometry":{"type":"LineString","coordinates":[[2.508757443836376,48.799164699219098],[2.510659449613859,48.798487192372789],[2.512886184488845,48.797840089971636]]}},
{"type":"Feature","properties":{"fid":824},"geometry":{"type":"LineString","coordinates":[[2.513134757314821,48.796920469679833],[2.51275045200097,48.796968565311097],[2.509912366866736,48.798082907383986]]}},
{"type":"Feature","properties":{"fid":825},"geometry":{"type":"LineString","coordinates":[[2.507758654347464,48.797744109949498],[2.508807031345769,48.797484733025627],[2.509658090857344,48.797211162234049],[2.509799959188621,48.797165558165688],[2.511032786495614,48.79670455263232],[2.512709077119859,48.796077683901231]]}},
{"type":"Feature","properties":{"fid":826},"geometry":{"type":"LineString","coordinates":[[2.509658090857344,48.797211162234049],[2.508497958263976,48.795661641219098]]}},
{"type":"Feature","properties":{"fid":827},"geometry":{"type":"LineString","coordinates":[[2.509797702412401,48.795151312607501],[2.511032786495614,48.79670455263232]]}},
{"type":"Feature","properties":{"fid":828},"geometry":{"type":"LineString","coordinates":[[2.512091990557986,48.795290602602655],[2.511960712894164,48.795285754103254],[2.511596136059798,48.795051450281576],[2.511127995718511,48.794985981771127],[2.510940420956127,48.795088120633565],[2.510784012765651,48.794995864251959],[2.510557069376902,48.794968009848603],[2.510480971304196,48.794883025686069],[2.511479747315593,48.79450363102125]]}},
{"type":"Feature","properties":{"fid":829},"geometry":{"type":"LineString","coordinates":[[2.514440606133682,48.793474997189932],[2.515229641581629,48.794718381498562]]}},
{"type":"Feature","properties":{"fid":830},"geometry":{"type":"LineString","coordinates":[[2.515738948660195,48.795574288262912],[2.517009756624315,48.795225492721428],[2.518583009062808,48.797747658225127],[2.516890029848366,48.798217734549382]]}},
{"type":"Feature","properties":{"fid":831},"geometry":{"type":"LineString","coordinates":[[2.517849423814523,48.799456155823265],[2.51670917110915,48.799770061264311],[2.516275601003938,48.79988941691532]]}},
{"type":"Feature","properties":{"fid":832},"geometry":{"type":"LineString","coordinates":[[2.51670917110915,48.799770061264311],[2.517462004344078,48.801016582295595]]}},
{"type":"Feature","properties":{"fid":833},"geometry":{"type":"LineString","coordinates":[[2.517818990592397,48.800930603236942],[2.517480134682315,48.802168368987793],[2.516219556835949,48.801533107217871]]}},
{"type":"Feature","properties":{"fid":834},"geometry":{"type":"LineString","coordinates":[[2.514553740027712,48.804623415942935],[2.513722556997729,48.805325293965247],[2.513216053685525,48.805646319046559],[2.512434615413638,48.806187652063926]]}},
{"type":"Feature","properties":{"fid":835},"geometry":{"type":"LineString","coordinates":[[2.366637140656533,48.849301212078409],[2.367718801920087,48.851634352494308],[2.367022185899388,48.851753636505592],[2.366563593829633,48.851832160319766],[2.366382371837152,48.851863190052256],[2.365574985723251,48.85216467296511],[2.363636405067829,48.851549196206008],[2.362251497350736,48.852367498170231],[2.361130631289339,48.852953555038198],[2.361443098204752,48.853242507697352],[2.361701138395806,48.853464806776302],[2.361824044898918,48.853619517451165],[2.362026806491827,48.853874744762962],[2.361517884337725,48.853890176919798],[2.360482838533949,48.854202216461445],[2.359890417224977,48.854298855493802],[2.359146310819443,48.854430972669391],[2.358860283362847,48.854518625450801],[2.358108306161373,48.854981150962693],[2.357675378696907,48.855523227980456],[2.35742836946583,48.855587991015007],[2.356861495773131,48.855736616353134],[2.3563546062014,48.855827029776854],[2.356268938212208,48.85584231005295],[2.355743489968282,48.855914479498715],[2.355442529919438,48.855955814731381],[2.355085388039277,48.85592667043197],[2.35540695020044,48.856608902849949],[2.355024015926321,48.856692408175128]]}},
{"type":"Feature","properties":{"fid":836},"geometry":{"type":"LineString","coordinates":[[2.353906728501147,48.856951447422588],[2.353831003972652,48.85696813492622],[2.352341599409048,48.857296344802464]]}},
{"type":"Feature","properties":{"fid":837},"geometry":{"type":"LineString","coordinates":[[2.351303571166884,48.85755544646829],[2.349596401159193,48.857244351363093],[2.349256085333097,48.857313220993561]]}},
{"type":"Feature","properties":{"fid":838},"geometry":{"type":"LineString","coordinates":[[2.349098590115616,48.85763601078574],[2.348914348293236,48.857631929495177],[2.348679952668499,48.857682825554683],[2.348379564970302,48.85778780176922],[2.348258489414643,48.857848387344404],[2.34805289709398,48.857795095814772],[2.348001279106504,48.857799351245191],[2.348162273924507,48.858120062972844],[2.348364271671858,48.858487889828083],[2.348091442810353,48.858588487629873],[2.348207384761465,48.858775667493617],[2.348685431755503,48.859547423939318],[2.348959234469814,48.860092176297002],[2.348273898955436,48.860185805065107]]}},
{"type":"Feature","properties":{"fid":839},"geometry":{"type":"LineString","coordinates":[[2.347954045517304,48.859525620195647],[2.34708643398066,48.859669254551164]]}},
{"type":"Feature","properties":{"fid":840},"geometry":{"type":"LineString","coordinates":[[2.324359123577683,48.843778202816829],[2.324103342902321,48.843819003024798]]}},
{"type":"Feature","properties":{"fid":841},"geometry":{"type":"LineString","coordinates":[[2.324103342902321,48.843819003024798],[2.320222410796468,48.845069295435863]]}},
{"type":"Feature","properties":{"fid":842},"geometry":{"type":"LineString","coordinates":[[2.316734498942274,48.843126347856106],[2.318422695683011,48.842897040560274],[2.320457877741156,48.843252171526061]]}},
{"type":"Feature","properties":{"fid":843},"geometry":{"type":"LineString","coordinates":[[2.320725126216411,48.84145314124769],[2.320389701134313,48.841221698227002],[2.320818877764547,48.840988225024645],[2.32073083475633,48.840887916741302],[2.321069363938994,48.840753736220016],[2.321207819549046,48.840677397288594],[2.320474455670741,48.839992721592459],[2.31977441670223,48.840442417659432],[2.319428657019639,48.840077511204697],[2.319625290676741,48.839756520581687],[2.319689392585191,48.839584488660442],[2.319456382315806,48.83953325899342],[2.319174495424738,48.839540728455425],[2.318838103527794,48.839511592887298],[2.318591171721304,48.839473892503953],[2.317836232924944,48.838866201524525],[2.317421952869008,48.838487287569116],[2.317251126836705,48.838411456183181],[2.318074836471956,48.837459559960763],[2.318326425933693,48.83752165811088],[2.318690238477315,48.83744183798995],[2.318853196179145,48.837299658084468]]}},
{"type":"Feature","properties":{"fid":844},"geometry":{"type":"LineString","coordinates":[[2.323824298285894,48.838194735401174],[2.324694019237129,48.837904759601322],[2.324900126152307,48.837910459772338],[2.328226861753473,48.836816549944892],[2.329496734244477,48.838539701940235],[2.328847819667857,48.838762900261649],[2.329260433631452,48.839277867143302],[2.329253035848905,48.839318656383078],[2.327513514648962,48.839904337663995],[2.325615313862846,48.840533332347832],[2.325203548224073,48.839954843666916],[2.325727967890004,48.839794477954534],[2.325923865810006,48.840058713278012],[2.326807878384723,48.839727972301652],[2.326611508354974,48.839500029686953],[2.327039412937798,48.839361798588499],[2.326207480760691,48.838322736366479],[2.326055998090585,48.838344566747637],[2.325953559687509,48.838294085274313],[2.325926422726305,48.838266711838799],[2.325242958747637,48.838503306283869],[2.325054177330675,48.838220962567576],[2.325662172612695,48.839036470136207],[2.326565907217883,48.838773893168757],[2.327605037410609,48.8401243607045]]}},
{"type":"Feature","properties":{"fid":845},"geometry":{"type":"LineString","coordinates":[[2.332407014049185,48.844865299000496],[2.33268620689202,48.844941858125452],[2.332892226373068,48.844956617286357],[2.332897357459312,48.845092747551057],[2.334052136524049,48.845629977469223],[2.336588600966047,48.84558279985756]]}},
{"type":"Feature","properties":{"fid":846},"geometry":{"type":"LineString","coordinates":[[2.341172342704525,48.84601170250891],[2.341858897269261,48.845769584110592],[2.342710053188194,48.845587494115605]]}},
{"type":"Feature","properties":{"fid":847},"geometry":{"type":"LineString","coordinates":[[2.34727056631453,48.842597007621819],[2.347897241331091,48.842765317493885],[2.34849342108681,48.842909204239938],[2.349580566126937,48.843168420307002]]}},
{"type":"Feature","properties":{"fid":848},"geometry":{"type":"LineString","coordinates":[[2.34923339939407,48.844557187546187],[2.349579203746088,48.844577820051235],[2.349888744895988,48.845110298143588],[2.350578068911256,48.845949794282753]]}},
{"type":"Feature","properties":{"fid":849},"geometry":{"type":"LineString","coordinates":[[2.352136374588864,48.84513460060694],[2.352534404004691,48.84516547622701],[2.352942523676797,48.844966124521356]]}},
{"type":"Feature","properties":{"fid":850},"geometry":{"type":"LineString","coordinates":[[2.524312217309716,48.790395113478702],[2.524669384258741,48.790892552626936],[2.524913011919339,48.791283691306461],[2.525417724909401,48.791657719009393],[2.525417724909401,48.791657719009393],[2.526030079900021,48.792277161539808],[2.526615477859075,48.792842051542692],[2.527464690203269,48.793090402244069],[2.527834326905429,48.793218894987831],[2.528278367634559,48.793655700495869]]}},
{"type":"Feature","properties":{"fid":851},"geometry":{"type":"LineString","coordinates":[[2.528779054246108,48.795031682337175],[2.529480655901192,48.795075191739876]]}},
{"type":"Feature","properties":{"fid":852},"geometry":{"type":"LineString","coordinates":[[2.530069534774194,48.795201186495163],[2.533463971015248,48.794869731264505],[2.533384492804189,48.794542768365716]]}},
{"type":"Feature","properties":{"fid":853},"geometry":{"type":"LineString","coordinates":[[2.530042051424944,48.796897244985608],[2.529995700240609,48.797210761103692],[2.529802689394806,48.797291664943685],[2.52905270178774,48.798214225703745],[2.529047377301729,48.798803992396998],[2.528255904701099,48.799753604542168],[2.527199591334831,48.801294582192412]]}},
{"type":"Feature","properties":{"fid":854},"geometry":{"type":"LineString","coordinates":[[2.468489774224698,48.820236641684076],[2.46785069341046,48.821102618885753],[2.467485359564498,48.822144325824524],[2.467202037388971,48.823047994998305],[2.467181672168322,48.82346310774458],[2.467353908012209,48.82396424825955],[2.46756056710842,48.82425261691013],[2.467964395983765,48.824179890599638],[2.468301289432541,48.822765439034661],[2.468384940081732,48.822467715995202],[2.468663248265188,48.822053749134561],[2.468796020818163,48.821681720097153],[2.468837916772391,48.820734388966052],[2.468456267762549,48.820236053077551]]}},
{"type":"Feature","properties":{"fid":855},"geometry":{"type":"LineString","coordinates":[[2.490248781817441,48.831756201082761],[2.490263118651337,48.832424003891909],[2.489727185203006,48.832979655157878],[2.489354730078359,48.833365804927432]]}},
{"type":"Feature","properties":{"fid":856},"geometry":{"type":"LineString","coordinates":[[2.476958169238284,48.832426634424301],[2.476954504401856,48.832890866818886],[2.476726504392864,48.833113438523696],[2.476016447835947,48.833163560650362],[2.475725974626734,48.833183580046963],[2.475496353973269,48.833270293588882]]}},
{"type":"Feature","properties":{"fid":857},"geometry":{"type":"LineString","coordinates":[[2.474375321528744,48.833582325251534],[2.474191688966441,48.833411060048533],[2.473511726700855,48.833674222407595],[2.473011077929855,48.833746540577643],[2.472316639128006,48.834007232575473],[2.471739432554982,48.834509493130547]]}},
{"type":"Feature","properties":{"fid":858},"geometry":{"type":"LineString","coordinates":[[2.512524945377222,48.816122725238515],[2.512328338743375,48.816384363733114],[2.512004138205121,48.816574673816177],[2.511953286003906,48.816840622913027]]}},
{"type":"Feature","properties":{"fid":859},"geometry":{"type":"LineString","coordinates":[[2.509312211991771,48.811667692940759],[2.508781354350446,48.810727751226736]]}},
{"type":"Feature","properties":{"fid":860},"geometry":{"type":"LineString","coordinates":[[2.491987121580401,48.779194896230244],[2.486741609574312,48.780013571608393],[2.483498420525966,48.78050982118895]]}},
{"type":"Feature","properties":{"fid":861},"geometry":{"type":"LineString","coordinates":[[2.35540695020044,48.856608902849949],[2.355562200688535,48.856572905904997],[2.356614949665516,48.85632880502714],[2.357085817557155,48.856219621146074],[2.357988019081623,48.856019964022714],[2.359024038926538,48.855790682593906],[2.360156101080454,48.855503313918639]]}},
{"type":"Feature","properties":{"fid":862},"geometry":{"type":"LineString","coordinates":[[2.357988019081623,48.856019964022714],[2.35813073040748,48.856281033507628],[2.357723923214393,48.856396656622834],[2.357251079433899,48.856533403315787],[2.356831945036273,48.856642202406512],[2.356773020001699,48.856657498037855],[2.35576450817596,48.856908499843009],[2.355493904919954,48.85697258881649],[2.355273704907915,48.857063684852612],[2.354799956290788,48.85729436547382],[2.354258823154986,48.857516804695507]]}},
{"type":"Feature","properties":{"fid":863},"geometry":{"type":"LineString","coordinates":[[2.351918541440384,48.858351396469615],[2.351603990119408,48.858467107127609],[2.35125031916107,48.858612735978518],[2.351138481373759,48.858658786325073],[2.350730204777222,48.858830411392219]]}},
{"type":"Feature","properties":{"fid":864},"geometry":{"type":"LineString","coordinates":[[2.350240567381909,48.85900211085147],[2.349980308951202,48.858849360498795]]}},
{"type":"Feature","properties":{"fid":865},"geometry":{"type":"LineString","coordinates":[[5.027275016336993,47.323172935389081],[5.029805478217337,47.323519114626393],[5.03191381479918,47.323602356379318],[5.033805200347467,47.323399069071733],[5.034889354403549,47.323182456573122],[5.035397785279687,47.323080868683796],[5.037358425671044,47.322375805450449],[5.038230859940901,47.322090220552205],[5.038754425479991,47.321993380270321],[5.03984711239347,47.321791264817911],[5.040876794696051,47.321600792576973],[5.04147725762903,47.321438259305353],[5.04198419609432,47.321301038039273],[5.042202232322207,47.321290962480006],[5.042952831041521,47.321256273791299],[5.043481540905554,47.32123183668817],[5.043732921382634,47.32122021696695],[5.044657056452566,47.321133874526645],[5.044682668493789,47.321033322487636],[5.045307241570246,47.320812108843718],[5.045119460576976,47.319937620942703],[5.045056699864246,47.319645340548526],[5.04552169241412,47.319522705498656],[5.046805583909181,47.319184085103394],[5.044676907259875,47.317790150320171],[5.043364894031823,47.317352786276324],[5.043484898468835,47.31857190686268],[5.04434053473323,47.319007297256292],[5.045056699864246,47.319645340548526]]}},
{"type":"Feature","properties":{"fid":866},"geometry":{"type":"LineString","coordinates":[[5.046805583909181,47.319184085103394],[5.04799103426144,47.319003016820417],[5.049632787467477,47.318821388639279],[5.051514645256109,47.318743017264573],[5.051719760419601,47.318734473232986],[5.054393611120021,47.318597095550381],[5.055333926189071,47.318550421186231],[5.058677698223605,47.317457624734573],[5.064508343149212,47.317113835345666],[5.065281811681984,47.316939914493815],[5.064424777380298,47.315323498804993],[5.066551945496693,47.314755109676661],[5.067118874795136,47.314663340867206],[5.067663685390101,47.314575149503739],[5.069218678772981,47.31405694134466],[5.070702074647858,47.313209651834008],[5.071922213279033,47.312407082439378],[5.073001411343368,47.311767180131923],[5.073772457132925,47.311533182336731],[5.074657623678024,47.312348214256339],[5.075532375913281,47.312893149560196],[5.076316571591621,47.313379636886445],[5.075017535928211,47.313663131454092],[5.073254751343914,47.314135078875246],[5.071471394545064,47.314837600873801],[5.069861804995607,47.315466924761843],[5.06943060388121,47.315354490146589],[5.068635909627566,47.31535864424994],[5.068297272517428,47.314974280539332],[5.068014993017546,47.31445807744791]]}},
{"type":"Feature","properties":{"fid":867},"geometry":{"type":"LineString","coordinates":[[5.065281811681984,47.316939914493815],[5.066422250623558,47.316739436297212],[5.066940249723883,47.316429908759694],[5.066511049959609,47.31598709142844],[5.066441815529608,47.315718048748032],[5.067507135898589,47.31547885564872],[5.067118874795136,47.314663340867206]]}},
{"type":"Feature","properties":{"fid":868},"geometry":{"type":"LineString","coordinates":[[5.064424777380298,47.315323498804993],[5.063030840031592,47.315438371676692],[5.06178399182231,47.315550615338402],[5.0607646931714,47.315838989325073],[5.058231436562858,47.316184237322283],[5.058171337327447,47.315384489799804],[5.057978196773039,47.315337863191814],[5.057895830289277,47.315109089588468],[5.057597424893226,47.315004267431007],[5.056695170641842,47.314890124406098],[5.056425271988495,47.315145160021238],[5.056301699433364,47.315377582711996],[5.056116222707162,47.315531020443267],[5.055837124636947,47.315545973707131],[5.055983149273525,47.316284139072017],[5.055925306868203,47.316695579770901],[5.055105384256364,47.31681019933324],[5.055333926189071,47.318550421186231]]}},
{"type":"Feature","properties":{"fid":869},"geometry":{"type":"LineString","coordinates":[[5.051514645256109,47.318743017264573],[5.052129343729719,47.32136239942507],[5.051796722484339,47.32151843010292],[5.051742283430925,47.322019898045781],[5.052187782460539,47.323661190482049],[5.052201956968064,47.324802092279349],[5.0526424397597,47.326696225384531],[5.052256877193042,47.327393737576514],[5.051336863793416,47.328360953667882],[5.05070534822555,47.328402139002179],[5.04785469017981,47.327391381835156],[5.04629852776821,47.326735629725434],[5.046388930836767,47.326403703825989],[5.046055340382043,47.326149320722429],[5.045830077785434,47.326033169113643],[5.046056548284237,47.325408553405708],[5.045501293321796,47.325518437697845],[5.04578547030468,47.324862775495532],[5.045807493853441,47.32428180246233],[5.0457721946113,47.323741879691234],[5.045512635394556,47.32272542368748],[5.045324127714606,47.32202803819861],[5.045205140957191,47.321609710322399],[5.04525102755129,47.321268558665409],[5.045761724484861,47.321149449676938],[5.045880018561167,47.320776991401004],[5.045590954857863,47.319758551935465],[5.04552169241412,47.319522705498656]]}},
{"type":"Feature","properties":{"fid":870},"geometry":{"type":"LineString","coordinates":[[5.045119460576976,47.319937620942703],[5.043140350742288,47.319961867429598],[5.043035744937614,47.320694445231858],[5.042466202105429,47.320814577503221],[5.04147725762903,47.321438259305353]]}},
{"type":"Feature","properties":{"fid":871},"geometry":{"type":"LineString","coordinates":[[5.042202232322207,47.321290962480006],[5.042336349395283,47.321657709332428],[5.042937608131546,47.321597080348887],[5.042952831041521,47.321256273791299]]}},
{"type":"Feature","properties":{"fid":872},"geometry":{"type":"LineString","coordinates":[[5.038754425479991,47.321993380270321],[5.039177835056652,47.322157913366254],[5.039339916147218,47.322220895919827],[5.040089174958851,47.322173107973683],[5.041072822894931,47.322110363150706],[5.041121521479767,47.322229627968404],[5.041503876785407,47.322228158373498],[5.042578714554504,47.322224020455828],[5.042554487335831,47.321974194551665],[5.043434503274133,47.321888638318335],[5.043481540905554,47.32123183668817]]}},
{"type":"Feature","properties":{"fid":873},"geometry":{"type":"LineString","coordinates":[[5.043364894031823,47.317352786276324],[5.041366002386495,47.317045106945081],[5.039372548646905,47.316879941923254],[5.038946884956036,47.316136661679764],[5.038022067218718,47.316202952001191],[5.03705008120895,47.3161899818789],[5.037410804869667,47.316774246904167],[5.037514913566775,47.316802449963049],[5.037507417001184,47.316992773265106],[5.036963238624798,47.317392716475496],[5.03891489998426,47.319170281428065],[5.03812437507794,47.319479459959645],[5.0388085814238,47.320053035992714],[5.039474694647013,47.321118671167085],[5.03984711239347,47.321791264817911],[5.040089174958851,47.322173107973683]]}},
{"type":"Feature","properties":{"fid":874},"geometry":{"type":"LineString","coordinates":[[5.042578714554504,47.322224020455828],[5.042647219239395,47.322476821113696],[5.041995411329332,47.322563362674813],[5.041754256750704,47.322802840778508],[5.04115203223891,47.322838455128021],[5.041095977247279,47.322719319671251],[5.041593127023284,47.322630497897521],[5.041503876785407,47.322228158373498]]}},
{"type":"Feature","properties":{"fid":875},"geometry":{"type":"LineString","coordinates":[[5.039177835056652,47.322157913366254],[5.039025383687267,47.322466662127916],[5.039292770572374,47.322917424104183],[5.038360860492174,47.322993849534534],[5.036269234290208,47.323350874641072],[5.035369011781911,47.323486780421035],[5.034889354403549,47.323182456573122]]}},
{"type":"Feature","properties":{"fid":876},"geometry":{"type":"LineString","coordinates":[[2.345563590164508,48.935271080229349],[2.345599124919342,48.934910880257711],[2.346109884834669,48.934966873125845],[2.347382562410254,48.935443788439336],[2.34665922416653,48.936237923822866],[2.348830812998581,48.936950274792778],[2.349936460383384,48.936796661575897],[2.350054490662337,48.937045591749119],[2.351901053584958,48.936842770936217],[2.356067508188935,48.93625337050689],[2.358863545206742,48.935688883865758],[2.358973877698327,48.93589322896279],[2.358842141419153,48.936099763015044],[2.359292647929835,48.936678559542933]]}},
{"type":"Feature","properties":{"fid":877},"geometry":{"type":"LineString","coordinates":[[2.327496506426574,48.883391870307342],[2.329505015338224,48.884508560239695],[2.330447708464802,48.884234073955575],[2.33243618848068,48.883655049267183]]}},
{"type":"Feature","properties":{"fid":878},"geometry":{"type":"LineString","coordinates":[[2.335356420917653,48.880213791221848],[2.33508916462294,48.880470455492009],[2.333276814257716,48.880838553834494]]}},
{"type":"Feature","properties":{"fid":879},"geometry":{"type":"LineString","coordinates":[[2.331606203536264,48.881223425920354],[2.331352088418896,48.879938585995212],[2.331457354813329,48.879070111192121],[2.331957351012748,48.87793792257699]]}},
{"type":"Feature","properties":{"fid":880},"geometry":{"type":"LineString","coordinates":[[2.333276814257716,48.880838553834494],[2.333499306098481,48.881305142660239]]}},
{"type":"Feature","properties":{"fid":881},"geometry":{"type":"LineString","coordinates":[[2.370775951754966,48.728411473996083],[2.367166144149888,48.72759416623704],[2.364316436276699,48.72711782673661],[2.363086407885524,48.726845194520273],[2.361088077676958,48.726914336151452],[2.35988883162207,48.727413452094254],[2.359427073416026,48.727898777988614],[2.359163886087112,48.728589158593678]]}},
{"type":"Feature","properties":{"fid":882},"geometry":{"type":"LineString","coordinates":[[2.42367289559651,48.842103618703405],[2.423802869895552,48.841855754570702],[2.423726219053689,48.841668321610875],[2.423508516610365,48.841607398223864],[2.423322440227141,48.841555324866981],[2.422705982750778,48.841382806807808],[2.421636681816937,48.841263324965844],[2.421070603677296,48.841198232137359],[2.420826187645489,48.841238824723497]]}},
{"type":"Feature","properties":{"fid":883},"geometry":{"type":"LineString","coordinates":[[2.420147366269109,48.842278980534758],[2.42058885917015,48.842398823822627],[2.420942203783945,48.842481076004468],[2.421299456672276,48.842565944143594],[2.421648999229937,48.842691018620727],[2.421429473971143,48.842909522986851],[2.421292648761698,48.843179064100248],[2.421259746737809,48.843306212059069],[2.421480064942044,48.843671012255172],[2.421634683131041,48.84392637398296],[2.421746668405573,48.844121773028434],[2.421827713016638,48.844267658463437],[2.421825695515193,48.844449515844389],[2.421043107880128,48.844849833433457]]}},
{"type":"Feature","properties":{"fid":884},"geometry":{"type":"LineString","coordinates":[[2.415860498304359,48.846624705553879],[2.416079359052948,48.847544521970811],[2.416220734552287,48.848277874664056],[2.416309971256706,48.848745966884735],[2.416175532580098,48.84924282013948]]}},
{"type":"Feature","properties":{"fid":885},"geometry":{"type":"LineString","coordinates":[[2.415323153439244,48.846669121262977],[2.415358080406812,48.846976173700341],[2.415396935283731,48.847317753090486],[2.415613299878043,48.848384029175975]]}},
{"type":"Feature","properties":{"fid":886},"geometry":{"type":"LineString","coordinates":[[2.418136333643677,48.85166380849806],[2.417912353728925,48.852617692692249],[2.417635244973981,48.85344976658557],[2.417557267327584,48.854700132367576],[2.416803078359545,48.855882276134253],[2.416163350744283,48.856913625958228],[2.417726421662018,48.857269383777123],[2.417082706329451,48.858497735650801],[2.416998380722321,48.858996154189306],[2.416660713100728,48.861021000578901],[2.416491462085478,48.862069792909033],[2.416197177530136,48.86232816384193],[2.416424523248629,48.862956199160195],[2.416524863720152,48.863233381455409],[2.416762476816731,48.863889755706701],[2.417488082354923,48.864914893344064]]}},
{"type":"Feature","properties":{"fid":887},"geometry":{"type":"LineString","coordinates":[[2.416197177530136,48.86232816384193],[2.415361368206147,48.860313182295414],[2.414900265359544,48.8592976824335],[2.414626647871242,48.858418196737716],[2.414997040803826,48.856289588004053],[2.415137840634936,48.855671934090488],[2.415201800463893,48.855153222993195]]}},
{"type":"Feature","properties":{"fid":888},"geometry":{"type":"LineString","coordinates":[[2.463684695967041,48.843558933280505],[2.462149342823491,48.844065549509686],[2.46187046312651,48.844157567475534],[2.457449051021958,48.845018526055455],[2.457264879848398,48.845052779440927],[2.455488569077661,48.84538313266782],[2.452146914848341,48.845973955300551],[2.451381267452642,48.846073601567866],[2.446900634742874,48.846641350545532],[2.442048639015975,48.846847453022136],[2.441276313814921,48.847089167585779]]}},
{"type":"Feature","properties":{"fid":889},"geometry":{"type":"LineString","coordinates":[[2.464927722157751,48.843020209934913],[2.463681645936072,48.842467275712686],[2.463147632150562,48.842219250822055],[2.462710121215745,48.842016043498937],[2.462324824872213,48.841803304713899],[2.462083903946127,48.841670280311057],[2.461682507515684,48.840899437180482],[2.461610238036999,48.840728061038703],[2.46146735877655,48.840389240952959],[2.461285480304262,48.840159140014997],[2.460534692514546,48.839231480622495],[2.460193167739025,48.839037246925486],[2.459682757987188,48.838913501023647],[2.458049391254881,48.83883118880906],[2.456699666625329,48.838611363290774],[2.45599535855725,48.838213249939393],[2.455535632589815,48.837942169573935],[2.455338180572219,48.837825739297109],[2.454685361141088,48.837022547012396],[2.454517632373587,48.836502159857837],[2.454492636903145,48.835900803686577]]}},
{"type":"Feature","properties":{"fid":890},"geometry":{"type":"LineString","coordinates":[[2.449352664503007,48.83469018463996],[2.44923579837094,48.835017815365731],[2.449083505633965,48.83527692570447],[2.448858449797096,48.835717568652385],[2.449455877356261,48.835793067175956],[2.44937173337478,48.836307106570239]]}},
{"type":"Feature","properties":{"fid":891},"geometry":{"type":"LineString","coordinates":[[2.448858449797096,48.835717568652385],[2.448728722162286,48.836075510733956],[2.448779808391957,48.836455070865028]]}},
{"type":"Feature","properties":{"fid":892},"geometry":{"type":"LineString","coordinates":[[2.955606566949765,48.380968131008999],[2.955743817094659,48.380939096442447],[2.95576882660093,48.380868468614828],[2.955731453942132,48.380806127752223],[2.956773278839094,48.380611221250973],[2.956767242841017,48.380366066469918],[2.955788024608863,48.380290912955111],[2.955631702827203,48.380747918670451],[2.955463240952923,48.380806027281189],[2.955059170166394,48.380687610613776],[2.955282840589172,48.380232551641186],[2.955020960346988,48.380124419190409],[2.954727872636203,48.380041205016532],[2.955020960346988,48.380124419190409],[2.95479599506845,48.380610483693147],[2.955463240952923,48.380806027281189],[2.955481855021139,48.380922377838949],[2.955606566949765,48.380968131008999],[2.955705928741572,48.382228594333377],[2.954170816282076,48.382251518244374],[2.954195549912104,48.382500835163881],[2.954600628230016,48.382933123641777],[2.956383271078908,48.384570909577079],[2.956850548658031,48.38526498473091],[2.957199375104702,48.385884222962503],[2.957378082964675,48.38626006574794],[2.957404882890545,48.386316428519194],[2.957760228039877,48.386603258240953],[2.957827286594467,48.386657119021187],[2.958308840421849,48.387043893963124],[2.959904869806765,48.388307596712195],[2.95960436698926,48.389686988504934],[2.959479490046566,48.389824064171805],[2.959523044987711,48.389973662614246],[2.959423179318371,48.390035954956758],[2.959510516606684,48.390040139914873],[2.959479291558741,48.390081680231788],[2.959448082480974,48.390102445052975],[2.959335781001375,48.390110716784292],[2.959360703353729,48.390152276312655],[2.959529136502131,48.390164799223463],[2.959485373323766,48.390285282117858],[2.958961220919167,48.390422220061431],[2.958830166940998,48.390476190889594],[2.958748982902551,48.390580040096637],[2.958711172468675,48.391062018087077],[2.958885733411873,48.391219972365249],[2.958879338717856,48.39141941468705],[2.959060230711244,48.391461028230403],[2.959341075184371,48.391332316951576],[2.959603170131409,48.391245149556966],[2.959840252138592,48.39123276481638],[2.960202090103073,48.391245352113962],[2.960432911338745,48.391262049749841],[2.960513980793835,48.391307782818529],[2.960588992229665,48.391112518318202]]}},
{"type":"Feature","properties":{"fid":893},"geometry":{"type":"LineString","coordinates":[[2.954195549912104,48.382500835163881],[2.953983453154172,48.382517373507397],[2.954107029197487,48.383867835452378],[2.954398332423955,48.38603276258749],[2.954853541236598,48.386236537253005],[2.955602105854403,48.386253440406414],[2.955601986598986,48.386394714111717],[2.956400528006849,48.386328528724533],[2.957378082964675,48.38626006574794]]}},
{"type":"Feature","properties":{"fid":894},"geometry":{"type":"LineString","coordinates":[[2.957827286594467,48.386657119021187],[2.957697707358306,48.386775672975162],[2.957594599181018,48.386995856887374]]}},
{"type":"Feature","properties":{"fid":895},"geometry":{"type":"LineString","coordinates":[[12.509075673594229,41.892562347289726],[12.508721023725403,41.89214230096556],[12.51258793354549,41.890013894981557],[12.513084290937964,41.890522240859369],[12.513840790685023,41.890965409987409],[12.513931817065405,41.89118323271645],[12.512777286648145,41.890740375133397],[12.511673477789264,41.891101963771412],[12.509075673594229,41.892562347289726],[12.509723081817734,41.893207276782007],[12.510336772246411,41.893818601348002],[12.510860488244333,41.894340285858156],[12.507948644760885,41.8959444714109],[12.507863454316968,41.895991401842096],[12.506032701865623,41.897143038417319],[12.505522157354433,41.897464183534595],[12.504004653324493,41.898359799979985],[12.501975317737562,41.899557419468856],[12.50153502025624,41.899810325444363],[12.499541969017164,41.90095508088686],[12.498579841779648,41.90189859817351],[12.498036499115788,41.902280795469345],[12.496703145787659,41.902603443670834],[12.496458022987335,41.902958706889585],[12.496283272292155,41.903355206796036],[12.495631396597593,41.903854266337333]]}},
{"type":"Feature","properties":{"fid":896},"geometry":{"type":"LineString","coordinates":[[12.496703145787659,41.902603443670834],[12.496456857288594,41.902404753380715],[12.496318505911372,41.90229313924943],[12.495893323300072,41.902224445690237],[12.495544010667345,41.902624804856984],[12.495633158270369,41.903175944073645],[12.494249435720292,41.904430191188069],[12.49416083481325,41.904510499304067],[12.492872605633353,41.904817123272473],[12.492196251476395,41.904771079692239],[12.491321213580854,41.904481213253582],[12.488931074707104,41.903685559332821],[12.488075556593964,41.903417703381386],[12.484082249135788,41.902457210730347],[12.483258559501705,41.902977624617996],[12.483355979671948,41.903777863274357],[12.482684347709608,41.905141174186205],[12.482249668139179,41.905703842516225],[12.481179066133466,41.90652013259777],[12.479698336979105,41.906177684469775]]}},
{"type":"Feature","properties":{"fid":897},"geometry":{"type":"LineString","coordinates":[[12.481179066133466,41.90652013259777],[12.47981298206563,41.907725907391729],[12.476700197231915,41.910296603163566],[12.476478935581088,41.911244527891355],[12.477225052461135,41.911278444787072],[12.477080482543364,41.911517518249447],[12.477453483462401,41.911460121948025],[12.477655683112632,41.911430008970612],[12.477749879874501,41.911421522914004],[12.477851374920759,41.911507558372662],[12.477925533963031,41.91157226170543],[12.478119212726924,41.911489377230396],[12.478168084267102,41.91134815423657],[12.47919963351692,41.911374187595086],[12.479344441280505,41.91143252435586],[12.479631765414238,41.91143637834422],[12.4797649362676,41.91147196830633],[12.479758157936027,41.911627245601544],[12.479862497137125,41.911730869307227],[12.480073094054601,41.911604815550888],[12.480649091300858,41.911719474360879],[12.480913414198115,41.911630218215663],[12.481414221253157,41.910490519577138],[12.481268065492307,41.910325230311706],[12.480105305626788,41.909585300758259],[12.480753314646314,41.909110494456087],[12.481634223973657,41.908549256590838],[12.482565325207657,41.907953742384819],[12.483185300106719,41.906369036769455],[12.483365831050568,41.906007737005019],[12.48492938148094,41.905236205962801],[12.488075556593964,41.903417703381386],[12.490768538411638,41.901949319928924],[12.494249435720292,41.904430191188069]]}},
{"type":"Feature","properties":{"fid":898},"geometry":{"type":"LineString","coordinates":[[12.508721023725403,41.89214230096556],[12.508223740845356,41.891628070632848],[12.506926090559338,41.89044854077197],[12.506743540863267,41.890395340754232],[12.503934789468245,41.889576741680713],[12.502198085043869,41.889126901971572],[12.498300346390293,41.889835933847877],[12.49776837811112,41.889934352133189],[12.497086048003835,41.890060584146553],[12.494342584214566,41.890568079011047],[12.493174258444849,41.890875801935294],[12.492281508526288,41.891164587248149],[12.490914939294884,41.89132956183856],[12.490029486824662,41.891712846778894],[12.488875375467369,41.892294988052051],[12.487386735571004,41.893045832707003],[12.486755993049536,41.893281188036816],[12.488072036904269,41.89339446844361],[12.491627088922632,41.894257482505019],[12.492139213051866,41.894371878723135],[12.492363892128255,41.893988729845404],[12.492139213051866,41.894371878723135],[12.492004643369579,41.894770689556658],[12.492958541172305,41.894958237135832],[12.493625836742559,41.895736776066848],[12.492810963349807,41.896113711207441],[12.493262801885784,41.896495289035812],[12.493612101582544,41.896981300819483],[12.497613910549816,41.897601559751791],[12.497511178190656,41.898639975267464],[12.495208036528904,41.902024561944529],[12.493127184073966,41.900630008555247],[12.490768538411638,41.901949319928924]]}},
{"type":"Feature","properties":{"fid":899},"geometry":{"type":"LineString","coordinates":[[12.493127184073966,41.900630008555247],[12.490333026121974,41.898811992212394],[12.489595711809057,41.89942282322523],[12.48950132830085,41.899380774363678],[12.489143726474046,41.899680728331056],[12.489171742493609,41.899755534152554],[12.48839658514671,41.900378692374801],[12.487067147778362,41.899395124934408],[12.486317130191372,41.899730461465005],[12.485705658141221,41.899839145208418],[12.483870146523966,41.900010607445871],[12.482235780149077,41.899356611455339],[12.481940316125062,41.900041823015293],[12.480971894869993,41.899813839220933],[12.480810178476421,41.90014369360869],[12.481840715662997,41.900312542167107],[12.483196414104835,41.900719756208971],[12.482953655062971,41.900991486237707],[12.482012002461579,41.900880069806],[12.481655314626424,41.900840838948312],[12.481550991537416,41.90073721833609],[12.480658875688867,41.900538044183058],[12.480503657192999,41.900760236788457],[12.479451066679653,41.900504132724684],[12.478547723088909,41.900383285715307],[12.478519598951962,41.900159772409729],[12.47751829778934,41.900023950010898],[12.47753509785789,41.899832080731322],[12.477260332892618,41.899363103356087],[12.476886344635872,41.899265930375442],[12.476479027849646,41.899504880337616],[12.474851114031516,41.899383846177287],[12.473908944734182,41.899367585174083],[12.473829019024256,41.899118995394161],[12.473258275930441,41.899134708634357],[12.473171583240291,41.900373870392933],[12.473149028215479,41.900875582072381],[12.472388014454641,41.900896527521631],[12.470938435025982,41.90311500223023],[12.469843663726223,41.902696039807317],[12.467479697719813,41.902504329452334],[12.466325281367743,41.902554687369395],[12.466483327421203,41.90121394352974],[12.465502745511264,41.901058297848202],[12.464988351182431,41.900830953799058],[12.464814080345278,41.900787149814299],[12.462957192070029,41.902209347276425],[12.459515816581625,41.902150071723256],[12.45855754769201,41.902033994309569],[12.45831497117423,41.901615620805075],[12.460218120011266,41.901468272608071],[12.460764398436707,41.901448883976656],[12.463489991069931,41.901801284700241],[12.464814080345278,41.900787149814299],[12.46613084956339,41.899818021613306],[12.467611631834487,41.898631862175087],[12.468605123136252,41.897929735950001],[12.469579690672692,41.897604059373677],[12.472487845233539,41.896925798051228],[12.473689961112482,41.896579587330422],[12.474104318196682,41.896527687799534],[12.474752839184186,41.896446455063668],[12.475211762849703,41.896388968460236],[12.476625462978546,41.896071249591316],[12.477516313678782,41.895967185653689],[12.478736212572386,41.895928637898329],[12.48014370082611,41.894980877449584],[12.482015771948534,41.893705678680568],[12.483060688328345,41.893224808708197],[12.483498575944111,41.893372706707254],[12.483956761045922,41.893227290274844],[12.484180542392748,41.893183316157014],[12.484651373910973,41.892968346835289],[12.48476407599788,41.892976029005361],[12.485019853019583,41.892908347316904],[12.485584454114772,41.893273831614515],[12.485310617273463,41.893500782232287],[12.485083247704516,41.893399340794957],[12.484925421880734,41.893309473153877],[12.484757449947205,41.893280006625055],[12.484593538382319,41.893398889394298],[12.484475223224035,41.893775399743568],[12.484297780354721,41.894032320679528],[12.48416315796708,41.894086100798056],[12.484249140922827,41.894224088689946],[12.484714371558452,41.894565822125742],[12.48541941247735,41.89419885837826],[12.486636942252622,41.893529872420011],[12.486755993049536,41.893281188036816],[12.487386735571004,41.893045832707003],[12.488875375467369,41.892294988052051],[12.490914939294884,41.89132956183856],[12.490745528957687,41.891118800514569],[12.490923057011612,41.891061509770289],[12.490353663358079,41.889925764180276],[12.490432775596387,41.889627140824956],[12.490913791816526,41.889598603566142],[12.491639343304465,41.889580711862756],[12.491963348005767,41.889491982110563],[12.491896892972166,41.889277879405647],[12.492652746927908,41.889275091389386],[12.493186394675245,41.889301279493388],[12.493614428475038,41.889191256351069],[12.493711956960777,41.889105119246594],[12.494674420314112,41.888878435063425],[12.496494773190832,41.888541558482814],[12.497086048003835,41.890060584146553],[12.49776837811112,41.889934352133189],[12.497877054281124,41.890245958891931],[12.498520739540506,41.890140234237414],[12.498528068344164,41.890234752043753],[12.498454515538773,41.890419857223307],[12.498812919187879,41.890494563679958],[12.498602738982505,41.890745547913454],[12.502107692445071,41.890167179656714],[12.503108189188421,41.890249291228571],[12.504389387087013,41.890639157817994],[12.506259737508202,41.891225607709998],[12.506743540863267,41.890395340754232]]}},
{"type":"Feature","properties":{"fid":900},"geometry":{"type":"LineString","coordinates":[[12.509723081817734,41.893207276782007],[12.507487124269025,41.893955033913528],[12.506303937558707,41.894350693014744],[12.503347910515137,41.896009860625028],[12.502891593669995,41.895355079929779],[12.500522426132683,41.896705334203133],[12.4996583426596,41.89712246312645]]}},
{"type":"Feature","properties":{"fid":901},"geometry":{"type":"LineString","coordinates":[[12.502891593669995,41.895355079929779],[12.502429081805117,41.894760346410486],[12.505219271744059,41.893306554010934],[12.505762928745986,41.893763067563832],[12.508721023725403,41.89214230096556]]}},
{"type":"Feature","properties":{"fid":902},"geometry":{"type":"LineString","coordinates":[[12.488068056404325,41.883540928266527],[12.488958102480328,41.884418342534815],[12.489202187606445,41.884943589312265],[12.488106076619763,41.885527739850978],[12.486622222556887,41.886318494446819],[12.484259268512663,41.887608322548715],[12.483245305110376,41.888181597141212],[12.482234837237955,41.888825928347721],[12.481280638848714,41.889227232651791],[12.481165922986611,41.889059117696299],[12.480853820549846,41.888950437419084],[12.480384911362835,41.889004606019704],[12.478629685354576,41.889079538439695],[12.478112746121891,41.889132077045275],[12.477715597776573,41.889236277153103],[12.477155025838725,41.889289768796331],[12.476428054164778,41.889298766154987],[12.475084829144715,41.889410869711213],[12.474247860592516,41.889453556013557],[12.473218502931228,41.889537359534749],[12.471516953806585,41.88964897597107],[12.471080504443631,41.889682333278216],[12.471039646431587,41.889379666113811],[12.471125578400864,41.889270803259549],[12.471093615537521,41.88912199556858],[12.470535211528741,41.889139565579129],[12.470496522232743,41.889714103032084],[12.47024416584404,41.889729426385571],[12.470210541502018,41.889915335252709],[12.470032143574446,41.889993858308898],[12.469957647189812,41.890074922250072],[12.469704934637335,41.890038192639487],[12.469618751835318,41.889775297372609],[12.469334984536379,41.889768131338116],[12.46920957461764,41.889755629199165],[12.468981027806564,41.890189625022046],[12.468825033097104,41.890209618363386],[12.468291913187491,41.891001173366682],[12.467737883880249,41.892008752173673],[12.467473105843782,41.892514413024486],[12.466485961376078,41.893971415057052],[12.466052154934646,41.894539872768689],[12.46546496980703,41.895342224976929],[12.465513661171149,41.895397327730251],[12.465386009221637,41.895593218162404],[12.466569722315166,41.896441417156325],[12.46958805463184,41.894126402233333],[12.470408202458362,41.893462390034664],[12.471416485981072,41.894134269481214],[12.471834504084525,41.894405947902946],[12.472193529181558,41.894706732106776],[12.472571863408808,41.895225872176979],[12.47183232577121,41.895774304828045],[12.472754077966316,41.895417660058605],[12.47312068215145,41.895765348178209],[12.473341471999584,41.895900124223814],[12.473634117562121,41.895986787962137],[12.474079266625719,41.895982383057152],[12.474104318196682,41.896527687799534],[12.474752839184186,41.896446455063668],[12.474694894695689,41.895998310711875],[12.476460071959703,41.895934462583412],[12.476458312985818,41.89488767287181],[12.476408710352619,41.894481691167044],[12.475549974853983,41.893452629374849],[12.475163943464377,41.892737891351331],[12.474738129247719,41.892121913799009],[12.474647412818229,41.891707740669652],[12.476202597605011,41.891823413733405],[12.476778670693022,41.89189047767389],[12.477804632362544,41.891637414686855],[12.478532000816582,41.891310126663811],[12.478001156323321,41.89088208348825],[12.477428797595008,41.890344757335541],[12.478001156323321,41.89088208348825],[12.478532000816582,41.891310126663811],[12.478681814928908,41.891522024656346],[12.478697070441275,41.891543602051577],[12.478519285250508,41.892365655446348],[12.478643145410793,41.892393158344589],[12.478727968096004,41.89247474222541],[12.478916575517067,41.892410155165834]]}},
{"type":"Feature","properties":{"fid":903},"geometry":{"type":"LineString","coordinates":[[12.478681814928908,41.891522024656346],[12.479046341028999,41.891413971621027],[12.47894976387215,41.891160939296519],[12.479365744902845,41.890852786637794],[12.479598862627007,41.890718751837362],[12.480512137342386,41.890877345838348],[12.480702957931671,41.891023730031748],[12.481053295433941,41.89104865927272],[12.481655819508687,41.891033005915112],[12.482247585019156,41.891098625084119],[12.48264324329751,41.891256280677538],[12.482930330266685,41.891456441944229],[12.483313004043428,41.89165690648646],[12.483676603427677,41.891936421870533],[12.483790588549951,41.891976706548881],[12.484548639156237,41.891593070044543],[12.484150740948094,41.89122444717713],[12.483447835187414,41.890618614604911],[12.484241181784855,41.890404306286172],[12.483775176913854,41.889687883854243],[12.483664514319686,41.889150592564604],[12.483589772515426,41.888589242385052],[12.483245305110376,41.888181597141212],[12.488106076619763,41.885527739850978],[12.489202187606445,41.884943589312265],[12.488958102480328,41.884418342534815],[12.489133023936686,41.884121486682375],[12.490105527885268,41.88348942809143],[12.490490070272822,41.883085909483512],[12.492251515778127,41.881942424029333],[12.493030464382498,41.881485821043526],[12.492823670431463,41.881197759571819],[12.492906970428111,41.881023678162244],[12.492766541925153,41.8808935888554],[12.492669082127106,41.880438395313639],[12.492766541925153,41.8808935888554],[12.492906970428111,41.881023678162244],[12.492823670431463,41.881197759571819],[12.493030464382498,41.881485821043526],[12.493940256853142,41.880817366211367],[12.493859586686522,41.880515321273926],[12.494084362307138,41.880280876081386],[12.494841085430506,41.879742606986902],[12.495349232010563,41.8794885189402],[12.496032265944654,41.879872984097929],[12.496553400592607,41.880289913642123],[12.496954704944249,41.880753356201822],[12.497952773868214,41.882150375336401],[12.498848981019936,41.882818955747112],[12.5017222312151,41.884784188295569],[12.503269083395185,41.885881745903582],[12.504154714454049,41.886533404298284],[12.504712536257518,41.887077864564155],[12.505679384755515,41.88739499064696],[12.507928610523287,41.888060180344397],[12.507468047286007,41.888952498640712],[12.508814351918156,41.889404622960107],[12.508522433159429,41.89015401275438],[12.508977531590229,41.890112864131808],[12.50934916050146,41.891031074613707],[12.508223740845356,41.891628070632848]]}},
{"type":"Feature","properties":{"fid":904},"geometry":{"type":"LineString","coordinates":[[12.506303937558707,41.894350693014744],[12.507469521524147,41.895480195577917],[12.507948644760885,41.8959444714109]]}},
{"type":"Feature","properties":{"fid":905},"geometry":{"type":"LineString","coordinates":[[12.510336772246411,41.893818601348002],[12.507469521524147,41.895480195577917]]}},
{"type":"Feature","properties":{"fid":906},"geometry":{"type":"LineString","coordinates":[[12.507487124269025,41.893955033913528],[12.507818510717787,41.89433722198028],[12.504937645305768,41.896066978181906],[12.505552336617525,41.896671012293353],[12.506032701865623,41.897143038417319]]}},
{"type":"Feature","properties":{"fid":907},"geometry":{"type":"LineString","coordinates":[[12.505552336617525,41.896671012293353],[12.500992574401177,41.899290752282916],[12.50153502025624,41.899810325444363]]}},
{"type":"Feature","properties":{"fid":908},"geometry":{"type":"LineString","coordinates":[[12.503347910515137,41.896009860625028],[12.502306028985371,41.896631953340304],[12.504004653324493,41.898359799979985]]}},
{"type":"Feature","properties":{"fid":909},"geometry":{"type":"LineString","coordinates":[[12.4996583426596,41.89712246312645],[12.499328984289903,41.897424367318713],[12.499148060467521,41.897880918062846],[12.497511178190656,41.898639975267464],[12.496964319015742,41.898458838385146],[12.495502866841184,41.899268944822701],[12.493127184073966,41.900630008555247]]}},
{"type":"Feature","properties":{"fid":910},"geometry":{"type":"LineString","coordinates":[[12.496456857288594,41.902404753380715],[12.497648737216787,41.901508257786638],[12.497586990769399,41.901323471402826],[12.500992574401177,41.899290752282916]]}},
{"type":"Feature","properties":{"fid":911},"geometry":{"type":"LineString","coordinates":[[2.423322440227141,48.841555324866981],[2.423294303693791,48.841429734428601],[2.423216046014286,48.841080419579612],[2.423197066036383,48.841033124791238],[2.423078033371423,48.840736514118575],[2.42308505593457,48.840102073880814],[2.423026980418165,48.839654541323199],[2.423900826883205,48.83900347584418],[2.424919324743681,48.838093068385703],[2.425303431088996,48.837554050099016],[2.426053087300838,48.836728150374292],[2.426509809755156,48.836109247255806],[2.427518248234916,48.83531020022351],[2.428565270052498,48.834659927493249],[2.429045604363002,48.834128316884602],[2.429330274527552,48.833862682358394],[2.429610874988474,48.833328190965481]]}},
{"type":"Feature","properties":{"fid":912},"geometry":{"type":"LineString","coordinates":[[2.429366546360442,48.832281363748436],[2.429437906765199,48.831226470853416],[2.42948983529129,48.830800265425353],[2.431330547315432,48.829592079372361],[2.432315073431398,48.828879066214242],[2.433087271959567,48.828318699833822],[2.434811182254507,48.828235605655486],[2.437112805499374,48.828090440978805],[2.438547333279636,48.828003572360565],[2.440314538466006,48.827842517101942],[2.44379257196002,48.827666724828909],[2.445880619613493,48.827508229015478],[2.446638562412708,48.827448351970645],[2.451158265287792,48.827248209214872],[2.453270876213324,48.827091464967346],[2.45437590283146,48.827076709834841]]}},
{"type":"Feature","properties":{"fid":913},"geometry":{"type":"LineString","coordinates":[[2.477386407576287,48.787067151383916],[2.478486055222322,48.78832437525444],[2.483495006691298,48.786421825120172],[2.48674369732374,48.789698266860071],[2.486855216126923,48.792076585471861],[2.487042997062759,48.792191809248827],[2.487116218067696,48.793214890904537]]}},
{"type":"Feature","properties":{"fid":914},"geometry":{"type":"LineString","coordinates":[[2.497923925834614,48.79339567057454],[2.496176579296081,48.793799218737206]]}},
{"type":"Feature","properties":{"fid":915},"geometry":{"type":"LineString","coordinates":[[2.495849623919251,48.794178569391271],[2.494219800200206,48.79551748488818]]}},
{"type":"Feature","properties":{"fid":916},"geometry":{"type":"LineString","coordinates":[[2.494006887461484,48.795704561320157],[2.492221246863708,48.795691719946134]]}},
{"type":"Feature","properties":{"fid":918},"geometry":{"type":"LineString","coordinates":[[2.530256302886387,48.812926572782125],[2.530156478912998,48.812675787768505],[2.529791879849401,48.812738467809773],[2.529146500244623,48.812732104747042],[2.528709580778968,48.812727794999972],[2.52798682696067,48.81267685868729],[2.527623183474225,48.812633748740673],[2.526813474355441,48.812537582317312],[2.525911112891235,48.812489128111608],[2.525149915841332,48.812396348420044],[2.52434427913568,48.812386734572257],[2.523489316063375,48.812463471883774],[2.522599990898402,48.812569313467378],[2.522016234486937,48.812607971206532],[2.521605534771702,48.812520062448783],[2.52128143260813,48.812400155227351],[2.520954068434828,48.812107127617239],[2.520807191203495,48.811977708378059]]}},
{"type":"Feature","properties":{"fid":919},"geometry":{"type":"LineString","coordinates":[[2.529405089921696,48.813085509137537],[2.529146500244623,48.812732104747042]]}},
{"type":"Feature","properties":{"fid":920},"geometry":{"type":"LineString","coordinates":[[2.471184682956477,48.833385796957039],[2.471146571309865,48.833273197601386],[2.471010816768451,48.832872112024049],[2.468763556694703,48.831034358883045],[2.465512757840974,48.831460504580001],[2.46510966429554,48.830593763833321],[2.464862289210447,48.829809315939478],[2.464640979143727,48.828894426601543],[2.465433297085325,48.829567075272379],[2.466739806499886,48.83072072031505],[2.467638846441318,48.831437347722492],[2.469094982070642,48.832471953727456],[2.469699671168364,48.832969663173088],[2.470186694251521,48.833695321883944],[2.470316760978053,48.833869973162003]]}},
{"type":"Feature","properties":{"fid":921},"geometry":{"type":"LineString","coordinates":[[2.471146571309865,48.833273197601386],[2.470316760978053,48.833869973162003],[2.469461589950246,48.834502645278761],[2.468819713626707,48.834418198746285],[2.46873470969397,48.834673494036402],[2.468337392811323,48.834848523642314],[2.468097353418205,48.834953533430735],[2.46802659247385,48.835023936729556],[2.467529605072992,48.834872129568055],[2.467278788427016,48.834822054125866]]}},
{"type":"Feature","properties":{"fid":922},"geometry":{"type":"LineString","coordinates":[[2.469461589950246,48.834502645278761],[2.467773131309154,48.83572997412405],[2.46665941071259,48.836565483410794],[2.465646247652874,48.83732797861564],[2.463019930001091,48.838027067757686],[2.460903047229779,48.838590496501673],[2.460623764713079,48.838590908289106]]}},
{"type":"Feature","properties":{"fid":923},"geometry":{"type":"LineString","coordinates":[[2.452228875338935,48.837337623108006],[2.45344815521725,48.836723440837048],[2.455526102309937,48.836596921399469],[2.455942154492072,48.8368218982055],[2.456165259767566,48.83694253913923],[2.456604560908648,48.837488519619178],[2.45697129448723,48.837881853353338],[2.45739735878353,48.838117699736479],[2.457691806211427,48.83833118856834],[2.458109919723694,48.838539797077651],[2.458281782458768,48.838654811994282],[2.458898802947875,48.838755521658335],[2.459286219723297,48.838746393852425],[2.459707387787912,48.838661259606084],[2.460308943899576,48.838663975177511],[2.460623764713079,48.838590908289106]]}},
{"type":"Feature","properties":{"fid":924},"geometry":{"type":"LineString","coordinates":[[2.446581636572219,48.839947098042103],[2.446502125804338,48.839754130730142],[2.446297265097001,48.839644385997644],[2.444779191260951,48.839805984372461],[2.443541756033214,48.839925350638872],[2.441917060478899,48.840037458203682],[2.441083525005122,48.840147803057882],[2.440580315916919,48.840194409346033],[2.440176754219344,48.84017076206743],[2.439499435929055,48.840314465873327],[2.438847831790488,48.840365809311017],[2.438538528810418,48.840367259265264]]}},
{"type":"Feature","properties":{"fid":925},"geometry":{"type":"LineString","coordinates":[[2.432295506459278,48.839940142676909],[2.432681553769669,48.839781860997363],[2.432828760854379,48.839885915984993],[2.433322846125517,48.839920896624946],[2.433850072036551,48.839939712559868],[2.434305172546994,48.840052608395446]]}},
{"type":"Feature","properties":{"fid":926},"geometry":{"type":"LineString","coordinates":[[2.431380206385214,48.840392978243912],[2.42986411411884,48.84044300586509],[2.428255854577702,48.840555006386403],[2.427664996052739,48.840632410772457],[2.426380889653979,48.840937698564382],[2.426204509952718,48.840999388311054],[2.425537027613875,48.841232840132598],[2.424525875107472,48.841750204260364],[2.423932746341551,48.842150259829481],[2.423180028167542,48.842852281117864]]}},
{"type":"Feature","properties":{"fid":927},"geometry":{"type":"LineString","coordinates":[[2.462246013185152,48.844210432405021],[2.46236766979944,48.844401372286974],[2.462607455760799,48.844326292413314],[2.463056911673875,48.844841708770296],[2.464163726287796,48.846110903619852],[2.464717226777525,48.846745580329298],[2.463494308091104,48.847044730769468],[2.460253652134394,48.847851960571006],[2.459354265176104,48.848075972880963],[2.457585895151906,48.84850859142356],[2.457978689893323,48.849358202423652]]}},
{"type":"Feature","properties":{"fid":928},"geometry":{"type":"LineString","coordinates":[[2.459354265176104,48.848075972880963],[2.458817351328643,48.847161988459035],[2.458625731764038,48.846835787381472],[2.458188005587615,48.846090613080527],[2.45704190381881,48.846134375308388],[2.455962119856939,48.846674358759124],[2.455036839161453,48.847137060624426],[2.454240600597535,48.847296741062429],[2.453387637080982,48.847467790329048],[2.452649808638082,48.847615745120883],[2.451985760843274,48.847275438179842],[2.451787610773789,48.846921858155632],[2.451710688587962,48.846784596391977],[2.451512889272865,48.846772924013244]]}},
{"type":"Feature","properties":{"fid":929},"geometry":{"type":"LineString","coordinates":[[2.35318001150544,48.847365089069129],[2.351947441513771,48.847708184455328],[2.349843546113771,48.848894394144459],[2.349101217391825,48.849950699335096]]}},
{"type":"Feature","properties":{"fid":930},"geometry":{"type":"LineString","coordinates":[[2.357388118842176,48.844375103033357],[2.357429990277532,48.844527361583864],[2.357627894925461,48.84464117987158],[2.357836216862923,48.844679883431425],[2.358054955212385,48.844643472216802],[2.358198928538837,48.844512696642994],[2.358162819118953,48.844362162282067],[2.35764700717085,48.844149817247406],[2.357399752794066,48.843900779672659],[2.357059732194327,48.843767404623577],[2.356789406268707,48.844046077739328],[2.356475114633896,48.844227811811251],[2.356795615247793,48.844404932871868],[2.357256377968806,48.84449398524459]]}},
{"type":"Feature","properties":{"fid":931},"geometry":{"type":"LineString","coordinates":[[2.37250158350699,48.843912714433088],[2.371523405914494,48.843385411315985],[2.371057072282847,48.843701752107826]]}},
{"type":"Feature","properties":{"fid":932},"geometry":{"type":"LineString","coordinates":[[2.464717226777525,48.846745580329298],[2.465244341013405,48.8473975147202],[2.464127806137646,48.847874832147944],[2.463185160580488,48.848277797005807],[2.461299259335551,48.848826853698107]]}},
{"type":"Feature","properties":{"fid":934},"geometry":{"type":"LineString","coordinates":[[2.458188005587615,48.846090613080527],[2.459964430097124,48.845832824995846],[2.461081810219301,48.845656626064809],[2.461200272381791,48.845637945161592],[2.461088199988872,48.845462044848865],[2.462477814420827,48.845079920578996],[2.463056911673875,48.844841708770296]]}},
{"type":"Feature","properties":{"fid":935},"geometry":{"type":"LineString","coordinates":[[2.462607455760799,48.844326292413314],[2.463589016636719,48.844082647271776],[2.464069409072502,48.844019735833285],[2.464976518253607,48.843900936556246],[2.466099200062691,48.843617529207698]]}},
{"type":"Feature","properties":{"fid":936},"geometry":{"type":"LineString","coordinates":[[2.451291158396521,48.848256471003076],[2.452732092384215,48.848301272192181],[2.453293134115454,48.848410949019971],[2.454832082250992,48.848832533515768],[2.456387548921293,48.849601251196013]]}},
{"type":"Feature","properties":{"fid":937},"geometry":{"type":"LineString","coordinates":[[2.459354265176104,48.848075972880963],[2.459913819658155,48.849029284685841]]}},
{"type":"Feature","properties":{"fid":938},"geometry":{"type":"LineString","coordinates":[[2.458817351328643,48.847161988459035],[2.459636080633667,48.84698760960665],[2.459473680229313,48.846737980120224],[2.458625731764038,48.846835787381472]]}},
{"type":"Feature","properties":{"fid":939},"geometry":{"type":"LineString","coordinates":[[2.45704190381881,48.846134375308388],[2.457335607836483,48.845977243161357],[2.45888082986309,48.845202250121538],[2.46033045118664,48.844910871531852],[2.460957429771281,48.844684656859883],[2.46236766979944,48.844401372286974]]}},
{"type":"Feature","properties":{"fid":940},"geometry":{"type":"LineString","coordinates":[[2.464069409072502,48.844019735833285],[2.465386915222218,48.845286730219286],[2.465513106998427,48.845380253336948],[2.465982498058739,48.845728123766811],[2.466907384093745,48.846413546800854],[2.466130504709232,48.846873208403082],[2.465244341013405,48.8473975147202]]}},
{"type":"Feature","properties":{"fid":941},"geometry":{"type":"LineString","coordinates":[[2.438377310974604,48.848159394989921],[2.43829294842931,48.847487823422433],[2.438247116793748,48.847122971321511]]}},
{"type":"Feature","properties":{"fid":942},"geometry":{"type":"LineString","coordinates":[[2.452649808638082,48.847615745120883],[2.454233907772886,48.848377153587066],[2.45460169562345,48.84859393049986],[2.454832082250992,48.848832533515768],[2.452963189444179,48.849003356901633],[2.452643791122998,48.849032547997787],[2.451320472147353,48.849070744580168],[2.4508597666913,48.84905455872854],[2.450921606935945,48.84820783390397]]}},
{"type":"Feature","properties":{"fid":943},"geometry":{"type":"LineString","coordinates":[[2.442423146050841,48.847877056913681],[2.442342257517072,48.84858052069746],[2.443232414956475,48.849098013985142],[2.444267659528531,48.84927394282137],[2.445916390575647,48.849390481398508],[2.447470519340861,48.849537672312003],[2.447698966221764,48.850289229517621],[2.447791960187956,48.850282223321479]]}},
{"type":"Feature","properties":{"fid":944},"geometry":{"type":"LineString","coordinates":[[2.463879790408976,48.843474381617916],[2.464188392204967,48.843782635412943],[2.464743268209785,48.843551053032307],[2.464743268209785,48.843551053032307]]}},
{"type":"Feature","properties":{"fid":945},"geometry":{"type":"LineString","coordinates":[[2.471799532511298,48.84832127361333],[2.472555290503764,48.848796141934464],[2.47260561892736,48.848827764502026],[2.472929850953658,48.848703487458558],[2.473032912722675,48.848663983918584],[2.47369891284693,48.848638104426406],[2.474004411424312,48.848646650650437],[2.474068800658104,48.848754975017023],[2.473947445823093,48.848884091058139],[2.473258160016539,48.849053924475157],[2.473128111028603,48.849286352820258],[2.473069210226675,48.849391621760041],[2.472165770957412,48.849910819964492],[2.47160488682079,48.84921883635409],[2.470337269577216,48.849732493590558],[2.470187822475121,48.849795084907697],[2.469690588722918,48.850003333503246]]}},
{"type":"Feature","properties":{"fid":946},"geometry":{"type":"LineString","coordinates":[[2.471345650448772,48.848991384309308],[2.470636982076097,48.849236830212497],[2.470450886321262,48.849367645397336],[2.469978101351566,48.849699983168605],[2.469669641227392,48.849916807676713],[2.468668873195232,48.850661453279713],[2.468220089383503,48.8507891088883],[2.467645826045233,48.851034177005275],[2.467518521216948,48.851088503922391],[2.467220609398781,48.851404098364938],[2.467349440366137,48.851613551405762],[2.467391918016284,48.851728984314093],[2.466646381706673,48.852056989281266],[2.466119854686019,48.852313939600798],[2.465536893519141,48.852536710279828],[2.464561962010238,48.852033274244654],[2.465745839131091,48.851534374484174],[2.465605953265313,48.85133927578191],[2.466230106645179,48.851140385037077],[2.466155481080291,48.850967186260256],[2.466692392024279,48.85076070103451],[2.466455535431365,48.850442724235172],[2.466456494099618,48.850349092793522],[2.465959265807536,48.849878695753389],[2.465488285638094,48.850042255881995],[2.464962181729163,48.849384319598585],[2.464461583908593,48.848758262846005]]}},
{"type":"Feature","properties":{"fid":947},"geometry":{"type":"LineString","coordinates":[[2.459913819658155,48.849029284685841],[2.460902660850175,48.850208953707856],[2.461438293531141,48.850654926129707],[2.462186410424217,48.851277797663485],[2.462237997658721,48.851320747730533],[2.462276942516579,48.85135317205097],[2.462813491786338,48.852279997840775],[2.462898482669047,48.852426806283198],[2.463064068259929,48.85285562773042],[2.463292242391115,48.853446524189785],[2.463850668476923,48.854334963030155],[2.463989071150919,48.85479801126646],[2.464051153310189,48.855005714250836],[2.464189737300718,48.856389256065604],[2.466647267364148,48.856591498892833],[2.467428879210094,48.856655810848636],[2.466747889137968,48.859202533344998],[2.466524972935136,48.860041482192479],[2.466450883354506,48.860320313350407],[2.466373220320296,48.86061258963241]]}},
{"type":"Feature","properties":{"fid":948},"geometry":{"type":"LineString","coordinates":[[2.460902660850175,48.850208953707856],[2.459171737987383,48.850834984232158],[2.458060700002,48.849345674640738]]}},
{"type":"Feature","properties":{"fid":949},"geometry":{"type":"LineString","coordinates":[[2.386083817581223,48.854343145778309],[2.381751393482443,48.856820040993412],[2.380299710540745,48.857650570797468]]}},
{"type":"Feature","properties":{"fid":950},"geometry":{"type":"LineString","coordinates":[[2.384370383454291,48.858704530462902],[2.384243143527159,48.858874869587353],[2.385190056295778,48.859110226098416],[2.385084362727519,48.859278947530647],[2.385220252818681,48.859326463556698],[2.385257904378144,48.859373474811079],[2.385071237156695,48.859466151408228],[2.384858428617636,48.859461456313625],[2.384697390368387,48.859694717530907],[2.38452696663367,48.859798280892186],[2.384812868401315,48.860084259189307],[2.384877894121013,48.860124208510193],[2.384888512081492,48.8601494726718],[2.385100685903994,48.860208184968855],[2.385175692671157,48.860327415515592],[2.385496684066247,48.860415497053857],[2.384411815334572,48.86215298238718],[2.385205333185238,48.862300975426081]]}},
{"type":"Feature","properties":{"fid":951},"geometry":{"type":"LineString","coordinates":[[2.368174628243214,48.866459796893338],[2.36634645736672,48.866049004264632],[2.365169758763027,48.866748634384692],[2.365678645525663,48.867097062487211],[2.364611416289454,48.867820601159501],[2.363050721622259,48.868617282048277],[2.36256675674836,48.868016881379731],[2.362732253608828,48.867895573989799],[2.363481162947704,48.867346621539447]]}},
{"type":"Feature","properties":{"fid":952},"geometry":{"type":"LineString","coordinates":[[2.377062250921481,48.872152895708986],[2.376471613275536,48.870222122088649],[2.373942318783328,48.869445768049616],[2.373893472477086,48.869430774165949],[2.372025384871422,48.868614286461998],[2.373307566831089,48.866856345907742],[2.37115304986464,48.866148230547232],[2.370366279883284,48.865889631831969],[2.370056108294691,48.865787681245742],[2.367749013618968,48.865177690437477],[2.365745903589712,48.86467612098258]]}},
{"type":"Feature","properties":{"fid":953},"geometry":{"type":"LineString","coordinates":[[2.367309302229396,48.862673779983332],[2.366967766555711,48.863884273393232],[2.371037612036714,48.86497173383335],[2.370366279883284,48.865889631831969]]}},
{"type":"Feature","properties":{"fid":954},"geometry":{"type":"LineString","coordinates":[[2.37115304986464,48.866148230547232],[2.372080720400827,48.866288104667269],[2.375955215647323,48.867302341974103],[2.374893435066474,48.868442029750682],[2.376612509166371,48.868940778426555],[2.377699776647705,48.869320975897949],[2.37937674297443,48.870121019064371]]}},
{"type":"Feature","properties":{"fid":955},"geometry":{"type":"LineString","coordinates":[[2.378536971191012,48.870858272862158],[2.378924706484068,48.870976751372162],[2.378109600823279,48.872407632580455]]}},
{"type":"Feature","properties":{"fid":956},"geometry":{"type":"LineString","coordinates":[[2.348651319377087,48.862889060422731],[2.350423774208578,48.862506330852561],[2.350570852735114,48.862968104853422],[2.348151989327441,48.86346634933512],[2.348280641575315,48.863654321308296],[2.349090636055116,48.86388325778119],[2.349962107809086,48.863634655077156],[2.349395286808562,48.862167961631464]]}},
{"type":"Feature","properties":{"fid":957},"geometry":{"type":"LineString","coordinates":[[2.305489477780628,48.86111816791302],[2.302642704484733,48.861149824293733],[2.30227157079814,48.861147661039702],[2.301194133759747,48.86098563630825]]}},
{"type":"Feature","properties":{"fid":958},"geometry":{"type":"LineString","coordinates":[[2.313109482392206,48.861045158552876],[2.314483826162155,48.860987750127322],[2.314971717937035,48.860960760152601]]}},
{"type":"Feature","properties":{"fid":959},"geometry":{"type":"LineString","coordinates":[[2.484574766426093,48.774004718205248],[2.484185314242684,48.773279278180077],[2.485896693027952,48.77157948897473],[2.485266206424587,48.770867254675537],[2.485088679707108,48.770635985770355],[2.484844635604939,48.770519681651578]]}},
{"type":"Feature","properties":{"fid":960},"geometry":{"type":"LineString","coordinates":[[2.450781785704973,48.844462501539255],[2.450643858956473,48.844481127260018],[2.448851497493585,48.844723153257554],[2.447256451596911,48.844888661414736],[2.446642329517854,48.844960396474647],[2.446503984379281,48.844976555985653],[2.44642603444347,48.844985660913274],[2.446018391698388,48.844900622402321],[2.445605242611287,48.844870477669993],[2.44522992989957,48.84489233808489],[2.44491273224881,48.84496607461034],[2.444462097476562,48.844947746067035],[2.443981792304194,48.84485823831254],[2.443633365765783,48.84488627249894],[2.443185715625428,48.844972164477369],[2.442884054702225,48.845016047125696],[2.442288829015503,48.845013273791984]]}},
{"type":"Feature","properties":{"fid":961},"geometry":{"type":"LineString","coordinates":[[2.446615824128729,48.845793575653069],[2.444146562143322,48.845882643602017],[2.44364765563407,48.845592212877378],[2.443591632334082,48.845570553074744],[2.442627795429698,48.845197906177567],[2.442288829015503,48.845013273791984]]}},
{"type":"Feature","properties":{"fid":962},"geometry":{"type":"LineString","coordinates":[[2.446615824128729,48.845793575653069],[2.446900634742874,48.846641350545532],[2.446666936333882,48.846689595849917],[2.446707775634646,48.846865970263522],[2.446900959770738,48.846889769411469],[2.446901713217545,48.847465619645298],[2.445963297503062,48.847914981744353]]}},
{"type":"Feature","properties":{"fid":963},"geometry":{"type":"LineString","coordinates":[[2.451180292958346,48.846383908584698],[2.449004165680503,48.846798259537209],[2.448670971681296,48.846812759197313],[2.446900959770738,48.846889769411469]]}},
{"type":"Feature","properties":{"fid":964},"geometry":{"type":"LineString","coordinates":[[2.419230799959708,48.85179141308091],[2.418136333643677,48.85166380849806]]}},
{"type":"Feature","properties":{"fid":965},"geometry":{"type":"LineString","coordinates":[[2.431016638077562,48.85001459267],[2.429441302008016,48.850092690253454],[2.429471347690559,48.850589006431832],[2.427839081412378,48.850638589482962],[2.42631911988224,48.850689792216734],[2.424631963800473,48.850948280302937]]}},
{"type":"Feature","properties":{"fid":966},"geometry":{"type":"LineString","coordinates":[[2.429597892239092,48.851036456922671],[2.429471347690559,48.850589006431832]]}},
{"type":"Feature","properties":{"fid":967},"geometry":{"type":"LineString","coordinates":[[2.434664205444705,48.847740053247129],[2.436451746918302,48.847627005439982],[2.436993514822832,48.847592737548126]]}},
{"type":"Feature","properties":{"fid":968},"geometry":{"type":"LineString","coordinates":[[2.464976518253607,48.843900936556246],[2.465074599163763,48.843511914788309],[2.46532517038208,48.843229466756362]]}},
{"type":"Feature","properties":{"fid":969},"geometry":{"type":"LineString","coordinates":[[2.463147632150562,48.842219250822055],[2.464131511895248,48.841204185534508],[2.464864105302259,48.840194436035112],[2.464888211411892,48.840161209300867]]}},
{"type":"Feature","properties":{"fid":970},"geometry":{"type":"LineString","coordinates":[[2.464888211411892,48.840161209300867],[2.465332183549439,48.839301482675936],[2.465372397761516,48.839206683542855],[2.465427739361431,48.839076223202689],[2.466184012347451,48.83877506676702]]}},
{"type":"Feature","properties":{"fid":971},"geometry":{"type":"LineString","coordinates":[[2.467278788427016,48.834822054125866],[2.467192615351812,48.834798609648367],[2.467334404384351,48.834609458575081]]}},
{"type":"Feature","properties":{"fid":972},"geometry":{"type":"LineString","coordinates":[[2.467192615351812,48.834798609648367],[2.467006830740646,48.834731101552819],[2.467000791991478,48.834561809074522],[2.466987088800691,48.834382223893748],[2.467105464551267,48.834203227207645],[2.467114072822874,48.8341211973705],[2.466703977395335,48.833955233189101],[2.466487959144561,48.833805521197249],[2.466294672276787,48.833712332130659],[2.466109418012571,48.83359353227209],[2.465964849852195,48.833295389470493],[2.465967844908014,48.833003034625328],[2.465991572738917,48.832962106424176],[2.466123333256435,48.832993470233397],[2.466480924744849,48.832974548784598],[2.466636360435432,48.832970112758922],[2.467151336798669,48.833516110304501],[2.467531034217862,48.833615257272214],[2.467727674750425,48.833380186343646]]}},
{"type":"Feature","properties":{"fid":973},"geometry":{"type":"LineString","coordinates":[[2.467531034217862,48.833615257272214],[2.468367760092498,48.833849796130835],[2.468684575903705,48.834020469542168],[2.468853358170583,48.834231518885424],[2.468819713626707,48.834418198746285],[2.468308143534405,48.834362457290048],[2.467955485639944,48.834658386193915],[2.467529605072992,48.834872129568055]]}},
{"type":"Feature","properties":{"fid":974},"geometry":{"type":"LineString","coordinates":[[2.467114072822874,48.8341211973705],[2.46764102550233,48.834256904711168],[2.468308143534405,48.834362457290048]]}},
{"type":"Feature","properties":{"fid":975},"geometry":{"type":"LineString","coordinates":[[2.44570595330235,48.846971392892549],[2.442284965134852,48.847109370820654]]}},
{"type":"Feature","properties":{"fid":976},"geometry":{"type":"LineString","coordinates":[[2.442284965134852,48.847109370820654],[2.439982883702906,48.847253321273072]]}},
{"type":"Feature","properties":{"fid":977},"geometry":{"type":"LineString","coordinates":[[2.438923136244704,48.845871263541106],[2.438186542987455,48.846046579998742],[2.436790833992046,48.846378756752507]]}},
{"type":"Feature","properties":{"fid":978},"geometry":{"type":"LineString","coordinates":[[2.434592835741987,48.845551790651491],[2.432873655191046,48.84566741585904],[2.432253822621127,48.845776899696453]]}},
{"type":"Feature","properties":{"fid":979},"geometry":{"type":"LineString","coordinates":[[2.431684878610323,48.845851870850247],[2.431566588634136,48.845201482579704]]}},
{"type":"Feature","properties":{"fid":980},"geometry":{"type":"LineString","coordinates":[[2.454832082250992,48.848832533515768],[2.457585895151906,48.84850859142356]]}},
{"type":"Feature","properties":{"fid":981},"geometry":{"type":"LineString","coordinates":[[2.456387548921293,48.849601251196013],[2.456710011710317,48.850161244543401],[2.45685346117136,48.85041035662735],[2.457343375883238,48.851130666189412],[2.457337625055296,48.851682893028574],[2.457333566145558,48.852072645156426],[2.45733269333609,48.852156454899692],[2.45730535669901,48.852302974492424],[2.457212319482233,48.852801631333733],[2.457032435738431,48.853318592744039],[2.457028271791169,48.853373145834823],[2.457015921288796,48.853534952689699],[2.457311053511407,48.853950340825762],[2.457711003838464,48.854640692010271],[2.457705609641519,48.855158988090736],[2.457585861439413,48.855633660194783],[2.457699046657295,48.855789571711234],[2.457604182659065,48.855912647869275],[2.457446906857072,48.856116695365984],[2.456938462878038,48.856354857229498],[2.456544488065454,48.856539397208415]]}},
{"type":"Feature","properties":{"fid":982},"geometry":{"type":"LineString","coordinates":[[2.455853191073405,48.856945499619442],[2.455544657753106,48.857028740234647],[2.455364866103705,48.857125376139408],[2.455177461912428,48.857206589626372],[2.45495794662146,48.857385110613656],[2.454708680490978,48.857435266612285],[2.454450889232478,48.857557191465467],[2.454069806207437,48.857575970150954],[2.45382922512919,48.857538968220069],[2.453642193535456,48.857584276871101],[2.453524471537592,48.85769145168306],[2.453551500803328,48.857751809993054],[2.453600424944586,48.857861060767966],[2.453683990397122,48.85804609200207],[2.453892030649072,48.858221432946031],[2.454000206505696,48.858283476448015],[2.454074120165937,48.858647983728247],[2.454351145973006,48.858890945384623]]}},
{"type":"Feature","properties":{"fid":983},"geometry":{"type":"LineString","coordinates":[[2.454609473717176,48.859487625848601],[2.454252102768177,48.859466895451519],[2.453867426067357,48.859085583274179],[2.453775278714986,48.858977450486002],[2.453074467802667,48.859092220122506],[2.452928557128274,48.858922291098217],[2.452876031065339,48.858742530548838],[2.452767478505204,48.858716388418834],[2.45263700804782,48.858556787890485],[2.452546103686983,48.858330689167396],[2.45226066198742,48.85812421667503],[2.452094636813488,48.858019591166141],[2.451613203793882,48.857971223466386],[2.451380233490373,48.857949638981054],[2.451280374466105,48.857836339613115],[2.451164375901843,48.857779386890734],[2.451310382268517,48.857562768974539]]}},
{"type":"Feature","properties":{"fid":984},"geometry":{"type":"LineString","coordinates":[[2.451134471873221,48.856080497519159],[2.451588457525265,48.855891234068892],[2.451629263607326,48.855706770987503],[2.451866918111178,48.855282138706478],[2.452394534818194,48.855168761452575],[2.452474572603595,48.855151562234489],[2.452715895895564,48.855116762014305],[2.452972171454421,48.855138450553277],[2.453933376016854,48.855389041079327],[2.454054853746466,48.854922840814311],[2.454058776684766,48.854548429083664],[2.454023784260575,48.854178968843847],[2.454504003204197,48.854340163473097],[2.454387191483631,48.853618981615561],[2.454182842154232,48.852892658082283],[2.453734781655612,48.852175920805891],[2.453015352585889,48.8510250447072],[2.454639145120288,48.850339476158197],[2.456387548921293,48.849601251196013]]}},
{"type":"Feature","properties":{"fid":985},"geometry":{"type":"LineString","coordinates":[[2.454340460763393,48.849799976790955],[2.454296195191891,48.849690891622089],[2.453947331113482,48.849607232804722],[2.453169482986395,48.849621480773678],[2.452602515720816,48.84963186281275],[2.451933238168894,48.849715995250726],[2.450917621468987,48.84982777097261],[2.450859453879918,48.849834172446791],[2.44983449541613,48.849744508639361],[2.449678265718769,48.849730840799324],[2.449278357797184,48.849695853674454],[2.447470519340861,48.849537672312003]]}},
{"type":"Feature","properties":{"fid":986},"geometry":{"type":"LineString","coordinates":[[2.444267659528531,48.84927394282137],[2.444115171645239,48.849478606160048],[2.441979078900107,48.849366078524078],[2.441075769417216,48.849347679045778],[2.440019026977353,48.849326145624474],[2.439794302031821,48.847998624886991]]}},
{"type":"Feature","properties":{"fid":987},"geometry":{"type":"LineString","coordinates":[[2.4394930953897,48.848032800920194],[2.439407311226486,48.847489588849292],[2.439059755559418,48.847287920489428],[2.43843821935149,48.847269617119359],[2.43829294842931,48.847487823422433],[2.436993514822832,48.847592737548126]]}},
{"type":"Feature","properties":{"fid":988},"geometry":{"type":"LineString","coordinates":[[2.434718531839161,48.847292577429236],[2.434675535332308,48.847111358967041],[2.4342670995265,48.847135607831362]]}},
{"type":"Feature","properties":{"fid":989},"geometry":{"type":"LineString","coordinates":[[2.432962119557368,48.847181307691265],[2.43286738288896,48.846878206310954]]}},
{"type":"Feature","properties":{"fid":990},"geometry":{"type":"LineString","coordinates":[[2.43363725779288,48.84649807127456],[2.43351684960354,48.84619364388864],[2.432569284342149,48.846343142313039]]}},
{"type":"Feature","properties":{"fid":991},"geometry":{"type":"LineString","coordinates":[[2.438247116793748,48.847122971321511],[2.438186542987455,48.846046579998742]]}},
{"type":"Feature","properties":{"fid":992},"geometry":{"type":"LineString","coordinates":[[2.436640801948794,48.858992473841766],[2.436768327279567,48.85845749089907],[2.436849731160856,48.858115986614607]]}},
{"type":"Feature","properties":{"fid":993},"geometry":{"type":"LineString","coordinates":[[2.44305159811543,48.856811946990007],[2.445440915647035,48.856290396045644],[2.44725038600071,48.85449408945847],[2.448546375014243,48.853223326853616],[2.448763702103455,48.85301022244829],[2.449034661247265,48.852796325832323],[2.449167544264748,48.852691426377419],[2.450335396940768,48.852190412049218],[2.451285044317878,48.851782993155744],[2.452416533513411,48.851297541907506],[2.452812219055074,48.851127773278769],[2.453015352585889,48.8510250447072]]}},
{"type":"Feature","properties":{"fid":994},"geometry":{"type":"LineString","coordinates":[[2.457335607836483,48.845977243161357],[2.457131000686034,48.845824894187778],[2.456886414874595,48.845728643903492],[2.456585394334768,48.845924604781366],[2.455667627932294,48.846385562298067],[2.455504981869308,48.846367203629718],[2.454697291092166,48.846511520743476],[2.454520781888173,48.846542429479527],[2.454323397252911,48.846527434524944],[2.454077521454778,48.846554502494278],[2.454017798949333,48.846649370103428],[2.453969012112242,48.846719621626008],[2.453327330052308,48.846815355116391],[2.453188375035569,48.84682881493611],[2.453027719576323,48.846747916176909],[2.452776799324723,48.846746768741625],[2.451787610773789,48.846921858155632]]}},
{"type":"Feature","properties":{"fid":995},"geometry":{"type":"LineString","coordinates":[[2.4508597666913,48.84905455872854],[2.450917621468987,48.84982777097261]]}},
{"type":"Feature","properties":{"fid":996},"geometry":{"type":"LineString","coordinates":[[2.450917621468987,48.84982777097261],[2.450959353776019,48.850048867590957]]}},
{"type":"Feature","properties":{"fid":997},"geometry":{"type":"LineString","coordinates":[[2.44570595330235,48.846971392892549],[2.446900959770738,48.846889769411469]]}},
{"type":"Feature","properties":{"fid":998},"geometry":{"type":"LineString","coordinates":[[2.297063260721477,48.873464877205862],[2.296944077653828,48.872944724920792],[2.29639243537622,48.872546671294558],[2.296210355686541,48.872489705030503],[2.295856142936008,48.87237888329021],[2.295358085322584,48.872297967638943],[2.295267061818433,48.872270156575595],[2.295083374367765,48.872214032929463],[2.294812769893142,48.871826847673248],[2.293113561130564,48.869514104832888],[2.292553095540372,48.868711447338725],[2.291596340921024,48.868988021793101]]}},
{"type":"Feature","properties":{"fid":999},"geometry":{"type":"LineString","coordinates":[[2.293668651818245,48.871918521675425],[2.294073831774498,48.872437705156102],[2.294528792814535,48.872306080363202],[2.294778524675831,48.872294554491049],[2.295267061818433,48.872270156575595]]}},
{"type":"Feature","properties":{"fid":1000},"geometry":{"type":"LineString","coordinates":[[2.453169482986395,48.849621480773678],[2.452963189444179,48.849003356901633],[2.452732092384215,48.848301272192181],[2.452649808638082,48.847615745120883],[2.451478262243153,48.848006384627517],[2.451291158396521,48.848256471003076]]}},
{"type":"Feature","properties":{"fid":1001},"geometry":{"type":"LineString","coordinates":[[2.451328113542577,48.848645566095222],[2.451320472147353,48.849070744580168]]}},
{"type":"Feature","properties":{"fid":1002},"geometry":{"type":"LineString","coordinates":[[2.436328950827941,48.848310239473207],[2.436315358747553,48.84808668855802],[2.436489652648074,48.847957103430851],[2.436451746918302,48.847627005439982]]}},
{"type":"Feature","properties":{"fid":1003},"geometry":{"type":"LineString","coordinates":[[2.436489652648074,48.847957103430851],[2.43666253607006,48.847957917583884],[2.436666679053481,48.848284555716056]]}},
{"type":"Feature","properties":{"fid":1004},"geometry":{"type":"LineString","coordinates":[[2.370496499977383,48.877739187419891],[2.374371593257697,48.874501548128102]]}},
{"type":"Feature","properties":{"fid":1005},"geometry":{"type":"LineString","coordinates":[[2.446059580682953,48.850412729181173],[2.446026613779367,48.850415071300802],[2.445966909948536,48.850419312910383],[2.445916390575647,48.849390481398508],[2.445809483838099,48.848008902893262],[2.445801413255248,48.847904601987381]]}},
{"type":"Feature","properties":{"fid":1006},"geometry":{"type":"LineString","coordinates":[[2.440093749141078,48.847964647699825],[2.439982883702906,48.847253321273072]]}},
{"type":"Feature","properties":{"fid":1007},"geometry":{"type":"LineString","coordinates":[[2.438186542987455,48.846046579998742],[2.438209094304886,48.845399852988209],[2.437788903442898,48.845430480711954],[2.437305651018841,48.845583066427146],[2.436983892049402,48.845646755862262],[2.436597712492387,48.845687221575318]]}},
{"type":"Feature","properties":{"fid":1008},"geometry":{"type":"LineString","coordinates":[[2.465982498058739,48.845728123766811],[2.464771595267518,48.846283698126562],[2.465434984059105,48.846620829551959],[2.466130504709232,48.846873208403082]]}},
{"type":"Feature","properties":{"fid":1009},"geometry":{"type":"LineString","coordinates":[[2.466907384093745,48.846413546800854],[2.467600806402555,48.846157765414453],[2.467884539246473,48.84586353482338],[2.46798813903051,48.845756100966646],[2.468136057271404,48.845364196918993]]}},
{"type":"Feature","properties":{"fid":1010},"geometry":{"type":"LineString","coordinates":[[2.467600806402555,48.846157765414453],[2.468432269394898,48.846968349607259],[2.468927709018723,48.846823843182428],[2.469201785136492,48.846588698688706],[2.469327677125637,48.846352896327673],[2.469699955768989,48.846175238796505],[2.470358083317274,48.846014104237263]]}},
{"type":"Feature","properties":{"fid":1011},"geometry":{"type":"LineString","coordinates":[[2.470709598111044,48.846387711082919],[2.471081077570901,48.846368811317468],[2.471276172644349,48.846614184837449],[2.471621518478522,48.846656462393177],[2.471831691551558,48.846632939314702],[2.471891369515791,48.846836962009355],[2.472130608412141,48.846777441453156],[2.47221325822029,48.846756878756359],[2.472600435273807,48.846326616500129],[2.472884532485798,48.846319718174392],[2.473681996367526,48.846225424612506],[2.474844392896531,48.846067525207133],[2.474781090253866,48.846222104393703],[2.474112547145709,48.846390325374884],[2.474061672711712,48.846536808406569],[2.474096662159839,48.846740721446515],[2.474562374369606,48.84709323346749],[2.474697552332618,48.847159029990813],[2.474806611733154,48.847403819321784],[2.474990471929092,48.847502631018251],[2.474754449261177,48.847640151220254],[2.474640434586023,48.847924913236987],[2.4750098327231,48.848032489394669],[2.475082940863187,48.848130614466378],[2.475081299003861,48.848293614402621],[2.474866009048408,48.848342477615482],[2.474623320209492,48.848397558829852],[2.474478569215199,48.848362284097682],[2.474318402789866,48.848324903868594],[2.474302417262487,48.848268003486297],[2.47428859925505,48.848218818273168],[2.474184538015981,48.848128707044481],[2.47398720245964,48.848103388537687],[2.473919119011363,48.848119389903431],[2.47393694304188,48.848188746321036],[2.473726394272178,48.848248948045807],[2.47360306967208,48.848232104797248],[2.473299615028749,48.848320423224749],[2.47304031472017,48.848400419456347],[2.47279170064806,48.848477118134284],[2.472659949529135,48.848295164622158],[2.47257856299223,48.848182765869844],[2.472528796144888,48.84821922308641],[2.47237608501146,48.848055542539662],[2.472450467043509,48.848027344282308],[2.472328298706656,48.84789639975989],[2.472336082304072,48.847737502034185],[2.472174246406256,48.8474490432124]]}},
{"type":"Feature","properties":{"fid":1012},"geometry":{"type":"LineString","coordinates":[[2.472953726650024,48.847335322736654],[2.472557860360166,48.847025323034039],[2.472130608412141,48.846777441453156]]}},
{"type":"Feature","properties":{"fid":1013},"geometry":{"type":"LineString","coordinates":[[2.471891369515791,48.846836962009355],[2.471190725568774,48.846900785816956]]}},
{"type":"Feature","properties":{"fid":1014},"geometry":{"type":"LineString","coordinates":[[2.4716256853714,48.847402240801529],[2.470572502957219,48.847655338912631],[2.470374640069105,48.847724413707347],[2.469500475621926,48.84802958215829],[2.469267645505557,48.848306680630621],[2.468693597031741,48.84854546255125],[2.468286266430608,48.848714893268372],[2.467841558559399,48.848899868332694],[2.467580946559015,48.849008267813147],[2.46687691300566,48.849386160182554],[2.465959265807536,48.849878695753389],[2.465488285638094,48.850042255881995],[2.46514691300342,48.850130907216133],[2.46384558373781,48.850468838695761],[2.463043301663133,48.850722995651324],[2.462547178220113,48.850928601965421],[2.462186410424217,48.851277797663485]]}},
{"type":"Feature","properties":{"fid":1015},"geometry":{"type":"LineString","coordinates":[[2.428585305356206,48.844121833533805],[2.431278302491744,48.843876316124607]]}},
{"type":"Feature","properties":{"fid":1016},"geometry":{"type":"LineString","coordinates":[[2.432091140965795,48.843804995852544],[2.433877538878575,48.843597507301432]]}},
{"type":"Feature","properties":{"fid":1017},"geometry":{"type":"LineString","coordinates":[[2.441021095066919,48.844579788478789],[2.4409482756225,48.844891058589852],[2.440950559247629,48.845253762245093],[2.440995974416432,48.845624817723689],[2.440941221330801,48.845894940278832],[2.440930779609909,48.845946453838742],[2.441265160488908,48.845934228006975],[2.441515131706187,48.845925087796964],[2.441744900909385,48.845916685811041],[2.441820253270905,48.84591393029946],[2.444146562143322,48.845882643602017]]}},
{"type":"Feature","properties":{"fid":1018},"geometry":{"type":"LineString","coordinates":[[2.439718403678509,48.845300109561691],[2.440286735196135,48.845260846390893],[2.440786836549771,48.845263185068717],[2.440950559247629,48.845253762245093],[2.441181546933919,48.845270825598206],[2.441274458702269,48.845277688979287],[2.441713867004064,48.845181935485513],[2.441899809503015,48.84511556223206],[2.442147143239564,48.845082076582145],[2.442288829015503,48.845013273791984]]}},
{"type":"Feature","properties":{"fid":1019},"geometry":{"type":"LineString","coordinates":[[2.460902660850175,48.850208953707856],[2.462723750726224,48.849524478261493],[2.462700144704355,48.849418417622132],[2.464052502465802,48.848838365082742]]}},
{"type":"Feature","properties":{"fid":1020},"geometry":{"type":"LineString","coordinates":[[2.467613558230355,48.847543282420894],[2.468125875126516,48.848018673154463],[2.468693597031741,48.84854546255125]]}},
{"type":"Feature","properties":{"fid":1021},"geometry":{"type":"LineString","coordinates":[[2.46687691300566,48.849386160182554],[2.466434065872188,48.84899908350593],[2.466313713356382,48.848948023378959],[2.466249622466104,48.84892083242292],[2.465759285630999,48.849167229853173],[2.464962181729163,48.849384319598585]]}},
{"type":"Feature","properties":{"fid":1022},"geometry":{"type":"LineString","coordinates":[[2.455962119856939,48.846674358759124],[2.455667627932294,48.846385562298067]]}},
{"type":"Feature","properties":{"fid":1023},"geometry":{"type":"LineString","coordinates":[[2.47260561892736,48.848827764502026],[2.472769015328505,48.848979634026662],[2.473039485931414,48.849231021671571],[2.473128111028603,48.849286352820258],[2.473319957218633,48.84941823903435],[2.473401716354623,48.849474444712172],[2.474099930654216,48.849981801817471],[2.474802115212727,48.849649204984246],[2.475202751013883,48.849459435983192],[2.474774727670453,48.849023183935813],[2.475050738797004,48.848891702993996],[2.475113254895306,48.848861922578877]]}},
{"type":"Feature","properties":{"fid":1024},"geometry":{"type":"LineString","coordinates":[[2.464127806137646,48.847874832147944],[2.464831128712154,48.848651038099803]]}},
{"type":"Feature","properties":{"fid":1025},"geometry":{"type":"LineString","coordinates":[[2.465244341013405,48.8473975147202],[2.465999593826397,48.848213642100745]]}},
{"type":"Feature","properties":{"fid":1026},"geometry":{"type":"LineString","coordinates":[[2.466086495542348,48.848174900057742],[2.46625654475707,48.848353982144658],[2.46627344037712,48.848399901792448],[2.46649224118328,48.848400877661412],[2.466606499221295,48.84843577030648],[2.466782544970436,48.848541996843188],[2.46693442079849,48.848634362143649],[2.467045605104272,48.848630273041714],[2.467226789244176,48.848573774664914],[2.467442515966654,48.848535767479774],[2.467841558559399,48.848899868332694],[2.46843404230696,48.849564222551727],[2.468968309704923,48.849965439623823],[2.468748932886982,48.850361018017303],[2.4686748455215,48.850473580334807],[2.46864976207899,48.850549111837026],[2.468628268605486,48.850613198229276],[2.468668873195232,48.850661453279713]]}},
{"type":"Feature","properties":{"fid":1027},"geometry":{"type":"LineString","coordinates":[[2.471637657518411,48.849270591268677],[2.471796707905928,48.849167663238852],[2.472093057602015,48.849056652839991],[2.472316309164509,48.848961364809036],[2.472449167495701,48.848874846663428],[2.472555290503764,48.848796141934464]]}},
{"type":"Feature","properties":{"fid":1028},"geometry":{"type":"LineString","coordinates":[[2.473319957218633,48.84941823903435],[2.473683922982132,48.849302051534934],[2.473868876189383,48.849215760998554],[2.473987585772786,48.849154393271299],[2.474012267506745,48.849117826409632],[2.474234544549903,48.849118803387682],[2.474414589830036,48.849174607495236],[2.474466801646693,48.849163375791292],[2.474948336058631,48.849286977081839],[2.47507753305737,48.849218777673691],[2.475071464260257,48.849131647052182],[2.475225087650896,48.849052093590274],[2.475050738797004,48.848891702993996]]}},
{"type":"Feature","properties":{"fid":1029},"geometry":{"type":"LineString","coordinates":[[2.474948336058631,48.849286977081839],[2.474802115212727,48.849649204984246]]}},
{"type":"Feature","properties":{"fid":1030},"geometry":{"type":"LineString","coordinates":[[2.448670971681296,48.846812759197313],[2.446901713217545,48.847465619645298]]}},
{"type":"Feature","properties":{"fid":1031},"geometry":{"type":"LineString","coordinates":[[2.449316379832222,48.848129925771758],[2.449278357797184,48.849695853674454]]}},
{"type":"Feature","properties":{"fid":1032},"geometry":{"type":"LineString","coordinates":[[2.472953726650024,48.847335322736654],[2.473052729688238,48.847577821818454],[2.473618176695298,48.84798832495045],[2.474513055984848,48.848106869391529],[2.475082940863187,48.848130614466378],[2.475900693224767,48.848268826488422],[2.476087591230543,48.848333826992267],[2.476261646400709,48.848985577039734],[2.476961906388073,48.848823101348231],[2.477015299134329,48.848810712848142],[2.477051908103824,48.848802218601733],[2.477759586745933,48.848719713322673],[2.477809953650921,48.848713841087118],[2.478574300556147,48.848689668138803],[2.479163711368107,48.848793092691523],[2.479548030515175,48.848913960029648],[2.480027039298918,48.848943549275546],[2.480819355771247,48.848901145853063],[2.480879313645085,48.849158133491805],[2.480913542179421,48.849208710603158],[2.481165940819176,48.849672831537838],[2.481144371811939,48.849746088664538],[2.482146930797443,48.850218042446514],[2.483460491391551,48.851028284774188],[2.485135169122131,48.852030319194341],[2.485065114689011,48.852089614994277],[2.485131865281705,48.852407941712592],[2.485171911658548,48.852530177346445],[2.485344988533642,48.85259051915304],[2.485537627122876,48.85278045417656],[2.485780217097121,48.852836509790734],[2.485988526459737,48.852846573635411],[2.486225345747687,48.852783409112902],[2.486389079302074,48.85267075454189]]}},
{"type":"Feature","properties":{"fid":1033},"geometry":{"type":"LineString","coordinates":[[2.54866822042196,48.840836376366873],[2.54863545289635,48.841282995074394],[2.549409862183507,48.8416847595484],[2.548722364972207,48.842475273313369],[2.548308519209139,48.842943614611137],[2.548410793214061,48.843164052869966],[2.548374596380206,48.843333539725222],[2.548185837870033,48.84347494395319],[2.548494571692977,48.843912776889859],[2.548708633813266,48.844291340955195],[2.54889700409929,48.844526918413933]]}},
{"type":"Feature","properties":{"fid":1034},"geometry":{"type":"LineString","coordinates":[[2.548956223895075,48.846672865223027],[2.548416081216562,48.847363392922738],[2.548194406522986,48.847293789975708],[2.547812299467767,48.847301515200513]]}},
{"type":"Feature","properties":{"fid":1035},"geometry":{"type":"LineString","coordinates":[[-1.686980027261932,48.111649781237027],[-1.686245482720222,48.110174315919146],[-1.684671256527246,48.110214489302955],[-1.684577618984059,48.110595510623867],[-1.684555837695639,48.111333003367804],[-1.684416871158736,48.111581078551588],[-1.683999163818121,48.11190031527061],[-1.68480134993031,48.112579207128256],[-1.68370830713537,48.112997731147821],[-1.682852254633144,48.113384924915408],[-1.681652706070103,48.113406225750168],[-1.681519869773942,48.113723672625099],[-1.681251674050007,48.114405827647445],[-1.6808027444481,48.114282732623302],[-1.680128567793061,48.114097871289893]]}},
{"type":"Feature","properties":{"fid":1036},"geometry":{"type":"LineString","coordinates":[[2.449624406426445,48.850144151078723],[2.449746596087088,48.85054274645919],[2.448019598168905,48.850960812208626],[2.447881773139728,48.850994175050467],[2.447153191976484,48.851170536881],[2.446295028346707,48.851378258448442],[2.446026613779367,48.850415071300802]]}},
{"type":"Feature","properties":{"fid":1037},"geometry":{"type":"LineString","coordinates":[[2.444208130441172,48.850544250272307],[2.444310296459209,48.850842651725635],[2.444452313616786,48.850897086092637],[2.444592563927397,48.851117317922565],[2.444775762476139,48.851767947565442],[2.444471366233626,48.851816948570963],[2.444225145692483,48.850543041696916]]}},
{"type":"Feature","properties":{"fid":1038},"geometry":{"type":"LineString","coordinates":[[2.450781785704973,48.844462501539255],[2.451145630278186,48.844154567119006],[2.45113059117926,48.844095939992719],[2.451106499967501,48.844002024605174],[2.451599372636903,48.843618896173943],[2.451709695087383,48.843458076268597],[2.452788765771434,48.842853564626694],[2.453835584335759,48.842732872905991],[2.454147783078569,48.842743260370938],[2.455173436398239,48.84204885786562],[2.455473551688471,48.841915786192097],[2.455751384282025,48.842616128595843],[2.456422767715691,48.842503779302895],[2.456689941874012,48.842459069197623],[2.457492715498231,48.84230138674409],[2.458295856860254,48.842107850414443],[2.458466857454883,48.842112075692448],[2.45917016782407,48.842129451310967],[2.459626857444249,48.842118351376591],[2.460847738662877,48.842191079034116],[2.461838363358816,48.84224931479492],[2.462489082167346,48.842350828234125],[2.462803458105816,48.842288016876154],[2.463147632150562,48.842219250822055]]}},
{"type":"Feature","properties":{"fid":1039},"geometry":{"type":"LineString","coordinates":[[2.439189438409698,48.850761391509678],[2.439234747801095,48.850938284525846],[2.439440606162406,48.851843339220224],[2.43968218080104,48.852742958507243],[2.439740206736746,48.853030456013244]]}},
{"type":"Feature","properties":{"fid":1040},"geometry":{"type":"LineString","coordinates":[[2.444208130441172,48.850544250272307],[2.444094101282118,48.850063591910029],[2.443571325414916,48.850056680590917]]}},
{"type":"Feature","properties":{"fid":1041},"geometry":{"type":"LineString","coordinates":[[2.451285044317878,48.851782993155744],[2.450916795258105,48.850051778446108]]}},
{"type":"Feature","properties":{"fid":1042},"geometry":{"type":"LineString","coordinates":[[2.44983449541613,48.849744508639361],[2.449852550920071,48.849229809852289]]}},
{"type":"Feature","properties":{"fid":1043},"geometry":{"type":"LineString","coordinates":[[2.449124147602092,48.848117605617674],[2.449190250036602,48.847969772912727],[2.44920372612823,48.847658388080376],[2.449407296024714,48.847670528216099],[2.449527463201891,48.847543365525176],[2.449673959992793,48.847494745712915],[2.450892596623059,48.847509307520724],[2.450970157608235,48.847558957226703],[2.451213693017609,48.847607180970975]]}},
{"type":"Feature","properties":{"fid":1044},"geometry":{"type":"LineString","coordinates":[[2.443571325414916,48.850056680590917],[2.44209970694423,48.85004086515216],[2.441033642400441,48.850040370698963],[2.441036574400886,48.849767028462644],[2.441075769417216,48.849347679045778]]}},
{"type":"Feature","properties":{"fid":1045},"geometry":{"type":"LineString","coordinates":[[2.440019026977353,48.849326145624474],[2.437992462671434,48.849331530965856],[2.437894988444667,48.84955513545826],[2.437705549607083,48.849491507840675],[2.437470694772119,48.849502889445041],[2.435429642812289,48.849601783881333],[2.435435163744523,48.850345696901485],[2.435380380486277,48.850430267238615]]}},
{"type":"Feature","properties":{"fid":1046},"geometry":{"type":"LineString","coordinates":[[2.430268953806083,48.850553126095612],[2.429471347690559,48.850589006431832]]}},
{"type":"Feature","properties":{"fid":1047},"geometry":{"type":"LineString","coordinates":[[2.426275031154622,48.851084229895108],[2.427885944175079,48.851143188069997]]}},
{"type":"Feature","properties":{"fid":1048},"geometry":{"type":"LineString","coordinates":[[2.411768811113133,48.844225804280953],[2.412398830174468,48.84524713218034],[2.413165396556851,48.845177110043423],[2.413302351738672,48.84607752101855]]}},
{"type":"Feature","properties":{"fid":1049},"geometry":{"type":"LineString","coordinates":[[2.415358080406812,48.846976173700341],[2.417640594182285,48.846796265368397]]}},
{"type":"Feature","properties":{"fid":1050},"geometry":{"type":"LineString","coordinates":[[2.417641447668164,48.847600803213972],[2.419446025443142,48.847421343162559],[2.419577356363955,48.848276120773527],[2.419743084005003,48.849335778741839]]}},
{"type":"Feature","properties":{"fid":1051},"geometry":{"type":"LineString","coordinates":[[2.421078932460638,48.849249416718919],[2.421307841857268,48.850986204092003]]}},
{"type":"Feature","properties":{"fid":1052},"geometry":{"type":"LineString","coordinates":[[2.40626940441585,48.847417109102267],[2.405737257945381,48.844767334035282],[2.406187914462669,48.844956551152407],[2.408512500841792,48.846527550489917],[2.408631678807446,48.847222014756035]]}},
{"type":"Feature","properties":{"fid":1053},"geometry":{"type":"LineString","coordinates":[[2.408512500841792,48.846527550489917],[2.408885106592673,48.84660109240761],[2.409598962971998,48.846519473183093],[2.408995245861417,48.844501858393194]]}},
{"type":"Feature","properties":{"fid":1054},"geometry":{"type":"LineString","coordinates":[[2.407690500907413,48.847299750058561],[2.407818154443685,48.847879699647926],[2.407735821309641,48.848980703611701]]}},
{"type":"Feature","properties":{"fid":1055},"geometry":{"type":"LineString","coordinates":[[2.457264879848398,48.845052779440927],[2.456727721748039,48.843597482402238],[2.455510650075958,48.843766718521742],[2.454749332731272,48.843852876334161],[2.454117194019779,48.843921693765139],[2.453614047169737,48.843991097061959],[2.45113059117926,48.844095939992719]]}},
{"type":"Feature","properties":{"fid":1056},"geometry":{"type":"LineString","coordinates":[[2.462803458105816,48.842288016876154],[2.461925132267462,48.842599243903024],[2.461271632323051,48.842766590868123],[2.460434407671627,48.842973437131803],[2.459461535177828,48.843166220899178],[2.458733806035315,48.843288405920944],[2.457917442833402,48.843446035037537],[2.456727721748039,48.843597482402238]]}},
{"type":"Feature","properties":{"fid":1057},"geometry":{"type":"LineString","coordinates":[[2.492820746860552,48.831839901914101],[2.494135047925481,48.832153471640851]]}},
{"type":"Feature","properties":{"fid":1058},"geometry":{"type":"LineString","coordinates":[[2.496120858059423,48.832442849519857],[2.496334444621559,48.832625868069044],[2.495611766134736,48.833653519631184],[2.495189031319329,48.834358478646713],[2.49488175363945,48.834909680561829],[2.494635265225495,48.835484966766664]]}},
{"type":"Feature","properties":{"fid":1059},"geometry":{"type":"LineString","coordinates":[[2.476958169238284,48.832426634424301],[2.477569271686853,48.832103966383123],[2.477726374162487,48.83200606385634],[2.477754324358744,48.831926342837001]]}},
{"type":"Feature","properties":{"fid":1060},"geometry":{"type":"LineString","coordinates":[[2.463589016636719,48.844082647271776],[2.463553653052553,48.843994360907509],[2.464188392204967,48.843782635412943]]}},
{"type":"Feature","properties":{"fid":1061},"geometry":{"type":"LineString","coordinates":[[2.464163726287796,48.846110903619852],[2.462556512591512,48.845934458328038],[2.461081810219301,48.845656626064809]]}},
{"type":"Feature","properties":{"fid":1062},"geometry":{"type":"LineString","coordinates":[[2.451478262243153,48.848006384627517],[2.450921606935945,48.84820783390397]]}},
{"type":"Feature","properties":{"fid":1063},"geometry":{"type":"LineString","coordinates":[[2.462149342823491,48.844065549509686],[2.462246013185152,48.844210432405021]]}},
{"type":"Feature","properties":{"fid":1064},"geometry":{"type":"LineString","coordinates":[[2.274896688438191,48.858340871388741],[2.275416700661218,48.858134774032422],[2.277509756717296,48.857976616154289],[2.277732787391197,48.857688893899265],[2.28091285263403,48.855597514974505],[2.280569682407852,48.855214406493978],[2.280128301040367,48.854983579246984],[2.280035919388579,48.854935266355263],[2.279808860103019,48.854795935042645],[2.280702544829149,48.854965554534751],[2.281434326741675,48.855324718013719],[2.281867825148563,48.855655808062892],[2.282696645110522,48.856199498763829],[2.283037791665761,48.856007735723985],[2.282604825585199,48.85563723476784],[2.282714649128627,48.855614899018747],[2.282438980046888,48.85538987466731],[2.282639891642792,48.855259684263672],[2.282718628207689,48.855325853797531],[2.282848768161811,48.85527407581985],[2.283540387143951,48.855659264489802],[2.28388285984152,48.856094917952397],[2.283897556965372,48.856173057512812],[2.283837623809363,48.85621700875793],[2.283752845761321,48.856227998390764],[2.283653631469956,48.856202767936104],[2.283458012625207,48.856309997520341],[2.283037791665761,48.856007735723985]]}},
{"type":"Feature","properties":{"fid":1065},"geometry":{"type":"LineString","coordinates":[[2.280569682407852,48.855214406493978],[2.280653747913417,48.855164817518421],[2.280880629736049,48.855317285599817]]}},
{"type":"Feature","properties":{"fid":1066},"geometry":{"type":"LineString","coordinates":[[2.282696645110522,48.856199498763829],[2.282594773689673,48.856276903800513],[2.282504361779996,48.856335489438024],[2.282518706765294,48.856378278803746],[2.28240349672793,48.856430145923945],[2.28235408197654,48.856403570591951],[2.282083115712538,48.856559619116922],[2.28091285263403,48.855597514974505]]}},
{"type":"Feature","properties":{"fid":1067},"geometry":{"type":"LineString","coordinates":[[2.280128301040367,48.854983579246984],[2.279223746586556,48.854720965804155],[2.278526012024704,48.854421121615552],[2.278125749034962,48.854208475148099],[2.277454061644138,48.853736325288473],[2.277376974032465,48.853551906298819],[2.27649875195619,48.852988168846181],[2.276132492972421,48.852747799394358],[2.276389711283126,48.852506273620556],[2.277779119119695,48.85174271963443],[2.2785764993583,48.851313924720358],[2.280068644499821,48.850341019765992],[2.281289008970938,48.849563362270324],[2.281461279813449,48.849455176165549],[2.282613762508346,48.848841681633367],[2.283072008974925,48.849179487704895],[2.282728819929201,48.848799667830292],[2.282407352703205,48.848288581219286],[2.282859549084376,48.84834220848213],[2.282918774651576,48.848378697334851],[2.284089447641772,48.847580908264916],[2.28313367283909,48.846415615242407],[2.282405440091345,48.845445487624964],[2.281204255574297,48.844114297120079],[2.279151554344861,48.841872159521365],[2.278719173867614,48.841329678472299],[2.27828606052948,48.840837431550909],[2.277820674311918,48.840842835168999],[2.27754953428973,48.840657242370838],[2.276313582213782,48.841142509761696],[2.273783683658546,48.842162748975468],[2.273617007292469,48.841981066481608],[2.273747077196201,48.841932582423823],[2.273127152240484,48.84124226885875],[2.272675483604423,48.841428250397769]]}},
{"type":"Feature","properties":{"fid":1068},"geometry":{"type":"LineString","coordinates":[[2.275694587293938,48.840020104458588],[2.276031023852641,48.839898278117914],[2.277529509990122,48.837434608801992],[2.277263508770757,48.837134137674774]]}},
{"type":"Feature","properties":{"fid":1069},"geometry":{"type":"LineString","coordinates":[[2.354274644434591,48.862671263826677],[2.353318540932536,48.862839084929291],[2.353008094588285,48.862255708109842],[2.352687077847074,48.8616524529656],[2.352567274457115,48.86142731436999]]}},
{"type":"Feature","properties":{"fid":1070},"geometry":{"type":"LineString","coordinates":[[2.358387899973817,48.857694487993726],[2.358882304827323,48.857468751537347],[2.359057442557905,48.857359183839407],[2.359158225472231,48.85729613283565],[2.359829164287246,48.856981094273358],[2.360200180719332,48.856766278855268],[2.360550960716938,48.856577632882065],[2.360858765932512,48.856436611689062]]}},
{"type":"Feature","properties":{"fid":1071},"geometry":{"type":"LineString","coordinates":[[2.360367398047275,48.855360277578725],[2.361667466840017,48.855094198295319]]}},
{"type":"Feature","properties":{"fid":1072},"geometry":{"type":"LineString","coordinates":[[2.3653510511167,48.854979521719258],[2.365479081379135,48.855465667601095],[2.365608219567062,48.855489346240965],[2.365702554483656,48.855509555411899],[2.365769634499215,48.855608934935447]]}},
{"type":"Feature","properties":{"fid":1073},"geometry":{"type":"LineString","coordinates":[[2.361768282352998,48.857260853413869],[2.362822362552376,48.858703578775589]]}},
{"type":"Feature","properties":{"fid":1074},"geometry":{"type":"LineString","coordinates":[[2.363636405067829,48.851549196206008],[2.362738619577608,48.851202167388479],[2.362260071664285,48.851066645675544],[2.362378360193882,48.850845461865546]]}},
{"type":"Feature","properties":{"fid":1075},"geometry":{"type":"LineString","coordinates":[[2.362233204045926,48.85891721009299],[2.361671126603828,48.858442425078387],[2.360779154344107,48.857688955370527]]}},
{"type":"Feature","properties":{"fid":1076},"geometry":{"type":"LineString","coordinates":[[2.360756032199369,48.859947331665197],[2.358200225457486,48.861237052940446]]}},
{"type":"Feature","properties":{"fid":1077},"geometry":{"type":"LineString","coordinates":[[2.358737598415484,48.858696844940589],[2.359701151673873,48.859296221853796],[2.359782712549017,48.859346565055105],[2.360756032199369,48.859947331665197]]}},
{"type":"Feature","properties":{"fid":1078},"geometry":{"type":"LineString","coordinates":[[2.355134564077855,48.86067089860952],[2.355517943606544,48.860820102641405],[2.356179208253707,48.861293393104027],[2.356923573951911,48.861891949779],[2.35594544727986,48.862281690583259],[2.354300478206049,48.862719937696106]]}},
{"type":"Feature","properties":{"fid":1079},"geometry":{"type":"LineString","coordinates":[[2.353497056445249,48.861206150250773],[2.35300502637885,48.860308166818001],[2.35259704757963,48.859563556266139]]}},
{"type":"Feature","properties":{"fid":1080},"geometry":{"type":"LineString","coordinates":[[2.369013512529177,48.853992223675931],[2.369402187211965,48.854191355570222],[2.369958772311307,48.855480849207382],[2.370186626888694,48.856008721988182]]}},
{"type":"Feature","properties":{"fid":1081},"geometry":{"type":"LineString","coordinates":[[2.323075305379024,48.877207288533704],[2.321803429836719,48.877020111766996],[2.321643532932664,48.876819452784972],[2.32047488517734,48.876774849313335],[2.319296644035957,48.876715598531149],[2.319657538916599,48.875671535107834]]}},
{"type":"Feature","properties":{"fid":1082},"geometry":{"type":"LineString","coordinates":[[2.519034668691571,48.859212851498839],[2.520041565563582,48.859072363336985],[2.520534834845594,48.859567059104435],[2.52046911198829,48.860217183747459],[2.520086113655482,48.860721505512487],[2.520307791748996,48.861517312059298],[2.518268038824006,48.8613645882565],[2.518205572664321,48.860582557922761],[2.517966680943889,48.860575026348307],[2.517881268345572,48.860121381661727]]}},
{"type":"Feature","properties":{"fid":1083},"geometry":{"type":"LineString","coordinates":[[2.518205572664321,48.860582557922761],[2.518892682479633,48.860572183066786],[2.518654819862586,48.859375563739185],[2.514891311481976,48.859906180709956]]}},
{"type":"Feature","properties":{"fid":1084},"geometry":{"type":"LineString","coordinates":[[2.512139979120828,48.860359952328508],[2.509480967038789,48.860849315669505],[2.509136035718003,48.861351962875318]]}},
{"type":"Feature","properties":{"fid":1085},"geometry":{"type":"LineString","coordinates":[[2.507035714613237,48.863229556434426],[2.506286329342182,48.861742780069015],[2.505257983132732,48.859938468952713],[2.503305814177332,48.858964653103513],[2.502602259757433,48.858613542535885],[2.499729096560764,48.857136545355928],[2.498579421709128,48.856593025878801],[2.497202569992974,48.855864591541028],[2.496746586890201,48.855659016720011],[2.495788414819295,48.854879768466738],[2.494896645668677,48.854442412546341],[2.493447598708614,48.853982982997955],[2.492931852752882,48.853783709771044],[2.491385279781206,48.853120182958122],[2.490641808379588,48.85279510840207],[2.490587875625162,48.852523087616611],[2.490593575486074,48.852637231861422]]}},
{"type":"Feature","properties":{"fid":1086},"geometry":{"type":"LineString","coordinates":[[2.482124168111776,48.852483785453586],[2.481607456377441,48.852289864236823],[2.481206449472424,48.85229659306507],[2.479118246377019,48.85233161101133],[2.478197531064197,48.852317744866319],[2.477610629323875,48.852272481277353],[2.477603064744562,48.85227080205398],[2.476840819343205,48.852101591965173],[2.476563737476745,48.851936139013624],[2.476275943860155,48.851705133604057],[2.475921837542128,48.851420896666809],[2.475122266850628,48.850747287337491],[2.474099930654216,48.849981801817471]]}},
{"type":"Feature","properties":{"fid":1087},"geometry":{"type":"LineString","coordinates":[[2.451106499967501,48.844002024605174],[2.451210807141708,48.843639999385069],[2.451323333903495,48.843351448294939],[2.451365428050218,48.84313484087442],[2.451200447333505,48.842733331635493],[2.451013892076203,48.842561432332445]]}},
{"type":"Feature","properties":{"fid":1088},"geometry":{"type":"LineString","coordinates":[[2.45209798132329,48.842128577651934],[2.452761114259818,48.841029069339115],[2.452887942174487,48.84090828717536],[2.452935416289606,48.840660203132565],[2.452955177519196,48.840556936756826],[2.453229890082425,48.839986626396438],[2.453443298663506,48.839567138896946],[2.453625976080648,48.839378339513971],[2.454675128158771,48.838836950718857],[2.455116593875273,48.838497336186428],[2.455463612601175,48.838147435427118],[2.455535632589815,48.837942169573935],[2.455788730463302,48.837511650171614],[2.455942154492072,48.8368218982055]]}},
{"type":"Feature","properties":{"fid":1089},"geometry":{"type":"LineString","coordinates":[[2.457691806211427,48.83833118856834],[2.458049391254881,48.83883118880906],[2.457966017546966,48.839010778921043],[2.45754268366512,48.839709013905328],[2.457246458189089,48.839929365985491],[2.456874490046803,48.840285727808663],[2.45653069604262,48.840803174605583],[2.456323859643835,48.841283900101025],[2.456292810451362,48.841662726991743],[2.456377314097638,48.842149270042505],[2.456422767715691,48.842503779302895],[2.456557375096615,48.843017290170962],[2.456727721748039,48.843597482402238]]}},
{"type":"Feature","properties":{"fid":1090},"geometry":{"type":"LineString","coordinates":[[2.353318540932536,48.862839084929291],[2.352404471189912,48.863055757256596],[2.350996180370103,48.863389563142192],[2.350801673263562,48.863435665337292],[2.349962107809086,48.863634655077156]]}},
{"type":"Feature","properties":{"fid":1091},"geometry":{"type":"LineString","coordinates":[[2.349090636055116,48.86388325778119],[2.34510798182821,48.864822707864583],[2.345095204939352,48.864825721477366]]}},
{"type":"Feature","properties":{"fid":1092},"geometry":{"type":"LineString","coordinates":[[2.332968230111715,48.869009290799816],[2.332546091746198,48.870095773945344],[2.332655403859266,48.870343692122091]]}},
{"type":"Feature","properties":{"fid":1093},"geometry":{"type":"LineString","coordinates":[[2.325075198885638,48.869403801732687],[2.325009550059369,48.869925402528182],[2.325637674685694,48.870638463369367],[2.324398099227708,48.870999372480526]]}},
{"type":"Feature","properties":{"fid":1094},"geometry":{"type":"LineString","coordinates":[[2.472600435273807,48.846326616500129],[2.47209055983554,48.846123684118375],[2.47203363374905,48.845847506208557],[2.472841595207039,48.845680257281394],[2.472998807006074,48.845016663937962],[2.473007958754585,48.844978033732268],[2.47253400846121,48.843616018557924],[2.472518653330996,48.843568221763455],[2.472184220369376,48.842527190357607],[2.472112365775478,48.842540738661214],[2.467826232469366,48.843348805143847],[2.466193887891325,48.843692308460554]]}},
{"type":"Feature","properties":{"fid":1095},"geometry":{"type":"LineString","coordinates":[[2.456710011710317,48.850161244543401],[2.45665677988181,48.850906292623236],[2.456453716411893,48.85128641071276],[2.456388232528403,48.851837964603654],[2.456542979941446,48.852255021705936]]}},
{"type":"Feature","properties":{"fid":1096},"geometry":{"type":"LineString","coordinates":[[2.455136496714756,48.852578380868124],[2.455376572963065,48.85313993404057],[2.456458524675483,48.852933894437122],[2.456326050744056,48.852694205250742],[2.456210956266793,48.852331357856137],[2.455692709712489,48.851679704477284],[2.45526068405492,48.85113645248029],[2.454639145120288,48.850339476158197],[2.454340460763393,48.849799976790955]]}},
{"type":"Feature","properties":{"fid":1097},"geometry":{"type":"LineString","coordinates":[[2.428711020160208,48.844918208434486],[2.43143814465339,48.844611072049354]]}},
{"type":"Feature","properties":{"fid":1098},"geometry":{"type":"LineString","coordinates":[[2.437984196451552,48.844778071873563],[2.438139553158287,48.844914304390279],[2.438182674603399,48.845091263349723],[2.438209094304886,48.845399852988209]]}},
{"type":"Feature","properties":{"fid":1099},"geometry":{"type":"LineString","coordinates":[[2.438958386266232,48.845903603095209],[2.439791575685381,48.845840507278716]]}},
{"type":"Feature","properties":{"fid":1100},"geometry":{"type":"LineString","coordinates":[[2.439823190966104,48.846073992263172],[2.440930779609909,48.845946453838742]]}},
{"type":"Feature","properties":{"fid":1101},"geometry":{"type":"LineString","coordinates":[[2.453188375035569,48.84682881493611],[2.453387637080982,48.847467790329048]]}},
{"type":"Feature","properties":{"fid":1102},"geometry":{"type":"LineString","coordinates":[[2.459636080633667,48.84698760960665],[2.460253652134394,48.847851960571006]]}},
{"type":"Feature","properties":{"fid":1103},"geometry":{"type":"LineString","coordinates":[[2.464163726287796,48.846110903619852],[2.464547003851542,48.846154605281079],[2.464771595267518,48.846283698126562]]}},
{"type":"Feature","properties":{"fid":1104},"geometry":{"type":"LineString","coordinates":[[2.468033881094941,48.845225978397877],[2.469506017060695,48.844662540473152],[2.469595218544147,48.844590450799501],[2.469644613077882,48.844550531662904],[2.472518653330996,48.843568221763455],[2.474311258296264,48.842875165276226],[2.474782378042668,48.842693013489118],[2.475156487086601,48.842526034558666],[2.475358468511574,48.842435881713982],[2.476224916109433,48.842054881553544],[2.476320678905477,48.841958319447841],[2.47616055872724,48.841526804260532],[2.476025344906031,48.841162404491826],[2.475266430936718,48.840873496210271],[2.474228614083788,48.840478400274279],[2.473139502249771,48.840063760111434],[2.472758160315006,48.839918573944537],[2.473067904155633,48.838696809734415],[2.473656523258266,48.83637487664781],[2.472974109010772,48.836051557126467]]}},
{"type":"Feature","properties":{"fid":1105},"geometry":{"type":"LineString","coordinates":[[2.471379868952818,48.836035557497311],[2.471202492741547,48.836760192533319],[2.470773091850602,48.837743753791557],[2.470408668362122,48.838394421339096],[2.469991357953275,48.83888530263382],[2.469339829585234,48.839570670970723],[2.469083558398056,48.839837015381526],[2.46729721533709,48.839100147195502],[2.466910221023783,48.838940436879525],[2.466498829055798,48.838849442197876],[2.466140655207161,48.839115326001462],[2.466023039790776,48.83926183777735],[2.465798712123472,48.839415694018712],[2.465580321162909,48.839683764416058],[2.465366217940858,48.839995651674478],[2.465099376469758,48.84013523853568],[2.464864105302259,48.840194436035112]]}},
{"type":"Feature","properties":{"fid":1106},"geometry":{"type":"LineString","coordinates":[[2.465372397761516,48.839206683542855],[2.464988778773037,48.839366711906969],[2.464798441013205,48.839440943047684],[2.464457323774776,48.839659971433193],[2.464194850972619,48.839835552941047],[2.463987697902474,48.839931606533156],[2.463697977708302,48.839991312562773],[2.463685079794156,48.839862988700609],[2.463527571836341,48.83974027325408],[2.463484062860704,48.839593041407483],[2.463345609538321,48.8394610258227],[2.463308461203609,48.839284578623015]]}},
{"type":"Feature","properties":{"fid":1107},"geometry":{"type":"LineString","coordinates":[[2.464546437678404,48.838854180502409],[2.464216876829117,48.838845499887974],[2.463894793440605,48.838826850392962],[2.463608672190804,48.8387676915331],[2.463325517034723,48.838650669085411],[2.463096959405117,48.838524505687374],[2.462958708457337,48.838336237262759],[2.463055418460605,48.838186447221851],[2.463019930001091,48.838027067757686],[2.462991616487873,48.83747913202135],[2.462972229735779,48.837162466565047]]}},
{"type":"Feature","properties":{"fid":1108},"geometry":{"type":"LineString","coordinates":[[2.462714529184046,48.836848171849688],[2.46230163641266,48.836371690038717],[2.461827679579749,48.835943928053474],[2.461653678111531,48.83578688360091],[2.461353075232949,48.835525868727984],[2.461151440330276,48.835318482626931],[2.461096547572763,48.835127399642538],[2.46112056489481,48.835096223308511],[2.461173564587659,48.835011993810362],[2.461069796726381,48.83496459949194],[2.460979177840709,48.835020503335933],[2.46085084266769,48.835057466382558],[2.460749609669445,48.835108629524697],[2.460567736168905,48.835167250062838],[2.460282582986325,48.835245739293583],[2.460026681883715,48.835359555006384],[2.459684280083797,48.835474543678629],[2.45963847492896,48.835550201750998],[2.459502942250572,48.835938299643985],[2.459472270766444,48.836154024226559],[2.459474334696713,48.836640507673522],[2.459510301279443,48.837056754002063],[2.459447705340689,48.837151888836026],[2.459478218017486,48.83740855949484],[2.459723983230707,48.837702179656283],[2.459966146567728,48.837886287335152],[2.460173530110136,48.837996719047609],[2.460404836498985,48.83808535918201],[2.460525585201848,48.838095289153856],[2.460682313832396,48.83806314721069],[2.4612342263468,48.837854464214161],[2.461412117823561,48.837838058862182],[2.461633258206255,48.837763971646375],[2.461756731252692,48.837739499730496],[2.46189480878679,48.837677552027458],[2.461911968568434,48.837622099290421],[2.461891145713912,48.837458544258595],[2.461900617723187,48.837344398536544],[2.461961211276517,48.837213276296545],[2.461980958276239,48.837136718139924],[2.461959344266168,48.837049806479818],[2.461980332451973,48.836967779110182],[2.462031826856785,48.836799856589003],[2.46212547893352,48.836679832455673],[2.462157992736966,48.836514170825431],[2.462277272288466,48.836436495853469],[2.46230163641266,48.836371690038717]]}},
{"type":"Feature","properties":{"fid":1109},"geometry":{"type":"LineString","coordinates":[[2.461827679579749,48.835943928053474],[2.461173365258228,48.835948182484245],[2.46079752115225,48.836547151401611],[2.460311894806289,48.837220706350507],[2.460205564006422,48.837420447237889],[2.460386401234721,48.837806062182381],[2.460450966592381,48.837978417986328],[2.460525585201848,48.838095289153856],[2.460594218689125,48.838332578419269],[2.460623764713079,48.838590908289106],[2.460193167739025,48.839037246925486],[2.460216180137459,48.839141140148804],[2.459417894355799,48.839340884045164],[2.459439513780392,48.839541202059053],[2.459532318725512,48.839732456353886],[2.459738671055853,48.839942994064103],[2.459945511262948,48.840106606968376],[2.460113855490354,48.840326357667848],[2.460155083128101,48.840464195070247],[2.460279237622955,48.840555916446469],[2.460333426227703,48.840633935483652],[2.46041724358694,48.840778221759777],[2.460552675776236,48.840972795730394],[2.460877585212146,48.841177608897354],[2.46132127200418,48.841354800120008],[2.461797362088662,48.84160721790284],[2.462324824872213,48.841803304713899]]}},
{"type":"Feature","properties":{"fid":1110},"geometry":{"type":"LineString","coordinates":[[2.464561962010238,48.852033274244654],[2.463948501680309,48.85134626732706],[2.46354436349486,48.85155468503185],[2.463252024378606,48.851218008642213],[2.463010148958536,48.851136836087719],[2.462237997658721,48.851320747730533]]}},
{"type":"Feature","properties":{"fid":1111},"geometry":{"type":"LineString","coordinates":[[2.442920801433377,48.850635680713388],[2.442843448105484,48.847868731191063]]}},
{"type":"Feature","properties":{"fid":1112},"geometry":{"type":"LineString","coordinates":[[2.437106267710616,48.848251124149378],[2.437434616459277,48.84937896735908],[2.437470694772119,48.849502889445041],[2.43754324267898,48.849836036293617],[2.437176066716396,48.850124626921442],[2.437172390662492,48.850464981522144],[2.438098157358957,48.850424283571861],[2.438182638318724,48.850777864682165]]}},
{"type":"Feature","properties":{"fid":1113},"geometry":{"type":"LineString","coordinates":[[2.435083550314155,48.848404941969427],[2.435205794339474,48.849265663478327],[2.435210774570746,48.849505949739424],[2.435429642812289,48.849601783881333]]}},
{"type":"Feature","properties":{"fid":1114},"geometry":{"type":"LineString","coordinates":[[2.435380380486277,48.850430267238615],[2.436816283016973,48.850439381294848],[2.436907198141983,48.850439957777205],[2.437172390662492,48.850464981522144]]}},
{"type":"Feature","properties":{"fid":1115},"geometry":{"type":"LineString","coordinates":[[2.436816283016973,48.850439381294848],[2.436918402620458,48.850864618820331]]}},
{"type":"Feature","properties":{"fid":1116},"geometry":{"type":"LineString","coordinates":[[2.441260684133404,48.850720666359791],[2.442494856007599,48.851888927009831],[2.443125437707582,48.851791754305367],[2.443625264348254,48.851864155962765],[2.444103300036489,48.851846356025952],[2.444471366233626,48.851816948570963],[2.444775762476139,48.851767947565442],[2.446295028346707,48.851378258448442]]}},
{"type":"Feature","properties":{"fid":1117},"geometry":{"type":"LineString","coordinates":[[2.447881773139728,48.850994175050467],[2.447620919781928,48.85029510950492]]}},
{"type":"Feature","properties":{"fid":1118},"geometry":{"type":"LineString","coordinates":[[2.449624406426445,48.850144151078723],[2.449678265718769,48.849730840799324]]}},
{"type":"Feature","properties":{"fid":1119},"geometry":{"type":"LineString","coordinates":[[2.453169482986395,48.849621480773678],[2.453292227876192,48.849874706875617]]}},
{"type":"Feature","properties":{"fid":1120},"geometry":{"type":"LineString","coordinates":[[2.340434045743379,48.856115591137289],[2.340117329640623,48.856113318944566],[2.339453718581503,48.855804322558178],[2.338651509499001,48.855359408072658],[2.339581375869533,48.855022700127243]]}},
{"type":"Feature","properties":{"fid":1121},"geometry":{"type":"LineString","coordinates":[[2.339310669592475,48.854698208468903],[2.340580956983418,48.854286128470982]]}},
{"type":"Feature","properties":{"fid":1122},"geometry":{"type":"LineString","coordinates":[[2.339126388524364,48.853561141907733],[2.339165286337719,48.853725448735766],[2.338993121833542,48.854142457096984],[2.33888912964418,48.8541929052382]]}},
{"type":"Feature","properties":{"fid":1123},"geometry":{"type":"LineString","coordinates":[[2.346431116804072,48.859070456147393],[2.346931827049431,48.859469302127678]]}},
{"type":"Feature","properties":{"fid":1124},"geometry":{"type":"LineString","coordinates":[[2.343775274577558,48.852760446918481],[2.343236633592237,48.852887833598992],[2.342644240990061,48.85303383067864],[2.340718836342487,48.852938143741753],[2.340949633839256,48.853393095359905]]}},
{"type":"Feature","properties":{"fid":1125},"geometry":{"type":"LineString","coordinates":[[2.340718836342487,48.852938143741753],[2.340610325000215,48.852522088849952],[2.341476855368657,48.852376695886591],[2.341848241867429,48.852398761325205],[2.341435926316275,48.851801191617717]]}},
{"type":"Feature","properties":{"fid":1126},"geometry":{"type":"LineString","coordinates":[[2.473350655826651,48.820204473481986],[2.473325571322026,48.820349945766864],[2.473533134514342,48.820438457575371],[2.47386421965643,48.820493099169539],[2.474205852992017,48.820441417517756],[2.47468693017783,48.82065626931557],[2.475584029809348,48.820960542063993],[2.476331267003573,48.821092084864588],[2.477041266662531,48.821157761853819],[2.478647223785468,48.821171031510858],[2.479120944791986,48.821176224461013],[2.479537440887835,48.821218708331941],[2.480118628344691,48.821374532429807],[2.480528081199561,48.821498795325269],[2.479748586668519,48.822374038593388],[2.480595898947286,48.822460412290688],[2.480176989058038,48.823556571285835],[2.479742745104358,48.825062317324367],[2.479506385503003,48.826241443918086],[2.479294183424001,48.827249520907074]]}},
{"type":"Feature","properties":{"fid":1127},"geometry":{"type":"LineString","coordinates":[[2.483156953612062,48.82010624719274],[2.483547132074087,48.820103580480392],[2.484091752340862,48.820196787951012],[2.483854709272711,48.821136374279632]]}},
{"type":"Feature","properties":{"fid":1128},"geometry":{"type":"LineString","coordinates":[[2.488534771988363,48.822451997607509],[2.489874255274722,48.82276492439113],[2.491773310724302,48.823336136875859],[2.494532499574661,48.824136207792804],[2.495137604881883,48.824276416878405],[2.495684951762253,48.824510233549262],[2.495628730011361,48.824662018832811]]}},
{"type":"Feature","properties":{"fid":1129},"geometry":{"type":"LineString","coordinates":[[2.492806835505692,48.831884336766777],[2.49269737066614,48.832084124294916],[2.49268946596964,48.832409449962306],[2.492518987676218,48.83288425156212],[2.492530188503809,48.833194015797524],[2.491933274803526,48.833175839451357],[2.49188148542373,48.833141206482281],[2.491748804193369,48.833140642745363],[2.491663143043636,48.833177820127702],[2.491520740367064,48.833202242432662],[2.491164977381344,48.833238270879164],[2.491019088022568,48.833134411239648],[2.490895792390797,48.83314327185137],[2.49074333154715,48.833227091000985],[2.490620219062452,48.83321718139927],[2.490540121096519,48.83316991347634],[2.49043599383164,48.833156956097312],[2.490288821429997,48.833184485069324],[2.489727185203006,48.832979655157878]]}},
{"type":"Feature","properties":{"fid":1130},"geometry":{"type":"LineString","coordinates":[[2.489354730078359,48.833365804927432],[2.48905710388108,48.833629726698341],[2.488888214197689,48.833938721709508],[2.48874591388483,48.834435536998782],[2.488636172917186,48.834906235769914]]}},
{"type":"Feature","properties":{"fid":1131},"geometry":{"type":"LineString","coordinates":[[2.485697429837119,48.836457961917425],[2.485625526736218,48.836696539143858],[2.485441444018497,48.837056454679107]]}},
{"type":"Feature","properties":{"fid":1132},"geometry":{"type":"LineString","coordinates":[[2.484536051429925,48.837103327390523],[2.484323577913407,48.838042368992063],[2.484191542034617,48.83817324531892],[2.483404404579332,48.838454536473861],[2.482523370524041,48.838884017062448],[2.481558566597447,48.839633792765255],[2.480998937894243,48.840094909398935]]}},
{"type":"Feature","properties":{"fid":1133},"geometry":{"type":"LineString","coordinates":[[2.479821915610081,48.841047434909548],[2.479162701074904,48.841303354320374],[2.478989305872411,48.841370768885184],[2.478701169137864,48.841482793021214],[2.477830417189803,48.841823122802616],[2.477441253260317,48.841874606804858],[2.476320678905477,48.841958319447841]]}},
{"type":"Feature","properties":{"fid":1134},"geometry":{"type":"LineString","coordinates":[[2.463147632150562,48.842219250822055],[2.462284362761721,48.84091739777287],[2.462424290973225,48.840217256454729],[2.46266259326679,48.839513109654412],[2.462958708457337,48.838336237262759]]}},
{"type":"Feature","properties":{"fid":1135},"geometry":{"type":"LineString","coordinates":[[2.313264496050752,48.867512210074516],[2.313543884124281,48.867901735365741],[2.3103630968486,48.868890797215215],[2.31003158627478,48.868857602598247],[2.309803649182689,48.868881315665114],[2.306416586707934,48.867092835929974]]}},
{"type":"Feature","properties":{"fid":1136},"geometry":{"type":"LineString","coordinates":[[2.302782627628451,48.869274388713308],[2.301119161620671,48.868416463653546],[2.299102516651293,48.867376318350942],[2.298308578818299,48.866966800046384],[2.296618231986203,48.86609486864706],[2.295833441323937,48.865690031905807],[2.294153208689869,48.86488392750266]]}},
{"type":"Feature","properties":{"fid":1137},"geometry":{"type":"LineString","coordinates":[[2.296618231986203,48.86609486864706],[2.29749708869538,48.86576733414762],[2.297632191350296,48.864848102540435]]}},
{"type":"Feature","properties":{"fid":1138},"geometry":{"type":"LineString","coordinates":[[2.298831434894389,48.867741368087295],[2.299039900180693,48.867755102807799],[2.299102516651293,48.867376318350942]]}},
{"type":"Feature","properties":{"fid":1139},"geometry":{"type":"LineString","coordinates":[[2.298308578818299,48.866966800046384],[2.298674716977337,48.866701816325666],[2.298552783820738,48.866600992456824]]}},
{"type":"Feature","properties":{"fid":1140},"geometry":{"type":"LineString","coordinates":[[2.434580820036075,48.8499191938294],[2.434586436305843,48.850812302794886],[2.434589250302725,48.851259777681406],[2.434806602804092,48.852199329025545],[2.434887143551845,48.852415656417676],[2.435248824393767,48.853387085122691],[2.436010883496846,48.85481097661404],[2.436608543111793,48.855658461277393],[2.437313395069153,48.856459520304846],[2.437573067073041,48.856998825862057],[2.437636263952228,48.857293192355087],[2.43794787376695,48.857413535490821],[2.438352345431096,48.857715760715195],[2.4384720684182,48.857773814110402],[2.438652590357727,48.858011238798589],[2.43872527096712,48.858526200736577],[2.438712621340244,48.858820210452009],[2.439638643804109,48.859174323024419],[2.43972307623969,48.859206609530517],[2.440753100972784,48.859758896036496],[2.441149755270906,48.860793117377881],[2.441453588752185,48.860756995192858],[2.441791292059368,48.861984898045428],[2.442854863984234,48.861845948540179],[2.442554529732637,48.860668276922013],[2.44349453717259,48.860553773160554],[2.443157003603777,48.859307104116752],[2.443048303138322,48.858831082712499],[2.443156348211195,48.858481205514771],[2.444074820894369,48.857629780783761]]}},
{"type":"Feature","properties":{"fid":1141},"geometry":{"type":"LineString","coordinates":[[2.444074820894369,48.857629780783761],[2.445440915647035,48.856290396045644]]}},
{"type":"Feature","properties":{"fid":1142},"geometry":{"type":"LineString","coordinates":[[2.257884964734849,48.847601414354784],[2.25788948850522,48.847533397877633],[2.2573242324232,48.847532236675988],[2.257144248708449,48.847688325622016],[2.256950077846677,48.847841979807527],[2.256203218183876,48.847860802573067],[2.25621183482761,48.847755269792167],[2.255511256552129,48.847769683224143],[2.254198735705157,48.847815474898461],[2.253791196148215,48.847831998437663],[2.253697162038205,48.847835810816918],[2.253367533165119,48.847765709607096],[2.253071075960706,48.847613691821081],[2.252923318884321,48.847504836477171],[2.253081716522588,48.847367389939237],[2.253094768525934,48.847200879486685],[2.25273200716629,48.847210346036121],[2.252733117366817,48.847132922904095],[2.25251617177734,48.847138606750185],[2.252512158131872,48.846922716000712],[2.252468010961834,48.846530596931878],[2.252241413407343,48.846465828942151],[2.25217062072491,48.846444269143305],[2.252182463409447,48.846362220309793],[2.252174958568307,48.846414215600589],[2.253045837230099,48.846398116707597],[2.253094768525934,48.847200879486685],[2.253521550381122,48.847189464943092],[2.253755867086317,48.847212044010881],[2.253843730213337,48.847282982979955],[2.254170943473169,48.847273291456126],[2.254330810579351,48.847281327059086],[2.254525554914654,48.847336507071965],[2.254713693265978,48.847356450141],[2.254829795460094,48.847441642465043],[2.25524470728994,48.847514616949447],[2.255550726666395,48.847495404255795],[2.255721962906253,48.847454235088705],[2.255993974036856,48.847326876934801],[2.256161420113749,48.847302108118903],[2.256342382317652,48.847326696735898],[2.256498126035533,48.847374592000392],[2.256778624450629,48.847399798484943],[2.257232508323466,48.847482393614285],[2.2573242324232,48.847532236675988],[2.25788948850522,48.847533397877633],[2.258259327500374,48.84752630592866],[2.258352637530655,48.847714593447371],[2.258440140517374,48.847811336722259],[2.258788652139014,48.847804110932387],[2.25898420382218,48.847802975922107],[2.259616972242772,48.847806893439362],[2.259921992147967,48.8478580542522],[2.26037246330098,48.847931230821786],[2.261275704232615,48.847915694082808],[2.262228081943475,48.847945034411474],[2.262930954620239,48.848019757505249],[2.263538675917991,48.848035231756278],[2.263922041364426,48.848077479125813],[2.264379994145004,48.848124876611649],[2.264772832837274,48.848264552703363],[2.264173318242902,48.847981881937685],[2.263742630902737,48.847942632618043]]}},
{"type":"Feature","properties":{"fid":1143},"geometry":{"type":"LineString","coordinates":[[2.253843730213337,48.847282982979955],[2.253941687118647,48.847393873026],[2.253996348038863,48.847549073942382],[2.253959489537884,48.847640352319637],[2.253836608537908,48.847780367854533],[2.253791196148215,48.847831998437663]]}},
{"type":"Feature","properties":{"fid":1144},"geometry":{"type":"LineString","coordinates":[[2.467645826045233,48.851034177005275],[2.468082116716837,48.851122029010476],[2.46839377587439,48.851240729391819],[2.468577975749362,48.851307244195247],[2.468804407969496,48.851416179695939],[2.469024352301794,48.851464082044593],[2.469216046563543,48.851493088231997],[2.46944205093654,48.851644254075225],[2.469576384947004,48.851719931394697],[2.469865964767874,48.851889918425456],[2.469922744184876,48.85192324844872],[2.470125464663854,48.852266706606891],[2.470265743077122,48.852457378238434],[2.470263787242086,48.852649766346225],[2.470133983782417,48.852827510528748],[2.469696226070626,48.853219749786007],[2.469374905813432,48.853455907621466]]}},
{"type":"Feature","properties":{"fid":1145},"geometry":{"type":"LineString","coordinates":[[2.471206784743228,48.857372150532036],[2.470589056955561,48.857029396425453],[2.470619170274314,48.856865289159664],[2.470611193542132,48.856250524971379],[2.470544629970303,48.855102892029684],[2.470625233598672,48.854868618966414],[2.470765454759017,48.854750476868013],[2.470530783273769,48.854366093384847],[2.470228119670173,48.854059734942041],[2.470009642830755,48.853866370923356],[2.469984966785976,48.85376689095672]]}},
{"type":"Feature","properties":{"fid":1146},"geometry":{"type":"LineString","coordinates":[[2.469734974361772,48.853711288070038],[2.470444669595069,48.853218371912284],[2.471116785567657,48.852855321677104],[2.471358979998799,48.852721087481839],[2.47164596747714,48.852562025571793],[2.472539537421889,48.852096707578262],[2.473371920644591,48.851682519790181]]}},
{"type":"Feature","properties":{"fid":1147},"geometry":{"type":"LineString","coordinates":[[2.469500475621926,48.84802958215829],[2.468125875126516,48.848018673154463]]}},
{"type":"Feature","properties":{"fid":1148},"geometry":{"type":"LineString","coordinates":[[2.327790466509074,48.875724147993274],[2.327290122864898,48.877110771895168],[2.326948179056542,48.877887186275316],[2.325924773741284,48.878163610866977],[2.321832485495552,48.879500557589758],[2.321537615331219,48.879475620667961],[2.318491083817293,48.879315193417504],[2.318216251098296,48.879521274317611],[2.317691382372617,48.880076698469587],[2.316578637149702,48.881242317054067],[2.315647610661611,48.88116426413184],[2.315292951444728,48.881352284689825],[2.31516681459445,48.8814759158657],[2.310902986369106,48.88243219334089],[2.30900504369011,48.882834198696031],[2.308193657884819,48.882988670905199],[2.307708162822631,48.883081096723927],[2.307690360881325,48.882980284749436]]}},
{"type":"Feature","properties":{"fid":1149},"geometry":{"type":"LineString","coordinates":[[2.308193657884819,48.882988670905199],[2.305583390760836,48.881712824567011],[2.308832453596576,48.880393993718918],[2.308948372595556,48.880134479071849],[2.308839254359186,48.880047036769135],[2.308428749325488,48.87988511900322],[2.308052511290342,48.879788487722934]]}},
{"type":"Feature","properties":{"fid":1150},"geometry":{"type":"LineString","coordinates":[[2.308434274686082,48.878279615548955],[2.309057928342248,48.87831204989434],[2.309374188581976,48.878337337654408],[2.309764710506381,48.87839590074902],[2.310115329458803,48.878512889712056],[2.310628174690772,48.878736394658183],[2.311165520109593,48.878990539984365],[2.311451064941652,48.879186924072059],[2.311773724304159,48.879536029086822],[2.311751272150508,48.879638951214474]]}},
{"type":"Feature","properties":{"fid":1151},"geometry":{"type":"LineString","coordinates":[[2.31429795995587,48.879429599351539],[2.316506644396289,48.88049344367235],[2.317232927378968,48.879364335215904],[2.318216251098296,48.879521274317611]]}},
{"type":"Feature","properties":{"fid":1152},"geometry":{"type":"LineString","coordinates":[[2.326681668376184,48.875205550178975],[2.327003525492201,48.875202804919986],[2.327362835627923,48.875198958728276],[2.327695515318531,48.875191442467816],[2.328480971335485,48.875166488495488]]}},
{"type":"Feature","properties":{"fid":1153},"geometry":{"type":"LineString","coordinates":[[2.547281500664124,48.840838310311256],[2.54866822042196,48.840836376366873]]}},
{"type":"Feature","properties":{"fid":1154},"geometry":{"type":"LineString","coordinates":[[2.550153706434626,48.840795742243991],[2.550629920140406,48.841004240555904],[2.550421167867254,48.84130378404533],[2.550370028033465,48.84146314097535],[2.55058317934974,48.841478019800412],[2.550572954612062,48.841839313155603],[2.551203728715431,48.842066926942756],[2.551593400967648,48.842223244591629],[2.551714378353524,48.842209620139585],[2.551842021025303,48.842247639328512],[2.551862541670066,48.842341568547148],[2.552359098250856,48.842470128296888],[2.552494012427601,48.842489403521398],[2.552649741185298,48.842742048693665],[2.553241175311562,48.843240668148866],[2.553532376622278,48.843274603565476],[2.553595918556905,48.843326459426073],[2.553524141722364,48.843405965976658],[2.553608650179715,48.843500133576086],[2.553566557975545,48.843621855408095]]}},
{"type":"Feature","properties":{"fid":1155},"geometry":{"type":"LineString","coordinates":[[2.553158926338476,48.843562461847277],[2.552881562212379,48.843722663672132],[2.551896067492241,48.844230470894992],[2.551707023573136,48.844717793902035],[2.551662973693689,48.844879523765229],[2.551612843449876,48.844921569347086],[2.551682768469107,48.845057916975861],[2.551910476790949,48.845035307035957],[2.552081308315009,48.845012483727849],[2.552280336105817,48.845017921334453],[2.552471891709114,48.845065564107614],[2.552584919906904,48.845150453759139],[2.552584783804869,48.845265014511334]]}},
{"type":"Feature","properties":{"fid":1156},"geometry":{"type":"LineString","coordinates":[[2.553156108574627,48.846227979934653],[2.552782372562244,48.847779039550211],[2.552969549202643,48.84784072559772],[2.554054907490859,48.847847147626183],[2.554527750111462,48.847845389684181],[2.55444558521746,48.848226056236761],[2.554451354822415,48.848464527318747],[2.554307548597699,48.848651695306032],[2.554294525710711,48.848859971110947],[2.555053974775463,48.848830292746825],[2.554991293160213,48.848218969690585]]}},
{"type":"Feature","properties":{"fid":1157},"geometry":{"type":"LineString","coordinates":[[2.554956966013725,48.84791417990796],[2.554527750111462,48.847845389684181]]}},
{"type":"Feature","properties":{"fid":1158},"geometry":{"type":"LineString","coordinates":[[2.421825695515193,48.844449515844389],[2.422231924003758,48.844264624790689],[2.422699284638123,48.843792922363299],[2.423096024576108,48.843295636622884]]}},
{"type":"Feature","properties":{"fid":1159},"geometry":{"type":"LineString","coordinates":[[2.419377386278948,48.84259492881398],[2.419670143046951,48.842871409084985],[2.419824665080779,48.843041094542123],[2.419892623581642,48.843322983980372],[2.419892009878079,48.843378119805024],[2.419891108906665,48.843459063883088],[2.420498855212815,48.843790495770982],[2.421439499772814,48.844236158678967],[2.421825695515193,48.844449515844389]]}},
{"type":"Feature","properties":{"fid":1160},"geometry":{"type":"LineString","coordinates":[[2.421156525503118,48.842772046073833],[2.420729558166674,48.84286363885564],[2.42053643577521,48.842968288532667],[2.420232388705327,48.843138097670639],[2.419892009878079,48.843378119805024]]}},
{"type":"Feature","properties":{"fid":1161},"geometry":{"type":"LineString","coordinates":[[2.347382562410254,48.935443788439336],[2.347619328720222,48.935525543410158],[2.348994324763455,48.934650699087442],[2.350109589054581,48.934711216102578],[2.350156090750357,48.934297539779621],[2.35398625891822,48.934416282126037],[2.354724007187532,48.934172891772079],[2.355780058726445,48.933756027251263],[2.35585501289771,48.934045090765089],[2.355866690093947,48.934437296150499],[2.35482433501177,48.934497046553972],[2.354801630182619,48.934328085149282],[2.354724007187532,48.934172891772079]]}},
{"type":"Feature","properties":{"fid":1162},"geometry":{"type":"LineString","coordinates":[[2.350156090750357,48.934297539779621],[2.350178820142736,48.933842886163667],[2.349253684107161,48.934445143359703],[2.348994324763455,48.934650699087442]]}},
{"type":"Feature","properties":{"fid":1163},"geometry":{"type":"LineString","coordinates":[[4.366026342663442,43.832338184531856],[4.365892737099258,43.83242100134639],[4.362944960426975,43.834248110124229],[4.361782945234488,43.834206595017839],[4.361059629726759,43.83466133903849],[4.360837319989569,43.834801101414449],[4.360353023675398,43.835266582554723],[4.35994023576449,43.835484641221463],[4.359273964828724,43.835459328700409],[4.358802224881425,43.835151442643685],[4.358612784678001,43.834996920579506],[4.358479359162431,43.835245111104435],[4.35863701864053,43.836016351208642],[4.359060537722573,43.83624919951292]]}},
{"type":"Feature","properties":{"fid":1164},"geometry":{"type":"LineString","coordinates":[[4.358479359162431,43.835245111104435],[4.355762364972759,43.837522888110271],[4.355469897312439,43.838359299484793],[4.355131698212482,43.83932646460557],[4.352596461469192,43.838831255158674],[4.352433372267132,43.839135835573209],[4.351966674162923,43.839040768147363],[4.35080339113903,43.839604266938146],[4.350205072670438,43.839835791699187],[4.348901013353313,43.839683837466545],[4.34874809151983,43.839764169373765],[4.348680222729139,43.840168419413374],[4.348669504138477,43.840370257421434],[4.34867346982893,43.840538296315586],[4.348953915651875,43.840613269665191],[4.349777927783181,43.840759958776928],[4.349873439214329,43.840870835573647],[4.349054978810682,43.840959401662133],[4.348391820800313,43.841068453738991],[4.348394992736412,43.841202884919099],[4.349283038786075,43.841438433329714],[4.349115163984687,43.841541362480285],[4.349227211199634,43.841696858875494],[4.349190629933841,43.842114730091723],[4.3493544027767,43.842493704204976],[4.349219597066132,43.842685871520011],[4.34926139792064,43.843144795595741],[4.349710265459043,43.843139242858747],[4.349731431654347,43.842724363364646],[4.349689362745723,43.842254236985333],[4.350004078363556,43.841813313524739],[4.350653352784343,43.841771658819439],[4.349591601255107,43.841392594256106],[4.35016242397572,43.841307089510423],[4.350625166084736,43.841234125875381],[4.350809693261151,43.840525871220599],[4.350207659623807,43.840600559877437],[4.349770849833084,43.840460289458285],[4.350205072670438,43.839835791699187],[4.349735594398049,43.839781088091279],[4.349825216469482,43.839484706812428],[4.349825216469482,43.839484706812428],[4.349638167247551,43.8394309919927],[4.349852596407692,43.838677546440117],[4.349892412088162,43.838396907437783],[4.350391577409691,43.83855601530945],[4.350790800539275,43.838416602034933],[4.35117957721025,43.838490227902831],[4.351415969612873,43.838666593126611],[4.352596461469192,43.838831255158674],[4.353517653063516,43.838506064412151],[4.355311937298556,43.838811029880972]]}},
{"type":"Feature","properties":{"fid":1165},"geometry":{"type":"LineString","coordinates":[[3.696376311331474,43.412523940296623],[3.69654515632966,43.412070997057398],[3.694544982581019,43.411646104851869],[3.693673433944381,43.411651690177123],[3.692694513785745,43.412392223277003],[3.692523768991146,43.412689846552581],[3.690641110670389,43.413986837497703],[3.690430427728303,43.414185868461381],[3.690528795221876,43.414312326429304],[3.691861668043524,43.414007289173917],[3.692379863320025,43.413608602348226],[3.691851825020446,43.413188359882568]]}},
{"type":"Feature","properties":{"fid":1166},"geometry":{"type":"LineString","coordinates":[[4.358612784678001,43.834996920579506],[4.358614659337208,43.834633742904217],[4.358882916112681,43.834425571888893],[4.359326582315239,43.834208151213502],[4.359598601072635,43.83411915904383],[4.359820360956847,43.834046608589077],[4.361059629726759,43.83466133903849],[4.362483170124465,43.835644950921882],[4.363152366903567,43.835474138678158],[4.36334357035977,43.834899638821462],[4.363176382748578,43.834435564785565],[4.362944960426975,43.834248110124229]]}},
{"type":"Feature","properties":{"fid":1167},"geometry":{"type":"LineString","coordinates":[[4.355469897312439,43.838359299484793],[4.35640157582194,43.83851419871965],[4.358291073075772,43.838774976174562]]}},
{"type":"Feature","properties":{"fid":1168},"geometry":{"type":"LineString","coordinates":[[4.358291073075772,43.838774976174562],[4.359210029960721,43.838948935584732]]}},
{"type":"Feature","properties":{"fid":1169},"geometry":{"type":"LineString","coordinates":[[4.35879790671417,43.843470044389043],[4.358242464889359,43.843914874756209],[4.356945258906976,43.843740313993038],[4.35569928991451,43.843462686057713],[4.355526131368907,43.843362422715529],[4.355452563748766,43.843140848831851],[4.356341557684966,43.841124759559406],[4.356027451901888,43.841047438964544],[4.356347092860432,43.840330091816952],[4.355675194122957,43.839824603812616],[4.35524489097821,43.839579210882654],[4.355131698212482,43.83932646460557]]}},
{"type":"Feature","properties":{"fid":1170},"geometry":{"type":"LineString","coordinates":[[4.361844211676696,43.841282221231346],[4.361737749354187,43.842343017463492],[4.36151825011648,43.843830778195439],[4.35955052140696,43.843622236171178],[4.359816480429433,43.842700716001865],[4.35879790671417,43.843470044389043]]}},
{"type":"Feature","properties":{"fid":1171},"geometry":{"type":"LineString","coordinates":[[4.359598601072635,43.83411915904383],[4.358849759182593,43.833543983376423],[4.358726142734112,43.833679721778054],[4.358955528685854,43.833888756270063],[4.359326582315239,43.834208151213502]]}},
{"type":"Feature","properties":{"fid":1172},"geometry":{"type":"LineString","coordinates":[[4.359820360956847,43.834046608589077],[4.360779269971976,43.832213258975216],[4.361796552158888,43.832320634453474],[4.362013834073518,43.832430930498433],[4.364245434883078,43.831089308339251],[4.365892737099258,43.83242100134639],[4.36641407949674,43.833036291041921],[4.364402489612267,43.835420544028992],[4.363211613455798,43.836219437186941],[4.362641798004922,43.836057042981203],[4.362483170124465,43.835644950921882]]}},
{"type":"Feature","properties":{"fid":1173},"geometry":{"type":"LineString","coordinates":[[4.362635522480191,43.839170181630642],[4.363461685812062,43.839032722213858],[4.363929112642127,43.839401223233047],[4.364300150441984,43.83941070944924],[4.364775342596898,43.84010401302185],[4.362904662652819,43.840226285277204],[4.362938992801285,43.840847410096501],[4.361844211676696,43.841282221231346]]}},
{"type":"Feature","properties":{"fid":1174},"geometry":{"type":"LineString","coordinates":[[2.448546375014243,48.853223326853616],[2.448292536445533,48.853017774141193],[2.446144493792334,48.85390388416625],[2.444964066360502,48.854244529875409],[2.444245723470954,48.854410579517548],[2.442961531542951,48.854983336252836],[2.442263352932943,48.855262390343775],[2.441395789641746,48.85537832362202],[2.440619185331654,48.855489382619723],[2.43957981389194,48.855668018365421],[2.437313395069153,48.856459520304846],[2.436221022228045,48.856696773487137],[2.436493674906245,48.857199150888313],[2.433193409331676,48.857257669504023],[2.433576265092169,48.858399352671121]]}},
{"type":"Feature","properties":{"fid":1175},"geometry":{"type":"LineString","coordinates":[[2.431697156479143,48.858502378670288],[2.431767997938317,48.860218647576453],[2.43173206180141,48.860571358482673],[2.431494280350146,48.861777083197595],[2.429742513825798,48.861549962403579],[2.429304903132514,48.861463184849335],[2.428698324421359,48.861177985613885],[2.428047186724436,48.861054895727463],[2.427369761599682,48.861000710739866],[2.426543603948538,48.861180221353017],[2.426232886584585,48.861653166946105],[2.425802963536129,48.862325108103903],[2.42521882772248,48.86291514420207],[2.424748677139833,48.8638374330217],[2.424455037096443,48.8642735932196],[2.424033811970359,48.86463856253021],[2.423205635204733,48.865043915350633],[2.422201782747778,48.864890863442341],[2.421890480973372,48.864988166662428],[2.421099470020091,48.864934939920794],[2.419672869886869,48.864800994006295],[2.419173080205545,48.864725771805197]]}},
{"type":"Feature","properties":{"fid":1176},"geometry":{"type":"LineString","coordinates":[[2.459171737987383,48.850834984232158],[2.459392515285931,48.851078177737449],[2.457337625055296,48.851682893028574]]}},
{"type":"Feature","properties":{"fid":1177},"geometry":{"type":"LineString","coordinates":[[2.353008094588285,48.862255708109842],[2.3520396080829,48.86238780278206],[2.351940189350191,48.862210822614486],[2.351183828348093,48.862390223947138],[2.350886025934782,48.861827204090815]]}},
{"type":"Feature","properties":{"fid":1178},"geometry":{"type":"LineString","coordinates":[[2.352687077847074,48.8616524529656],[2.352559240160111,48.861675143297205],[2.352446013969901,48.861456157520735],[2.352445577711514,48.861456261289334]]}},
{"type":"Feature","properties":{"fid":1179},"geometry":{"type":"LineString","coordinates":[[2.324702482934634,48.865336057779984],[2.324514387039373,48.864801918007089]]}},
{"type":"Feature","properties":{"fid":1180},"geometry":{"type":"LineString","coordinates":[[2.328177195224236,48.863251989234485],[2.328881985792071,48.863026821096824],[2.329190359767682,48.86316970369316],[2.329543791255287,48.863136395781879],[2.329741318008499,48.862749329462126],[2.332501815603337,48.861861373959748],[2.333520826514401,48.861641207170557],[2.333861112553453,48.861798370983792],[2.334424117603648,48.861850863673446],[2.335154921215274,48.861661177273334]]}},
{"type":"Feature","properties":{"fid":1181},"geometry":{"type":"LineString","coordinates":[[2.33967007046714,48.862087727660374],[2.340808404325672,48.862626646561452]]}},
{"type":"Feature","properties":{"fid":1182},"geometry":{"type":"LineString","coordinates":[[2.441255810061602,48.847860946152004],[2.441075769417216,48.849347679045778]]}},
{"type":"Feature","properties":{"fid":1183},"geometry":{"type":"LineString","coordinates":[[2.441033642400441,48.850040370698963],[2.441260684133404,48.850720666359791]]}},
{"type":"Feature","properties":{"fid":1184},"geometry":{"type":"LineString","coordinates":[[2.442494856007599,48.851888927009831],[2.443294299514569,48.852575574301753],[2.443391063040589,48.852847368589103],[2.443678389683855,48.853372912851043],[2.444245723470954,48.854410579517548]]}},
{"type":"Feature","properties":{"fid":1185},"geometry":{"type":"LineString","coordinates":[[2.444964066360502,48.854244529875409],[2.444789353053348,48.853221417098517]]}},
{"type":"Feature","properties":{"fid":1186},"geometry":{"type":"LineString","coordinates":[[2.444739721143895,48.85302547321222],[2.443678389683855,48.853372912851043]]}},
{"type":"Feature","properties":{"fid":1187},"geometry":{"type":"LineString","coordinates":[[2.443294299514569,48.852575574301753],[2.443387535663194,48.852524251791479],[2.444054116905002,48.852529703361284],[2.444658768922773,48.852659549345923],[2.444690596340198,48.852831529844529]]}},
{"type":"Feature","properties":{"fid":1188},"geometry":{"type":"LineString","coordinates":[[2.444658768922773,48.852659549345923],[2.444471366233626,48.851816948570963]]}},
{"type":"Feature","properties":{"fid":1189},"geometry":{"type":"LineString","coordinates":[[2.443625264348254,48.851864155962765],[2.443333922944663,48.8506063409775]]}},
{"type":"Feature","properties":{"fid":1190},"geometry":{"type":"LineString","coordinates":[[2.444094101282118,48.850063591910029],[2.44406636048242,48.849711392565659],[2.444078409308223,48.849584410105614],[2.444115171645239,48.849478606160048]]}},
{"type":"Feature","properties":{"fid":1191},"geometry":{"type":"LineString","coordinates":[[2.444267659528531,48.84927394282137],[2.444533308543262,48.84904543307546],[2.445065639621681,48.848598563341376],[2.44574116472422,48.848093540386856],[2.445809483838099,48.848008902893262]]}},
{"type":"Feature","properties":{"fid":1192},"geometry":{"type":"LineString","coordinates":[[2.437992462671434,48.849331530965856],[2.437434616459277,48.84937896735908],[2.437273319942127,48.849258526680217],[2.437006083041692,48.849247859219417],[2.436747144904636,48.849129012179297],[2.436565049923936,48.849156385585808],[2.436422495086603,48.849153361609609],[2.436407753661732,48.849197990931806],[2.436347182440082,48.849195353026332],[2.436283479324723,48.8491527067047],[2.435969268049166,48.849200629752744],[2.435687595354878,48.849206359255071],[2.435592051826234,48.848366276207855]]}},
{"type":"Feature","properties":{"fid":1193},"geometry":{"type":"LineString","coordinates":[[2.439407311226486,48.847489588849292],[2.439406695023332,48.84727137754912]]}},
{"type":"Feature","properties":{"fid":1194},"geometry":{"type":"LineString","coordinates":[[2.439146329723295,48.846977741237573],[2.439937070685899,48.846914998282806]]}},
{"type":"Feature","properties":{"fid":1195},"geometry":{"type":"LineString","coordinates":[[2.439894226821699,48.84659859800427],[2.43908277668982,48.846662683144366]]}},
{"type":"Feature","properties":{"fid":1196},"geometry":{"type":"LineString","coordinates":[[2.438979061984703,48.846148518955196],[2.439823190966104,48.846073992263172]]}},
{"type":"Feature","properties":{"fid":1197},"geometry":{"type":"LineString","coordinates":[[2.438825044368758,48.845384959470863],[2.439718403678509,48.845300109561691]]}},
{"type":"Feature","properties":{"fid":1198},"geometry":{"type":"LineString","coordinates":[[2.440995974416432,48.845624817723689],[2.441265160488908,48.845934228006975]]}},
{"type":"Feature","properties":{"fid":1199},"geometry":{"type":"LineString","coordinates":[[2.440950559247629,48.845253762245093],[2.441378781428573,48.845762957372479],[2.441515131706187,48.845925087796964]]}},
{"type":"Feature","properties":{"fid":1200},"geometry":{"type":"LineString","coordinates":[[2.441181546933919,48.845270825598206],[2.441571492076072,48.845678646558163],[2.441744900909385,48.845916685811041]]}},
{"type":"Feature","properties":{"fid":1201},"geometry":{"type":"LineString","coordinates":[[2.440941221330801,48.845894940278832],[2.441378781428573,48.845762957372479],[2.441571492076072,48.845678646558163],[2.441940542154023,48.845583324986798],[2.442309801170905,48.845385078178332],[2.442627795429698,48.845197906177567],[2.442815831396859,48.845062780878841],[2.442884054702225,48.845016047125696]]}},
{"type":"Feature","properties":{"fid":1202},"geometry":{"type":"LineString","coordinates":[[2.44491273224881,48.84496607461034],[2.444735654108288,48.8451934524713],[2.444179642306371,48.845424813163369],[2.443591632334082,48.845570553074744],[2.442824979236293,48.845707428498223],[2.442049743841845,48.84587084816738],[2.441820253270905,48.84591393029946]]}},
{"type":"Feature","properties":{"fid":1203},"geometry":{"type":"LineString","coordinates":[[2.443981792304194,48.84485823831254],[2.444163108674308,48.844734982591049],[2.445444912021605,48.844529199499874],[2.446272879707173,48.844431873944515],[2.446508315923193,48.84441414284359],[2.44685857676247,48.844290312311962],[2.446650159015378,48.844483023658938],[2.446519624642844,48.844691798898992],[2.446479219099736,48.844804535491946],[2.446503984379281,48.844976555985653],[2.446623313036162,48.845668596226602],[2.446615824128729,48.845793575653069]]}},
{"type":"Feature","properties":{"fid":1204},"geometry":{"type":"LineString","coordinates":[[2.47203363374905,48.845847506208557],[2.470790997876279,48.845988497104557],[2.470502740639145,48.845591990491108],[2.469595218544147,48.844590450799501]]}},
{"type":"Feature","properties":{"fid":1205},"geometry":{"type":"LineString","coordinates":[[2.46798813903051,48.845756100966646],[2.46881241550453,48.84601854593123],[2.469327677125637,48.846352896327673]]}},
{"type":"Feature","properties":{"fid":1206},"geometry":{"type":"LineString","coordinates":[[2.468432269394898,48.846968349607259],[2.468509202616052,48.847089969065664],[2.46849551433124,48.847239101794742]]}},
{"type":"Feature","properties":{"fid":1207},"geometry":{"type":"LineString","coordinates":[[2.464962181729163,48.849384319598585],[2.46422424761426,48.849553986411969],[2.463119627202064,48.849511393840515],[2.462723750726224,48.849524478261493]]}},
{"type":"Feature","properties":{"fid":1208},"geometry":{"type":"LineString","coordinates":[[2.475122266850628,48.850747287337491],[2.474296475961259,48.851170322876534],[2.474205128977345,48.851217117259239],[2.473444480775648,48.850291570476038],[2.472754865839529,48.850624990918604]]}},
{"type":"Feature","properties":{"fid":1209},"geometry":{"type":"LineString","coordinates":[[2.470450886321262,48.849367645397336],[2.470417800867383,48.848654612675411],[2.470374640069105,48.847724413707347]]}},
{"type":"Feature","properties":{"fid":1210},"geometry":{"type":"LineString","coordinates":[[2.390000774017577,48.858355336803122],[2.390684680523114,48.858840830584278],[2.391197183134516,48.858918720801675],[2.390778978163381,48.859782693084888]]}},
{"type":"Feature","properties":{"fid":1211},"geometry":{"type":"LineString","coordinates":[[2.391030690407041,48.859819735171527],[2.391131187922515,48.859837057692552],[2.391256108140769,48.859825930440046],[2.391597661145164,48.859583001767049],[2.391820049429527,48.859468857026215],[2.392070326934895,48.859408962304343],[2.392277300240565,48.859393545688427],[2.392341990931474,48.859395420564006],[2.392432786859799,48.859426174268478]]}},
{"type":"Feature","properties":{"fid":1212},"geometry":{"type":"LineString","coordinates":[[2.392432786859799,48.859426174268478],[2.392657322185716,48.859214328271015],[2.392911355446792,48.859290899023556],[2.393196679906162,48.859282935939461],[2.393625323517579,48.859214532058452],[2.393652640361884,48.859318182870041],[2.393878267242504,48.859538113411894],[2.393880128213127,48.859378149164527],[2.393910428524221,48.859225386598901],[2.393954606251814,48.859105630053826],[2.394141390388342,48.858986595557973],[2.394404810881678,48.85886912489358],[2.394562224531152,48.858822870301296],[2.394722875107135,48.858804862536729],[2.394790230456438,48.858838138972843],[2.395111052452342,48.8585362814338],[2.395380403099293,48.858368258619791],[2.395612954780901,48.85829885669083],[2.395937898801412,48.858255798848745],[2.396226209772249,48.858297247316472],[2.396531128567824,48.858367009508008],[2.397229321261487,48.858728116792079],[2.397977622003947,48.85876481944792],[2.39815911865025,48.858793963036831],[2.398599351254887,48.85895614996285],[2.399086298833654,48.859241490736316],[2.398459880052752,48.860073499701166],[2.399060113062612,48.860275305933939],[2.397399813220478,48.862483058352524],[2.396770798543732,48.862278171074188],[2.396242135106013,48.862999488881066],[2.395664776443335,48.8637440960593],[2.394577973552292,48.863373958683013],[2.393734173161039,48.863112083352874],[2.393446522243837,48.863011818868728],[2.393304890843788,48.862926409283247],[2.392998921524491,48.862613523040629],[2.392683901056158,48.862363353299976],[2.39254751121762,48.862134463894122],[2.392438088888334,48.861962760505833],[2.392397993137756,48.861732007112373],[2.39240646815343,48.861616775207835],[2.392855561634451,48.861019154113919],[2.39240087626571,48.860873340839049],[2.391932591245776,48.860670995460033],[2.390831279358077,48.860177239814838],[2.390351925621264,48.860007767467899],[2.389633369367391,48.85971356426348],[2.389441399194931,48.85966553388787],[2.38936902186349,48.859832784097406],[2.38942526592248,48.859901295147672],[2.389375504998232,48.86001856857682]]}},
{"type":"Feature","properties":{"fid":1213},"geometry":{"type":"LineString","coordinates":[[2.380056244903785,48.857607668107853],[2.379825135590347,48.857894600043181],[2.379186233807393,48.858253581469327],[2.378429140568127,48.858656644192557],[2.376955859492115,48.857902632845196],[2.376015535167917,48.857528381080293],[2.37327348312727,48.856371881448531],[2.371671188319396,48.855684763278994],[2.370874944435423,48.855490021609683],[2.370479806995906,48.855440892109719],[2.369958772311307,48.855480849207382],[2.369525573106605,48.855781695608862],[2.369299131182376,48.855933419178747],[2.368700961065886,48.855869098119825],[2.368284889497565,48.855782209863719],[2.367333557387833,48.85593649589196],[2.365752213164606,48.856192937810128]]}},
{"type":"Feature","properties":{"fid":1214},"geometry":{"type":"LineString","coordinates":[[2.358186860993368,48.859108171234752],[2.357514558560738,48.858742621523362],[2.358282770906168,48.858318576832552]]}},
{"type":"Feature","properties":{"fid":1215},"geometry":{"type":"LineString","coordinates":[[2.357514558560738,48.858742621523362],[2.357372879316027,48.858818050745455],[2.356810225233243,48.859117600708821],[2.356530515697836,48.859247840552968],[2.355972197424771,48.859418926788926],[2.354398814681793,48.859933894118868],[2.354321167077176,48.859869956011025],[2.353605001935282,48.860117813969985],[2.35300502637885,48.860308166818001]]}},
{"type":"Feature","properties":{"fid":1216},"geometry":{"type":"LineString","coordinates":[[2.450662920913541,48.844116068787777],[2.450516745926198,48.843708910325908],[2.451210807141708,48.843639999385069],[2.451599372636903,48.843618896173943],[2.453098861706615,48.843560767374932],[2.453869305369821,48.8435078252297],[2.455310097625406,48.84342970126356],[2.455637505368558,48.843478243019916],[2.456557375096615,48.843017290170962],[2.457540867687871,48.842790526709081],[2.458061614523001,48.842755245693475],[2.458307492554476,48.84241758839763],[2.458466857454883,48.842112075692448],[2.458295856860254,48.842107850414443],[2.45972734409892,48.841605312554314],[2.460877585212146,48.841177608897354],[2.461374854754601,48.840831686009977],[2.461610238036999,48.840728061038703]]}},
{"type":"Feature","properties":{"fid":1217},"geometry":{"type":"LineString","coordinates":[[2.460979177840709,48.835020503335933],[2.461284532645029,48.834742788683698],[2.461301023423599,48.834526424503757],[2.461033504333625,48.834205266770539],[2.460182748793795,48.833768552978299],[2.459229790974486,48.833566630341586],[2.458644603720372,48.833639266179539],[2.457342804986879,48.834085065129727],[2.456508522516147,48.834805875848019],[2.455797254593111,48.835411681840696],[2.456072356147139,48.835622595095728],[2.45609546453541,48.836140270045817],[2.456119358863915,48.836582665483256],[2.456165259767566,48.83694253913923]]}},
{"type":"Feature","properties":{"fid":1218},"geometry":{"type":"LineString","coordinates":[[2.474844392896531,48.846067525207133],[2.475238615158776,48.846026614681428],[2.475621808500862,48.846202384652592],[2.475777502611343,48.846315990061221],[2.475990605187426,48.84639220568662],[2.476189214595249,48.846491883109493],[2.47621716184285,48.846548466999302],[2.476609759133927,48.84649842876015],[2.477367757943125,48.846266486035496],[2.47776781067293,48.846183540667205],[2.478553419710394,48.846041108377165],[2.478689192823331,48.846008764173639],[2.47882463640681,48.846009354282451],[2.478868594227975,48.844465086171425],[2.478698877450425,48.844327897819795],[2.478069224158798,48.84456040923893],[2.476521831737226,48.845315880115699],[2.476449863393676,48.845206170848989],[2.476026174299148,48.844804379540633],[2.475651538395157,48.844487494026531],[2.475163611437062,48.844094828057592],[2.475091581637566,48.844168617963291],[2.474767233498841,48.843814308974117],[2.474366092288466,48.843299686769143],[2.474311258296264,48.842875165276226],[2.474246279812258,48.842456939531097],[2.474086415974586,48.842051594240985],[2.473429207925061,48.842189857605348],[2.473419634059017,48.841726358381628],[2.473522658140813,48.841406861658143],[2.473768857175963,48.84102682769884],[2.473920870606042,48.840796943848488],[2.474051119286948,48.840604605301529],[2.474228614083788,48.840478400274279],[2.474727160793075,48.840010021106757],[2.475525647984724,48.839287754201855],[2.474676695796071,48.839083179789981],[2.474252829209124,48.838981036588642],[2.473139502249771,48.840063760111434],[2.472755430031779,48.840442455179819],[2.472626843192034,48.84047011928989],[2.472337949351056,48.841546325242795],[2.472128411159743,48.842352333788234],[2.472112365775478,48.842540738661214]]}},
{"type":"Feature","properties":{"fid":1219},"geometry":{"type":"LineString","coordinates":[[2.35125031916107,48.858612735978518],[2.351588762746104,48.858942756935143]]}},
{"type":"Feature","properties":{"fid":1220},"geometry":{"type":"LineString","coordinates":[[2.351652875498651,48.861644810459936],[2.351940189350191,48.862210822614486],[2.3520396080829,48.86238780278206],[2.352404471189912,48.863055757256596],[2.353008411961425,48.864288981321728],[2.353211925241515,48.864789110900922],[2.353323815065794,48.864890221393914],[2.353783980437357,48.865966444195152],[2.355213793064822,48.868338667388045],[2.355583327612914,48.869022895151694],[2.356814979811965,48.868913069136589],[2.356924381773648,48.869294768820808],[2.356062782008585,48.869181919631913],[2.355726544736998,48.869264801742752],[2.355269882383337,48.869281163111715],[2.354583897319582,48.869385682992046]]}},
{"type":"Feature","properties":{"fid":1221},"geometry":{"type":"LineString","coordinates":[[2.339476178257741,48.856699445151762],[2.339456367966968,48.856880465617273],[2.339362246224701,48.856992869497304],[2.338651537261347,48.857370060352437],[2.338206903337869,48.85756992330699],[2.337891684412227,48.857685808161534],[2.336961716479514,48.857920621249022],[2.336150871709476,48.858039635755205],[2.334586002274514,48.858294432271478],[2.33210619033424,48.858859349722216],[2.330119768229903,48.859452856978031],[2.330113363792441,48.85939635946059],[2.330363772279536,48.859331889004018],[2.330292588974554,48.859221445117754],[2.329262560151551,48.859550517021759],[2.327845216592749,48.859990604113761],[2.326799859182327,48.860318792799994],[2.325359111593792,48.860754138402648],[2.32500118480791,48.860309837220967],[2.325437604936981,48.860199374737633]]}},
{"type":"Feature","properties":{"fid":1222},"geometry":{"type":"LineString","coordinates":[[2.325359111593792,48.860754138402648],[2.324174333805851,48.861124967888614]]}},
{"type":"Feature","properties":{"fid":1223},"geometry":{"type":"LineString","coordinates":[[2.325302253425444,48.862715595341093],[2.330141030988679,48.861126827845119],[2.330331198052272,48.861311392256347],[2.330789430066394,48.861168096508777],[2.331347366688356,48.861034766392606],[2.331830384452927,48.860904544249884],[2.331993602837518,48.860966622152176],[2.332844970765849,48.860750230257921],[2.333914981586734,48.860474476854193]]}},
{"type":"Feature","properties":{"fid":1224},"geometry":{"type":"LineString","coordinates":[[2.334554167782644,48.86083062926528],[2.337143145275892,48.860194207491695],[2.3373870267204,48.860642545553354],[2.337853702388706,48.860541103314787]]}},
{"type":"Feature","properties":{"fid":1225},"geometry":{"type":"LineString","coordinates":[[2.422614534885856,48.847435318035039],[2.419590201500088,48.846292572907892]]}},
{"type":"Feature","properties":{"fid":1226},"geometry":{"type":"LineString","coordinates":[[2.424892179836659,48.849014310660479],[2.424720897965231,48.848175820262881]]}},
{"type":"Feature","properties":{"fid":1227},"geometry":{"type":"LineString","coordinates":[[2.444690596340198,48.852831529844529],[2.447676469862236,48.852786439943252],[2.447887901220265,48.852787979905436],[2.448157997294149,48.852789946608993],[2.44830029219465,48.852790982483498],[2.449034661247265,48.852796325832323]]}},
{"type":"Feature","properties":{"fid":1228},"geometry":{"type":"LineString","coordinates":[[2.444964066360502,48.854244529875409],[2.445169966405933,48.854828623905945],[2.442979397261947,48.855646545022289],[2.4413643059494,48.855987193434892],[2.441207825948479,48.857199231378679]]}},
{"type":"Feature","properties":{"fid":1229},"geometry":{"type":"LineString","coordinates":[[2.441395789641746,48.85537832362202],[2.441221341566382,48.853361075937322],[2.441150809739213,48.853014079743637]]}},
{"type":"Feature","properties":{"fid":1230},"geometry":{"type":"LineString","coordinates":[[2.437136672853273,48.858054908932999],[2.437636263952228,48.857293192355087]]}},
{"type":"Feature","properties":{"fid":1231},"geometry":{"type":"LineString","coordinates":[[2.502030704338069,48.795505207036669],[2.501369276106998,48.795166951867664],[2.499459009126203,48.795708643831297]]}},
{"type":"Feature","properties":{"fid":1232},"geometry":{"type":"LineString","coordinates":[[2.497434122775035,48.796276779263465],[2.496962263952232,48.795567258804979],[2.496826701527929,48.795592567484164],[2.495256109689292,48.795611824186643],[2.49434423154389,48.795638554318131],[2.494141402590369,48.795586369392687]]}},
{"type":"Feature","properties":{"fid":1233},"geometry":{"type":"LineString","coordinates":[[2.493727889677932,48.795949700927977],[2.491611274945991,48.797764217259719],[2.491236844468079,48.798069548787467]]}},
{"type":"Feature","properties":{"fid":1234},"geometry":{"type":"LineString","coordinates":[[2.515032759014135,48.793311617728108],[2.514639961292645,48.792697244233743]]}},
{"type":"Feature","properties":{"fid":1235},"geometry":{"type":"LineString","coordinates":[[2.459134063101573,48.779724314180072],[2.455845522147671,48.779643506212579],[2.455914448395625,48.778495698298755]]}},
{"type":"Feature","properties":{"fid":1236},"geometry":{"type":"LineString","coordinates":[[2.455845522147671,48.779643506212579],[2.455700782695414,48.781233276078886],[2.454917610626101,48.781229705771707],[2.454794583245284,48.783464211452944],[2.453079495783292,48.785413818264942],[2.451908770776682,48.785015553692077],[2.451423900554348,48.785079204184193],[2.450665090184058,48.785461560416209],[2.45067754756065,48.785631011822673],[2.449762372713313,48.785984410925849],[2.449747040301594,48.786087858926194],[2.450041931515965,48.786484469254127],[2.449582648415215,48.786821142555247],[2.450243845560519,48.787595869631645],[2.45065119352931,48.788134156653328],[2.450762945173828,48.788341707125504],[2.450803539815842,48.788544225067767],[2.450643613800224,48.788854045029673],[2.450195580454087,48.789473094414426],[2.450776817002858,48.789729857461978],[2.450632813563463,48.789879767549287]]}},
{"type":"Feature","properties":{"fid":1237},"geometry":{"type":"LineString","coordinates":[[2.432768761911762,48.843283438640128],[2.431167225857992,48.843365710976499]]}},
{"type":"Feature","properties":{"fid":1238},"geometry":{"type":"LineString","coordinates":[[2.473947445823093,48.848884091058139],[2.474150876347772,48.848865792373054],[2.474466801646693,48.849163375791292]]}},
{"type":"Feature","properties":{"fid":1239},"geometry":{"type":"LineString","coordinates":[[2.474099930654216,48.849981801817471],[2.473444480775648,48.850291570476038]]}},
{"type":"Feature","properties":{"fid":1240},"geometry":{"type":"LineString","coordinates":[[2.472842939567424,48.850764286294321],[2.470935516621409,48.8515029492305],[2.471082224507521,48.851800019652458],[2.471186109691855,48.852101605662178],[2.471294643221913,48.852647877455425],[2.471358979998799,48.852721087481839]]}},
{"type":"Feature","properties":{"fid":1241},"geometry":{"type":"LineString","coordinates":[[2.469734974361772,48.853711288070038],[2.469459162926485,48.853828967563722],[2.469080517366064,48.853686826225442],[2.468926451410307,48.853628990192767],[2.468125695468389,48.853432032889174],[2.468030325582459,48.853408574851734],[2.467688873069007,48.853331774679852],[2.467575202258634,48.853328800764494],[2.466605414052212,48.853303424252026],[2.46602810931666,48.85328202894928],[2.465870591208009,48.853272080128292],[2.465707470432894,48.853261777221043],[2.465014209179439,48.853423358217512],[2.464696844623164,48.8534313490443],[2.463848033029443,48.853465189515191],[2.463292242391115,48.853446524189785]]}},
{"type":"Feature","properties":{"fid":1242},"geometry":{"type":"LineString","coordinates":[[2.357372879316027,48.858818050745455],[2.356650366505419,48.858123725627259],[2.356592197925503,48.8580737013841]]}},
{"type":"Feature","properties":{"fid":1243},"geometry":{"type":"LineString","coordinates":[[2.357875796227781,48.857910243512222],[2.357875796227781,48.857910243512222],[2.358148724181322,48.858184083483209],[2.358282770906168,48.858318576832552]]}},
{"type":"Feature","properties":{"fid":1244},"geometry":{"type":"LineString","coordinates":[[2.35865132679201,48.857868270769039],[2.358148724181322,48.858184083483209]]}},
{"type":"Feature","properties":{"fid":1245},"geometry":{"type":"LineString","coordinates":[[2.357593344006366,48.857576771953951],[2.356831945036273,48.856642202406512]]}},
{"type":"Feature","properties":{"fid":1246},"geometry":{"type":"LineString","coordinates":[[2.349980308951202,48.858849360498795],[2.34985509554296,48.858535815153935],[2.349673168787745,48.858080247503125]]}},
{"type":"Feature","properties":{"fid":1247},"geometry":{"type":"LineString","coordinates":[[2.472184220369376,48.842527190357607],[2.473429207925061,48.842189857605348]]}},
{"type":"Feature","properties":{"fid":1248},"geometry":{"type":"LineString","coordinates":[[2.474086415974586,48.842051594240985],[2.47497898076634,48.841898874718474],[2.475025205141279,48.841612976741224],[2.475140578882955,48.841155721507818],[2.475266430936718,48.840873496210271],[2.475842268501301,48.840341820607492],[2.476903609846582,48.839678896843132],[2.478713909162083,48.838553104582324],[2.478982272893068,48.838741185788876],[2.479701623699973,48.838231982221728],[2.480032157276114,48.837869405468737],[2.4809786858121,48.836831083262553]]}},
{"type":"Feature","properties":{"fid":1249},"geometry":{"type":"LineString","coordinates":[[2.486603391698246,48.837249637557662],[2.485607750571281,48.838202584400236]]}},
{"type":"Feature","properties":{"fid":1250},"geometry":{"type":"LineString","coordinates":[[2.485944908537484,48.838235629462559],[2.486376022621816,48.837824919802685],[2.486388108323755,48.837820203337046],[2.48663112118233,48.837593954708268],[2.486801647702456,48.837327259375996]]}},
{"type":"Feature","properties":{"fid":1251},"geometry":{"type":"LineString","coordinates":[[2.490714242362338,48.83831302731511],[2.49122415276572,48.836968260693389],[2.491007955974871,48.83691647839899],[2.49101861110088,48.836811619777741],[2.491171876669927,48.835695089055498]]}},
{"type":"Feature","properties":{"fid":1252},"geometry":{"type":"LineString","coordinates":[[2.487058349691205,48.837427763311588],[2.487184196861106,48.83717830077628]]}},
{"type":"Feature","properties":{"fid":1253},"geometry":{"type":"LineString","coordinates":[[2.510710253786021,48.835968728653881],[2.510946306119754,48.837148633526404]]}},
{"type":"Feature","properties":{"fid":1254},"geometry":{"type":"LineString","coordinates":[[2.513693761859216,48.837133781018103],[2.515409432410384,48.837113125719256]]}},
{"type":"Feature","properties":{"fid":1255},"geometry":{"type":"LineString","coordinates":[[2.516728656677603,48.835034164517758],[2.516539261020358,48.834197508622772]]}},
{"type":"Feature","properties":{"fid":1256},"geometry":{"type":"LineString","coordinates":[[2.510946306119754,48.837148633526404],[2.507656590563395,48.839859093698671],[2.507881577087398,48.840003069756349],[2.5080394149476,48.840118159183604],[2.50801883189863,48.840257945873262],[2.50783466389505,48.840381165153794],[2.507684955860473,48.840425053631016],[2.507645288913881,48.840545688322017],[2.507832502706727,48.840610036578369],[2.507843229407029,48.840698014326328]]}},
{"type":"Feature","properties":{"fid":1257},"geometry":{"type":"LineString","coordinates":[[2.508442655268616,48.841068192262426],[2.508146221199216,48.842579059843835],[2.509417069614649,48.842512657407227],[2.509427204523243,48.84236856563578],[2.509488132642182,48.842257144163788],[2.509868642842878,48.841228743655236],[2.510288768818734,48.840082884169043],[2.510461587901533,48.83962900962193],[2.506587566321469,48.838322460387296],[2.503678581139748,48.837340860752626],[2.503578233384799,48.837244869710894]]}},
{"type":"Feature","properties":{"fid":1258},"geometry":{"type":"LineString","coordinates":[[2.500235874911696,48.837287442766744],[2.499812713997062,48.838230745130431],[2.500106004027096,48.838279654690758],[2.500284910219088,48.838204108577514],[2.500709742395907,48.838094621026329],[2.500849301084939,48.838104740171843],[2.501178246987306,48.837950346166416],[2.501311708441011,48.837922387069938],[2.50135678557517,48.837912943733876],[2.501679181032676,48.837939718463893]]}},
{"type":"Feature","properties":{"fid":1259},"geometry":{"type":"LineString","coordinates":[[2.501311708441011,48.837922387069938],[2.501346546360486,48.837976479093506],[2.50134063605666,48.838090894924363],[2.501527468451932,48.838193398486226],[2.501425764671486,48.838253373751023],[2.501487788952928,48.838314031376051],[2.50153039920511,48.838390502570057],[2.501486451250448,48.838453897440438],[2.501476242490623,48.838514254006611],[2.501702057040256,48.838569236200463],[2.501634213666345,48.838613458170592],[2.50154259631863,48.83862579203538],[2.501369692053407,48.838577387910831],[2.501313486781711,48.838411850775472],[2.501280112516427,48.838376743725078],[2.50105951035336,48.83828045674521],[2.500727634284881,48.838237746282914],[2.500106004027096,48.838279654690758]]}},
{"type":"Feature","properties":{"fid":1260},"geometry":{"type":"LineString","coordinates":[[2.499812713997062,48.838230745130431],[2.499762540681707,48.838353623517953]]}},
{"type":"Feature","properties":{"fid":1261},"geometry":{"type":"LineString","coordinates":[[2.501613896392941,48.839008317118228],[2.502299479717485,48.839045379407622],[2.502650351670592,48.839116774519383],[2.503096446008592,48.839303004512338],[2.503594395502542,48.839607067187472],[2.503804589822272,48.839785957471321],[2.503823156526915,48.839859149097506],[2.503767680386833,48.840153855653917],[2.503200958624702,48.841474623724835],[2.503056089691063,48.841515347600037],[2.502277320915187,48.841365880931797],[2.501821063720913,48.841233647144129],[2.50146606217228,48.841089118038916],[2.5013133862297,48.840939073679749],[2.50123727673065,48.840840210666236],[2.50108883980203,48.840750582647864],[2.501305630163195,48.840239684520554],[2.501533342243399,48.839721003315404],[2.501468563825803,48.839488540485085],[2.501419054979975,48.839410936505566],[2.501255111368302,48.839479717579934],[2.501070838840208,48.839612462844663],[2.50084654834496,48.839900806786829],[2.500125078660775,48.840307871742468],[2.498707101671488,48.84102672608563],[2.498394030306867,48.841220269709012],[2.498627801853986,48.84075936661543],[2.499173928046663,48.839556852548412],[2.499223458915922,48.839414009485971],[2.49776201652215,48.839147212722352],[2.497435079554861,48.840514645975098],[2.497053918975183,48.840197667810884],[2.496150305106556,48.83997966427885],[2.496134191653778,48.839411091993831],[2.496030616077557,48.839308194325511],[2.496075162601858,48.839031961669789],[2.49605926605744,48.838437514321186],[2.496011945218721,48.837340000998481]]}},
{"type":"Feature","properties":{"fid":1262},"geometry":{"type":"LineString","coordinates":[[2.452416533513411,48.851297541907506],[2.453024774181034,48.852348317934087],[2.452391247043244,48.852520631994317],[2.452893514159173,48.853410804600429]]}},
{"type":"Feature","properties":{"fid":1263},"geometry":{"type":"LineString","coordinates":[[2.448011290819859,48.855861198837026],[2.448167698987257,48.856688179588936],[2.44807889876118,48.857291946504816],[2.447557337843873,48.85812330281005],[2.446318171598778,48.859273061623718],[2.444074820894369,48.857629780783761],[2.443568714904233,48.857792161562941],[2.440392562063269,48.858544654453326],[2.439638643804109,48.859174323024419],[2.438712621340244,48.858820210452009],[2.436849731160856,48.858115986614607],[2.436768327279567,48.85845749089907],[2.436075273028069,48.858548554398105],[2.435955133885986,48.858650698148985],[2.435460253715569,48.858690656874401],[2.435212453149651,48.858743863460525],[2.435082662631941,48.858275048472017]]}},
{"type":"Feature","properties":{"fid":1264},"geometry":{"type":"LineString","coordinates":[[2.427276913606778,48.858719373950358],[2.423398506968797,48.85965525620967],[2.420406044974705,48.860428199497619],[2.420146799446156,48.860926956170715],[2.418775485800341,48.863565023902417],[2.418554141605613,48.864638532302394]]}},
{"type":"Feature","properties":{"fid":1265},"geometry":{"type":"LineString","coordinates":[[2.420146799446156,48.860926956170715],[2.42125093335151,48.861030422612785],[2.422470806541583,48.860849021338581],[2.422931701605134,48.860573323818898],[2.423295016221453,48.860013191509772],[2.423398506968797,48.85965525620967]]}},
{"type":"Feature","properties":{"fid":1266},"geometry":{"type":"LineString","coordinates":[[2.470374640069105,48.847724413707347],[2.469910368014278,48.847082632525897]]}},
{"type":"Feature","properties":{"fid":1267},"geometry":{"type":"LineString","coordinates":[[2.454017798949333,48.846649370103428],[2.454240600597535,48.847296741062429]]}},
{"type":"Feature","properties":{"fid":1268},"geometry":{"type":"LineString","coordinates":[[2.475122266850628,48.850747287337491],[2.476729386949801,48.849915273662056],[2.476952018781493,48.850080885837585],[2.477002141093403,48.850103761642501],[2.476938680612432,48.850269633358288],[2.476629349460216,48.850532608776106],[2.476547942202614,48.8506621510193],[2.476562720857104,48.850720345118852],[2.47658096721351,48.850792193847205],[2.476635409474825,48.850840766265463],[2.477055779418632,48.850916616134249],[2.477478620989533,48.850974349963778],[2.477590250589509,48.851026192555445],[2.477617336030447,48.851064071946489],[2.477596230034979,48.85179956644123],[2.477603064744562,48.85227080205398]]}},
{"type":"Feature","properties":{"fid":1269},"geometry":{"type":"LineString","coordinates":[[2.468668873195232,48.850661453279713],[2.469922744184876,48.85192324844872]]}},
{"type":"Feature","properties":{"fid":1270},"geometry":{"type":"LineString","coordinates":[[2.469374905813432,48.853455907621466],[2.469080517366064,48.853686826225442]]}},
{"type":"Feature","properties":{"fid":1271},"geometry":{"type":"LineString","coordinates":[[2.469459162926485,48.853828967563722],[2.469332146888099,48.853971468655978],[2.469366245057829,48.854219332409045],[2.46921907023093,48.855185362200878],[2.469490963630937,48.855458447256382],[2.469468428853646,48.856772429735017],[2.470589056955561,48.857029396425453]]}},
{"type":"Feature","properties":{"fid":1272},"geometry":{"type":"LineString","coordinates":[[2.471206784743228,48.857372150532036],[2.47231982929168,48.857747186314548],[2.473435192441798,48.857915226613457],[2.474742532022344,48.858114307988565],[2.476178064684809,48.858313936214486],[2.477606148454976,48.85834434586063],[2.479281987913508,48.858321441126058],[2.480142706514123,48.858319141616505],[2.480339371073214,48.85837407788091]]}},
{"type":"Feature","properties":{"fid":1273},"geometry":{"type":"LineString","coordinates":[[2.478126142956651,48.860162178906407],[2.476970003417625,48.860374611518097],[2.476511035172127,48.860487397590255],[2.476099122404384,48.860473511564237],[2.475725172585999,48.860326872342775],[2.475350981521808,48.860204397798135],[2.473854688192232,48.860190139561034],[2.473309012225927,48.860207511687072],[2.471905776713332,48.860430913510591],[2.470411027157853,48.860647852211621],[2.469649759424517,48.860771357329305],[2.46908218813665,48.860756757227868],[2.468332229876356,48.860668843479971],[2.46788400101604,48.86062455915868],[2.467383181917304,48.860350453156435],[2.466524972935136,48.860041482192479],[2.466450883354506,48.860320313350407],[2.466175542681496,48.860248404491195],[2.462495876943501,48.858439188820697],[2.461497358331947,48.857948196133698],[2.457604182659065,48.855912647869275],[2.457699046657295,48.855789571711234],[2.458239003712207,48.855207429539924],[2.458854502982252,48.854543824073112],[2.459196881975767,48.854210119837056],[2.460031452185092,48.853396672459439],[2.461768997441912,48.852703654554333],[2.4621917458362,48.852548469135797],[2.462230183591401,48.852436712363257]]}},
{"type":"Feature","properties":{"fid":1274},"geometry":{"type":"LineString","coordinates":[[2.462813491786338,48.852279997840775],[2.463948501680309,48.85134626732706],[2.46514691300342,48.850130907216133]]}},
{"type":"Feature","properties":{"fid":1275},"geometry":{"type":"LineString","coordinates":[[2.354398814681793,48.859933894118868],[2.355134564077855,48.86067089860952]]}},
{"type":"Feature","properties":{"fid":1276},"geometry":{"type":"LineString","coordinates":[[2.356923573951911,48.861891949779],[2.358200225457486,48.861237052940446]]}},
{"type":"Feature","properties":{"fid":1277},"geometry":{"type":"LineString","coordinates":[[2.347266022567365,48.860705237723131],[2.345140722344955,48.861010590949682]]}},
{"type":"Feature","properties":{"fid":1278},"geometry":{"type":"LineString","coordinates":[[2.341206724820559,48.861714756523881],[2.340834349905268,48.860944723346044]]}},
{"type":"Feature","properties":{"fid":1279},"geometry":{"type":"LineString","coordinates":[[2.323843716139442,48.869187774061658],[2.323606718077869,48.869813667431288],[2.324398099227708,48.870999372480526]]}},
{"type":"Feature","properties":{"fid":1280},"geometry":{"type":"LineString","coordinates":[[2.325637674685694,48.870638463369367],[2.326055213279952,48.870561110285884],[2.326715832981857,48.870382712078865],[2.327993640861528,48.869915699202934],[2.329052742641548,48.870090138102206],[2.330002134431326,48.870308811368808],[2.329998482185651,48.870592753694318],[2.330627161624098,48.871812350094253]]}},
{"type":"Feature","properties":{"fid":1281},"geometry":{"type":"LineString","coordinates":[[2.349160704463693,48.845004128661756],[2.347580235688687,48.844556697635177]]}},
{"type":"Feature","properties":{"fid":1282},"geometry":{"type":"LineString","coordinates":[[2.342977024448971,48.846102440934438],[2.342514190421579,48.846385376637649],[2.341584380098602,48.846617407045805],[2.341128611155641,48.846097341650214]]}},
{"type":"Feature","properties":{"fid":1283},"geometry":{"type":"LineString","coordinates":[[2.338682722726617,48.846783692940122],[2.33874626798538,48.847719124675976],[2.338488768587649,48.847811350322878],[2.338485689230478,48.84787364017064],[2.338487704392796,48.848104180789086]]}},
{"type":"Feature","properties":{"fid":1284},"geometry":{"type":"LineString","coordinates":[[2.338939902125817,48.849882674435221],[2.339530798577037,48.850977989189992]]}},
{"type":"Feature","properties":{"fid":1285},"geometry":{"type":"LineString","coordinates":[[2.335226056354066,48.852459530742635],[2.335245099715713,48.851943758525735],[2.333722156804617,48.85183257603974],[2.333698302074734,48.852688702885999]]}},
{"type":"Feature","properties":{"fid":1286},"geometry":{"type":"LineString","coordinates":[[2.356734531945415,48.858021769159052],[2.35576450817596,48.856908499843009]]}},
{"type":"Feature","properties":{"fid":1287},"geometry":{"type":"LineString","coordinates":[[2.35576450817596,48.856908499843009],[2.355562200688535,48.856572905904997]]}},
{"type":"Feature","properties":{"fid":1288},"geometry":{"type":"LineString","coordinates":[[2.357988019081623,48.856019964022714],[2.357675378696907,48.855523227980456]]}},
{"type":"Feature","properties":{"fid":1289},"geometry":{"type":"LineString","coordinates":[[2.35742836946583,48.855587991015007],[2.356468216298857,48.854916065878001],[2.355741516559677,48.855190079523325],[2.356275035489448,48.85573067339643],[2.3563546062014,48.855827029776854]]}},
{"type":"Feature","properties":{"fid":1290},"geometry":{"type":"LineString","coordinates":[[2.355741516559677,48.855190079523325],[2.354850587514991,48.854232231155336]]}},
{"type":"Feature","properties":{"fid":1291},"geometry":{"type":"LineString","coordinates":[[2.35491228718379,48.849970046021454],[2.354449339505408,48.849450998931097]]}},
{"type":"Feature","properties":{"fid":1292},"geometry":{"type":"LineString","coordinates":[[2.352282382812304,48.848785172242884],[2.352866376413636,48.849508023029188]]}},
{"type":"Feature","properties":{"fid":1293},"geometry":{"type":"LineString","coordinates":[[2.355898246776866,48.851109891640064],[2.358512322952504,48.850262741154246],[2.359076322153617,48.850931957107719]]}},
{"type":"Feature","properties":{"fid":1294},"geometry":{"type":"LineString","coordinates":[[2.463292242391115,48.853446524189785],[2.462854869841792,48.85349849661867],[2.461625842259589,48.853710476998828],[2.461284250243551,48.853790883448347],[2.460684760117053,48.85393199288692],[2.460542849268932,48.853965395652082],[2.460446146173956,48.853982978821641],[2.459196881975767,48.854210119837056]]}},
{"type":"Feature","properties":{"fid":1295},"geometry":{"type":"LineString","coordinates":[[2.488047125469641,48.853731739182244],[2.488417465172237,48.853632856956686],[2.488700247225209,48.853557351953746],[2.488831263569351,48.853267907102328],[2.488897660078171,48.853032561919164],[2.488963937485674,48.852809299675783],[2.488416369505411,48.85237970370337],[2.48702422972035,48.851598518998443]]}},
{"type":"Feature","properties":{"fid":1296},"geometry":{"type":"LineString","coordinates":[[2.487619728856828,48.848425684824782],[2.487912726337064,48.847588384464437],[2.488794926141518,48.846706376989211]]}},
{"type":"Feature","properties":{"fid":1297},"geometry":{"type":"LineString","coordinates":[[2.488794926141518,48.846706376989211],[2.488943403003403,48.846501590125335],[2.488610164022547,48.845944320374265],[2.488276012675586,48.845480693485811],[2.487953187489379,48.844796587871905],[2.487946527024345,48.844542803305941],[2.488057734291854,48.844404317566372],[2.487877399272953,48.844231722682423],[2.487512623533913,48.843985098510856],[2.486903589946732,48.842388958068611],[2.485994554327654,48.840820222112463],[2.485230209962322,48.839434865245188],[2.484726263597842,48.838562670118044],[2.484617688437819,48.838435323604195],[2.485104046880239,48.838153214237408]]}},
{"type":"Feature","properties":{"fid":1298},"geometry":{"type":"LineString","coordinates":[[2.48469277806043,48.838094804931082],[2.48497437637565,48.837536624436538],[2.484988415481913,48.837350217519088],[2.485008853074489,48.837078851034612]]}},
{"type":"Feature","properties":{"fid":1299},"geometry":{"type":"LineString","coordinates":[[2.478425576849629,48.836838922102402],[2.478504633638866,48.836958784304535],[2.477219752707809,48.837309645196207],[2.476988782618896,48.837412099673827]]}},
{"type":"Feature","properties":{"fid":1300},"geometry":{"type":"LineString","coordinates":[[2.524871263929135,48.844078638590126],[2.524917768122277,48.843124021481614],[2.523526181280778,48.841457434875849],[2.522349827704462,48.839975519695997],[2.523302763401784,48.83986452635996],[2.52318615450706,48.839604263324283]]}},
{"type":"Feature","properties":{"fid":1301},"geometry":{"type":"LineString","coordinates":[[2.523302763401784,48.83986452635996],[2.523674750630462,48.839665818074231],[2.523191294471568,48.839042394276085],[2.522711532393938,48.838458955201943],[2.521802867858237,48.838684133033333]]}},
{"type":"Feature","properties":{"fid":1302},"geometry":{"type":"LineString","coordinates":[[2.521310152408404,48.838112483277811],[2.522001932754133,48.837987879969774],[2.521492811526994,48.836644398931973]]}},
{"type":"Feature","properties":{"fid":1303},"geometry":{"type":"LineString","coordinates":[[2.520849334942069,48.835326075686361],[2.520669657076395,48.835559771729685],[2.520559888991845,48.835553289954461],[2.520450343261865,48.835522641590977],[2.520451010242437,48.835450142125353]]}},
{"type":"Feature","properties":{"fid":1304},"geometry":{"type":"LineString","coordinates":[[2.520559888991845,48.835553289954461],[2.520486061877714,48.835619454300605],[2.520449620697484,48.835601182673422],[2.520267971208696,48.835449408145642],[2.520127131860566,48.835486265707623]]}},
{"type":"Feature","properties":{"fid":1305},"geometry":{"type":"LineString","coordinates":[[2.512225179456937,48.83623835446749],[2.511055787475554,48.835980039547863],[2.510980984135829,48.836148905446876],[2.51202996887195,48.836399909697704]]}},
{"type":"Feature","properties":{"fid":1306},"geometry":{"type":"LineString","coordinates":[[2.418775485800341,48.863565023902417],[2.417705962174506,48.863396697815254],[2.416874115243757,48.863265770899773],[2.416524863720152,48.863233381455409]]}},
{"type":"Feature","properties":{"fid":1307},"geometry":{"type":"LineString","coordinates":[[2.416424523248629,48.862956199160195],[2.415006900652044,48.862984779714964],[2.411352238275056,48.864992355260839],[2.409011020510557,48.86451560300263],[2.408422058770169,48.864769467402922],[2.407585438506982,48.865058353709323],[2.40747921365414,48.865541167205251],[2.407784827776452,48.865643878970154],[2.407984980991419,48.865759662238887],[2.408161687252854,48.866730234847118],[2.408127425944912,48.866521625594295],[2.407842335342023,48.86622417037222],[2.40729131065488,48.865958627259111],[2.40694478054501,48.86583003413822]]}},
{"type":"Feature","properties":{"fid":1308},"geometry":{"type":"LineString","coordinates":[[2.40747921365414,48.865541167205251],[2.407291303074535,48.865556851551545],[2.40694478054501,48.86583003413822],[2.406562210380148,48.866051682168084],[2.406036236453294,48.866200116512246],[2.405452419115291,48.865599085542009],[2.404670888277656,48.864670813738407],[2.399140434938177,48.864909012941041],[2.398721288503438,48.865123655623364],[2.398354622045264,48.865155042564908],[2.398003331377613,48.865044524640084],[2.397167033520652,48.864923249863722]]}},
{"type":"Feature","properties":{"fid":1309},"geometry":{"type":"LineString","coordinates":[[2.39222618007889,48.864140453918829],[2.391858827299634,48.865122211900342],[2.391130452589256,48.86515173824381],[2.390320141098102,48.865531264374965],[2.389672663323769,48.865494734678457],[2.386121519680086,48.864156449010288],[2.385884148436176,48.864289010802651]]}},
{"type":"Feature","properties":{"fid":1310},"geometry":{"type":"LineString","coordinates":[[2.383182936606342,48.867022261627781],[2.381855248039578,48.868019336793743],[2.379996673953259,48.869576750774705]]}},
{"type":"Feature","properties":{"fid":1311},"geometry":{"type":"LineString","coordinates":[[2.372901699036912,48.870549240397366],[2.373942318783328,48.869445768049616]]}},
{"type":"Feature","properties":{"fid":1312},"geometry":{"type":"LineString","coordinates":[[2.372025384871422,48.868614286461998],[2.371723742920036,48.869031024850095],[2.371370555314698,48.869518967342273]]}},
{"type":"Feature","properties":{"fid":1313},"geometry":{"type":"LineString","coordinates":[[2.371723742920036,48.869031024850095],[2.371222857745173,48.868856620791249],[2.371651945937113,48.868209386536279],[2.368108930202665,48.868677094683349],[2.36761131278296,48.868793580220654]]}},
{"type":"Feature","properties":{"fid":1314},"geometry":{"type":"LineString","coordinates":[[2.379808156898949,48.872819936113395],[2.38193597284398,48.87327605664759]]}},
{"type":"Feature","properties":{"fid":1315},"geometry":{"type":"LineString","coordinates":[[2.355992730657893,48.84117878973148],[2.351698188827819,48.840093016855583],[2.349847453771348,48.839387489587423]]}},
{"type":"Feature","properties":{"fid":1316},"geometry":{"type":"LineString","coordinates":[[2.347531388924701,48.83787911745555],[2.347221431514016,48.837600545827705],[2.347151997551591,48.837298070414398],[2.345518941351706,48.837680437568345],[2.339678602497989,48.838900713651924]]}},
{"type":"Feature","properties":{"fid":1317},"geometry":{"type":"LineString","coordinates":[[2.333695704017777,48.840528030292411],[2.329516450852589,48.842023600963323]]}},
{"type":"Feature","properties":{"fid":1318},"geometry":{"type":"LineString","coordinates":[[2.324797161344093,48.841242814322243],[2.32255132445832,48.842024788617096],[2.321250471489045,48.841049412580624]]}},
{"type":"Feature","properties":{"fid":1319},"geometry":{"type":"LineString","coordinates":[[2.324261368925454,48.840536733701306],[2.322538902477576,48.838454178054555],[2.322889328467016,48.837556166817826]]}},
{"type":"Feature","properties":{"fid":1320},"geometry":{"type":"LineString","coordinates":[[2.322538902477576,48.838454178054555],[2.321706850818189,48.840055880823961]]}},
{"type":"Feature","properties":{"fid":1321},"geometry":{"type":"LineString","coordinates":[[2.462237997658721,48.851320747730533],[2.461736797212482,48.851475693128222],[2.460246855870512,48.851936288387485],[2.460105537532538,48.851977912272872],[2.459343389220751,48.852202391289595],[2.459236692900194,48.852233816497979],[2.45883963180933,48.85233926301045],[2.458335623638744,48.852604331364191],[2.457653620176952,48.852964762529425]]}},
{"type":"Feature","properties":{"fid":1322},"geometry":{"type":"LineString","coordinates":[[2.456542979941446,48.852255021705936],[2.457333566145558,48.852072645156426]]}},
{"type":"Feature","properties":{"fid":1323},"geometry":{"type":"LineString","coordinates":[[2.459392515285931,48.851078177737449],[2.460105537532538,48.851977912272872]]}},
{"type":"Feature","properties":{"fid":1324},"geometry":{"type":"LineString","coordinates":[[2.457604182659065,48.855912647869275],[2.455595369353798,48.855720779701493],[2.453933376016854,48.855389041079327]]}},
{"type":"Feature","properties":{"fid":1325},"geometry":{"type":"LineString","coordinates":[[2.452972171454421,48.855138450553277],[2.451833234921023,48.854761087984095],[2.450445330121765,48.854102777111265]]}},
{"type":"Feature","properties":{"fid":1326},"geometry":{"type":"LineString","coordinates":[[2.589802699062924,48.840561659073771],[2.589928817168811,48.840164341702433],[2.589709759021088,48.839586893742421]]}},
{"type":"Feature","properties":{"fid":1327},"geometry":{"type":"LineString","coordinates":[[2.423508516610365,48.841607398223864],[2.424058064579274,48.841411106911906],[2.424162017461365,48.841115556064715],[2.424530467074382,48.840905863853159],[2.424844996968298,48.840605283258192],[2.42495736329876,48.840376232530453],[2.424823605739335,48.840055370449761],[2.425133597655755,48.840165614205084],[2.425451678034362,48.840372565866438],[2.425814992381696,48.840628068684481],[2.426078094815292,48.840840796531218],[2.426204509952718,48.840999388311054]]}},
{"type":"Feature","properties":{"fid":1328},"geometry":{"type":"LineString","coordinates":[[2.427664996052739,48.840632410772457],[2.428070152346155,48.840499934035897],[2.428311529824664,48.840421008203698],[2.428937293025348,48.840115861978241],[2.429545206467586,48.83976833423452],[2.430058842219299,48.839256151833908]]}},
{"type":"Feature","properties":{"fid":1329},"geometry":{"type":"LineString","coordinates":[[2.430058842219299,48.839256151833908],[2.431587365633885,48.839675343734037],[2.432195407224336,48.83991319548344]]}},
{"type":"Feature","properties":{"fid":1330},"geometry":{"type":"LineString","coordinates":[[2.432681553769669,48.839781860997363],[2.432631225381175,48.839638006270107],[2.432714979828754,48.839511524275423],[2.433247735631036,48.839338835428357],[2.434017404223574,48.839263935279646],[2.434869957395491,48.839262245258212],[2.436213059209514,48.839474717063439]]}},
{"type":"Feature","properties":{"fid":1331},"geometry":{"type":"LineString","coordinates":[[2.437637991672036,48.839913708338209],[2.438517805041661,48.83974432584521],[2.438968105446234,48.839577266441999],[2.439145766464405,48.839547512613997],[2.439660023874251,48.839628859539502],[2.439567548174158,48.839509326221986],[2.439484835324749,48.839509829767117],[2.439371925216068,48.839476448009698],[2.439354854754018,48.839361572577303],[2.43943768277776,48.839319667695761],[2.439347586788056,48.839186324417263],[2.440109130195065,48.839014677175108],[2.440130090217073,48.839006939129263],[2.440577789013859,48.838841655716529],[2.441007089080048,48.8384977657118],[2.441276524690083,48.83812442859967],[2.441469158127577,48.838078818267817],[2.441736472253798,48.83790906872995],[2.441800696575088,48.837787775782935],[2.441962972070133,48.837805148086296],[2.442170078947661,48.837695849933304],[2.442358201749842,48.837649902578072],[2.442353131192112,48.837482216964247],[2.442358201749842,48.837649902578072],[2.442600527163914,48.837670668113361],[2.442728788304727,48.837659181979987],[2.442891418864205,48.837643324383372],[2.443023097714691,48.837526121082824],[2.443159849102519,48.837576603215865],[2.443222272253459,48.837516475065613],[2.443365613803371,48.837592665595523],[2.443252449863388,48.83769031935757],[2.443363920183511,48.837751256850773],[2.4435537973202,48.83786240443537],[2.443701459513546,48.83774829570271],[2.44350578167627,48.83764467369415]]}},
{"type":"Feature","properties":{"fid":1332},"geometry":{"type":"LineString","coordinates":[[2.444394814004196,48.837691477152703],[2.444479941729952,48.837862555376319],[2.444759187351568,48.838069275468982],[2.445016463958597,48.83824417312961],[2.44524098675784,48.838218026213191],[2.445436233537843,48.837986319623589],[2.445652598617547,48.837866485139507],[2.446061289385963,48.837735457316647],[2.446318371949296,48.837659613727027],[2.446491198870111,48.837599239643083],[2.446515362624585,48.837478514036924],[2.44680129459082,48.837271392176071],[2.44696784532281,48.837101479421825],[2.447055640288265,48.837021830481937],[2.447380734566662,48.83700520722762],[2.447315902764846,48.836861413188203],[2.447276335744192,48.836708673028866],[2.447434736536861,48.836875556419571],[2.447574787001177,48.836830889249086],[2.447708564781171,48.836946302609576],[2.447948712991024,48.836956473997866],[2.448058524879758,48.83739048507227]]}},
{"type":"Feature","properties":{"fid":1333},"geometry":{"type":"LineString","coordinates":[[2.444042683931485,48.83933058553653],[2.443775631309871,48.839481901092185],[2.443356012630629,48.839563024782905],[2.443024501944845,48.839569943196281],[2.442789147946227,48.839504498381508],[2.442433889800231,48.839451487187134],[2.442151242446004,48.839348968199111],[2.441922913191815,48.839302589197601],[2.441586142100284,48.839553265352933]]}},
{"type":"Feature","properties":{"fid":1334},"geometry":{"type":"LineString","coordinates":[[2.441922913191815,48.839302589197601],[2.441518575585368,48.839238773017556],[2.441207485815625,48.83922825741088],[2.440836531899758,48.839252201898873],[2.440662114614577,48.839299721381231]]}},
{"type":"Feature","properties":{"fid":1335},"geometry":{"type":"LineString","coordinates":[[2.440318848702357,48.839412468992634],[2.440130090217073,48.839006939129263],[2.440119170725151,48.83882553821357]]}},
{"type":"Feature","properties":{"fid":1336},"geometry":{"type":"LineString","coordinates":[[2.446581636572219,48.839947098042103],[2.446767412688573,48.840069599200369]]}},
{"type":"Feature","properties":{"fid":1337},"geometry":{"type":"LineString","coordinates":[[2.447339817775821,48.84338270736577],[2.447707261759599,48.843419264821428],[2.448112172516822,48.843769375094773],[2.448344268184481,48.843791336418597],[2.448486045451473,48.843804751416485],[2.450496706241498,48.843672020727944],[2.450516745926198,48.843708910325908]]}},
{"type":"Feature","properties":{"fid":1338},"geometry":{"type":"LineString","coordinates":[[2.4435537973202,48.83786240443537],[2.443735844281767,48.837956900148264],[2.443615670878576,48.83806811583262],[2.443674709789858,48.838110683514387],[2.443933457351043,48.837879274641793],[2.444213311751252,48.837814114699611],[2.444394814004196,48.837691477152703]]}},
{"type":"Feature","properties":{"fid":1339},"geometry":{"type":"LineString","coordinates":[[2.448058524879758,48.83739048507227],[2.448774657602147,48.837288432231702],[2.449103754425273,48.837326199575443],[2.44924239017221,48.837631952408735],[2.44900827256647,48.837700355713892],[2.449024278087443,48.837917936690076],[2.449002684342768,48.838228993357831],[2.448822871199742,48.838355044128214],[2.448241408142343,48.83870354684008],[2.447946257548478,48.83891667120627],[2.447692899163881,48.839072590096016],[2.447444948165441,48.839149989213354],[2.447260679932519,48.839263933262231],[2.447003767100006,48.839323164465441],[2.44671584575202,48.839285581919441],[2.446533371749904,48.839230361026772],[2.446093599478827,48.839270618494318],[2.445928178940214,48.839333291945181],[2.445722021092358,48.839353483381998],[2.445562332932855,48.839307429379225],[2.445411508343482,48.839288604633275],[2.445287402132605,48.839339385012295],[2.445198909245958,48.839483979291394],[2.444832740788264,48.839488322311993],[2.444723199184552,48.839460625499065],[2.444580883249198,48.839502257820342],[2.444439178854507,48.839486495129471],[2.44418358245721,48.839421868234503],[2.444042683931485,48.83933058553653]]}},
{"type":"Feature","properties":{"fid":1340},"geometry":{"type":"LineString","coordinates":[[2.476275943860155,48.851705133604057],[2.475364936418227,48.85211228357101],[2.474296475961259,48.851170322876534]]}},
{"type":"Feature","properties":{"fid":1341},"geometry":{"type":"LineString","coordinates":[[2.481206449472424,48.85229659306507],[2.481352560715741,48.852503230506699],[2.481704370102976,48.852860393239055],[2.481841732877142,48.85403751989405],[2.481859884097144,48.854193062209966],[2.481915284280757,48.854667794259882],[2.482147302720248,48.855274484834972],[2.48248569271246,48.855312199347793],[2.483017066324965,48.855278245762996],[2.483011987090282,48.854867384348921],[2.484472646736775,48.854372220283288],[2.484109008855743,48.854110857330085],[2.48383706371563,48.854098737270682],[2.483358581788609,48.854077410758997],[2.483120726478807,48.854058258248671],[2.482781084820447,48.854147417055835]]}},
{"type":"Feature","properties":{"fid":1342},"geometry":{"type":"LineString","coordinates":[[2.482781084820447,48.854147417055835],[2.481859884097144,48.854193062209966]]}},
{"type":"Feature","properties":{"fid":1343},"geometry":{"type":"LineString","coordinates":[[2.482147302720248,48.855274484834972],[2.482155227243544,48.855398375125695],[2.481933454645455,48.855602834842671],[2.481968660512103,48.856666335550898],[2.481851763370866,48.85737271382272]]}},
{"type":"Feature","properties":{"fid":1344},"geometry":{"type":"LineString","coordinates":[[2.487645607297975,48.854301216852456],[2.487205436868838,48.854038930288333],[2.487141668401723,48.854000931893218],[2.486880607893101,48.853845370043963],[2.485804872502773,48.853204340213544],[2.485988526459737,48.852846573635411]]}},
{"type":"Feature","properties":{"fid":1345},"geometry":{"type":"LineString","coordinates":[[2.353211925241515,48.864789110900922],[2.354411860245536,48.865077030784228],[2.355751255856386,48.865398395658794],[2.356141303351499,48.865446491719268]]}},
{"type":"Feature","properties":{"fid":1346},"geometry":{"type":"LineString","coordinates":[[2.357084045206929,48.865257425057784],[2.356771555420113,48.864553616614742]]}},
{"type":"Feature","properties":{"fid":1347},"geometry":{"type":"LineString","coordinates":[[2.356771555420113,48.864553616614742],[2.355426161122672,48.864805226026334],[2.354411860245536,48.865077030784228]]}},
{"type":"Feature","properties":{"fid":1348},"geometry":{"type":"LineString","coordinates":[[2.351588509263048,48.864430229600522],[2.350996180370103,48.863389563142192]]}},
{"type":"Feature","properties":{"fid":1349},"geometry":{"type":"LineString","coordinates":[[2.352583822276713,48.866222174103477],[2.351588509263048,48.864430229600522]]}},
{"type":"Feature","properties":{"fid":1350},"geometry":{"type":"LineString","coordinates":[[2.354321167077176,48.859869956011025],[2.35372230412949,48.859023853761265]]}},
{"type":"Feature","properties":{"fid":1351},"geometry":{"type":"LineString","coordinates":[[2.352687077847074,48.8616524529656],[2.3536359808848,48.861467915073852]]}},
{"type":"Feature","properties":{"fid":1352},"geometry":{"type":"LineString","coordinates":[[2.355664066297338,48.865565805815912],[2.356005127278598,48.865993478668429],[2.356409461421647,48.865880860006826]]}},
{"type":"Feature","properties":{"fid":1353},"geometry":{"type":"LineString","coordinates":[[2.484427690522415,48.852425705367878],[2.484359511521438,48.853083326727017],[2.483974880933909,48.853093752109615],[2.483978053038767,48.853697942343324],[2.484109009726672,48.85376810480782],[2.485626484191028,48.854581095227033],[2.486378051468137,48.854499739014351],[2.486726725501288,48.854422692304496],[2.487205436868838,48.854038930288333]]}},
{"type":"Feature","properties":{"fid":1354},"geometry":{"type":"LineString","coordinates":[[2.484109009726672,48.85376810480782],[2.483875491513555,48.85388479466409],[2.48383706371563,48.854098737270682]]}},
{"type":"Feature","properties":{"fid":1355},"geometry":{"type":"LineString","coordinates":[[2.450496706241498,48.843672020727944],[2.450374784618596,48.843413946345073],[2.45018267724246,48.843098772066128],[2.449883865202742,48.842799171718646],[2.449538062988608,48.842503572197259],[2.449082219043292,48.842133359203423],[2.449032107962846,48.841908324906193],[2.450511650116694,48.839645574920311],[2.451211467791089,48.838690364078886],[2.451992616786093,48.83748715893681]]}},
{"type":"Feature","properties":{"fid":1356},"geometry":{"type":"LineString","coordinates":[[2.454492636903145,48.835900803686577],[2.454603294623015,48.835558743084945],[2.45470286309309,48.835265186426888],[2.454860938889036,48.835055199319768],[2.454929380632035,48.834898705508614],[2.455124720103709,48.834674187260539],[2.455247368828796,48.834526996285177]]}},
{"type":"Feature","properties":{"fid":1357},"geometry":{"type":"LineString","coordinates":[[2.462613953542282,48.835243604258267],[2.462710359507335,48.835471567679043],[2.462742599427762,48.835547802349616],[2.462792032241472,48.835793032996733],[2.462826519316612,48.836047996789965],[2.462816874845205,48.836263560970124],[2.462784406784024,48.836532924461011],[2.462714529184046,48.836848171849688]]}},
{"type":"Feature","properties":{"fid":1358},"geometry":{"type":"LineString","coordinates":[[2.460623764713079,48.838590908289106],[2.46056900719005,48.838941983973925],[2.460951813297105,48.839317772936667],[2.461289121820319,48.839721105281164],[2.461543234342511,48.840035106807044],[2.461999505142703,48.840660231552846],[2.462284362761721,48.84091739777287]]}},
{"type":"Feature","properties":{"fid":1359},"geometry":{"type":"LineString","coordinates":[[2.465427739361431,48.839076223202689],[2.465600396392054,48.838680282731012]]}},
{"type":"Feature","properties":{"fid":1360},"geometry":{"type":"LineString","coordinates":[[2.466184012347451,48.83877506676702],[2.466498829055798,48.838849442197876]]}},
{"type":"Feature","properties":{"fid":1361},"geometry":{"type":"LineString","coordinates":[[2.467630611194463,48.837041845355174],[2.467504988397156,48.836837364559024],[2.468907499308499,48.836481237155432],[2.468660800520543,48.836363250299804],[2.468662587740352,48.836187921342798],[2.468860135485026,48.835919876279952]]}},
{"type":"Feature","properties":{"fid":1362},"geometry":{"type":"LineString","coordinates":[[2.462435027559212,48.834952705694533],[2.462405543080946,48.834955722482626],[2.46191065167312,48.835006357563763],[2.461096547572763,48.835127399642538]]}},
{"type":"Feature","properties":{"fid":1363},"geometry":{"type":"LineString","coordinates":[[2.461173365258228,48.835948182484245],[2.45963206729208,48.83596190076593],[2.459502942250572,48.835938299643985]]}},
{"type":"Feature","properties":{"fid":1364},"geometry":{"type":"LineString","coordinates":[[2.459510301279443,48.837056754002063],[2.459618010969597,48.837317776538761],[2.460276566574333,48.837846760286773],[2.460450966592381,48.837978417986328]]}},
{"type":"Feature","properties":{"fid":1365},"geometry":{"type":"LineString","coordinates":[[2.45963206729208,48.83596190076593],[2.459641844341207,48.83587281524818],[2.45995569961162,48.835488491031697],[2.460359395784237,48.835298172723249],[2.461096547572763,48.835127399642538]]}},
{"type":"Feature","properties":{"fid":1366},"geometry":{"type":"LineString","coordinates":[[2.461173564587659,48.835011993810362],[2.4614567947084,48.834696744229554],[2.461494923276991,48.83443390998923],[2.461500055136327,48.833937143988379],[2.461619186305912,48.833794971451368],[2.461885491122899,48.833477156856226],[2.461986584266277,48.833368732497995],[2.462588231398382,48.832723442957899],[2.463489740599837,48.832008606128909],[2.463997756118863,48.831677742319833]]}},
{"type":"Feature","properties":{"fid":1367},"geometry":{"type":"LineString","coordinates":[[2.465246058133423,48.83685814949002],[2.464986191218728,48.835735726804195],[2.464983140944689,48.835722551698844]]}},
{"type":"Feature","properties":{"fid":1368},"geometry":{"type":"LineString","coordinates":[[2.462710359507335,48.835471567679043],[2.462333554350845,48.835742483556963],[2.462278084513277,48.835970172378495],[2.46230163641266,48.836371690038717]]}},
{"type":"Feature","properties":{"fid":1369},"geometry":{"type":"LineString","coordinates":[[2.461173365258228,48.835948182484245],[2.461353075232949,48.835525868727984]]}},
{"type":"Feature","properties":{"fid":1370},"geometry":{"type":"LineString","coordinates":[[2.467544801641165,48.837200176529137],[2.467630611194463,48.837041845355174]]}},
{"type":"Feature","properties":{"fid":1371},"geometry":{"type":"LineString","coordinates":[[2.463064068259929,48.85285562773042],[2.464746625747247,48.852722880020821],[2.465234904240384,48.852608173693255],[2.465536893519141,48.852536710279828],[2.465870591208009,48.853272080128292],[2.466034867945131,48.853190349554168],[2.467626669476336,48.852757795790531]]}},
{"type":"Feature","properties":{"fid":1372},"geometry":{"type":"LineString","coordinates":[[2.468201220802766,48.852906615860725],[2.468125695468389,48.853432032889174]]}},
{"type":"Feature","properties":{"fid":1373},"geometry":{"type":"LineString","coordinates":[[2.467575202258634,48.853328800764494],[2.467381064097164,48.854055486974971],[2.467187613754322,48.854785184328328],[2.466470669719032,48.854741078513555],[2.464477516448713,48.854778930632961],[2.463989071150919,48.85479801126646],[2.461553780898762,48.85487685485392],[2.461129216202512,48.854941428879386],[2.460788681456856,48.854993221190568],[2.460051241457675,48.855217830118981],[2.459492863853089,48.855256220480811],[2.458239003712207,48.855207429539924],[2.457705609641519,48.855158988090736]]}},
{"type":"Feature","properties":{"fid":1374},"geometry":{"type":"LineString","coordinates":[[2.457311053511407,48.853950340825762],[2.458029223476775,48.853770948539797],[2.458366729177552,48.853635815777821],[2.458909684696415,48.853418420157752],[2.460797283088557,48.852664236610835],[2.460856518286209,48.852563785616709]]}},
{"type":"Feature","properties":{"fid":1375},"geometry":{"type":"LineString","coordinates":[[2.421082304835712,48.851091231757771],[2.418259455164199,48.850783802392215],[2.416448473167305,48.85059150522126]]}},
{"type":"Feature","properties":{"fid":1376},"geometry":{"type":"LineString","coordinates":[[2.426062059341459,48.852966197224596],[2.427864152153522,48.853173284443471],[2.429951047078715,48.852940976706329],[2.43292459658849,48.852609902336347],[2.434887143551845,48.852415656417676]]}},
{"type":"Feature","properties":{"fid":1377},"geometry":{"type":"LineString","coordinates":[[2.473371920644591,48.851682519790181],[2.474205128977345,48.851217117259239]]}},
{"type":"Feature","properties":{"fid":1378},"geometry":{"type":"LineString","coordinates":[[2.476729386949801,48.849915273662056],[2.476815990873951,48.849823338213895],[2.476261646400709,48.848985577039734],[2.475202751013883,48.849459435983192]]}},
{"type":"Feature","properties":{"fid":1379},"geometry":{"type":"LineString","coordinates":[[2.474012267506745,48.849117826409632],[2.473617149784252,48.849131346689148],[2.473258160016539,48.849053924475157],[2.4731129842179,48.84907068258839],[2.472893018805106,48.84892944584282],[2.472769015328505,48.848979634026662]]}},
{"type":"Feature","properties":{"fid":1380},"geometry":{"type":"LineString","coordinates":[[2.47279170064806,48.848477118134284],[2.472929850953658,48.848703487458558]]}},
{"type":"Feature","properties":{"fid":1381},"geometry":{"type":"LineString","coordinates":[[2.47369891284693,48.848638104426406],[2.47389536755559,48.848546659793683],[2.474004411424312,48.848646650650437]]}},
{"type":"Feature","properties":{"fid":1382},"geometry":{"type":"LineString","coordinates":[[2.47389536755559,48.848546659793683],[2.473763600676484,48.848440879365775],[2.47364960384394,48.848329332460665],[2.47360306967208,48.848232104797248]]}},
{"type":"Feature","properties":{"fid":1383},"geometry":{"type":"LineString","coordinates":[[2.471345650448772,48.848991384309308],[2.470417800867383,48.848654612675411]]}},
{"type":"Feature","properties":{"fid":1384},"geometry":{"type":"LineString","coordinates":[[2.455526102309937,48.836596921399469],[2.455434327147192,48.836178837802613],[2.455376551804064,48.835854918873821]]}},
{"type":"Feature","properties":{"fid":1385},"geometry":{"type":"LineString","coordinates":[[2.463997756118863,48.831677742319833],[2.463999260775254,48.831639028656568],[2.461831983932538,48.831906914377321],[2.460007256600748,48.832097160516348],[2.459851183916088,48.832113431301877],[2.459494516854614,48.832150613515239],[2.458685265710279,48.832225359319985]]}},
{"type":"Feature","properties":{"fid":1386},"geometry":{"type":"LineString","coordinates":[[2.461780388493126,48.830121630689945],[2.464242602909077,48.831212585380996],[2.464414515008767,48.831288752327644],[2.464549865358475,48.831470540674772],[2.46458868059664,48.831570072472402],[2.464616144711383,48.832343872721431],[2.464731198467677,48.833209386028877],[2.464868635562441,48.83405088980642],[2.464440548425185,48.834355814015268],[2.464722088414601,48.834635422159714],[2.464865851480991,48.834861081504883],[2.464841889096449,48.835039233742471],[2.464800520563518,48.835188085211563],[2.464927239322491,48.835349377830525],[2.464978887843818,48.835492800817718],[2.464986191218728,48.835735726804195]]}},
{"type":"Feature","properties":{"fid":1387},"geometry":{"type":"LineString","coordinates":[[2.462405543080946,48.834955722482626],[2.462532588457844,48.834900298659605],[2.462709526999756,48.834912782745114],[2.46317168622265,48.834739520665508],[2.463651307628267,48.83458971338991],[2.463750433076693,48.834420665170349],[2.464034205662121,48.834375180480301],[2.464428535356606,48.833909380694053],[2.464572461034309,48.833687931095],[2.464033275772398,48.831882462111217],[2.463997756118863,48.831677742319833],[2.464414515008767,48.831288752327644],[2.464242602909077,48.831212585380996]]}},
{"type":"Feature","properties":{"fid":1388},"geometry":{"type":"LineString","coordinates":[[2.464414515008767,48.831288752327644],[2.464742669937707,48.830906670015686],[2.464950231193109,48.830521855537228],[2.464803943630829,48.8301120792704],[2.464710650768791,48.829714229065509],[2.464398040679972,48.829122524782967],[2.464294339353851,48.82887658698057],[2.464234117643178,48.828706823685053],[2.464288970657062,48.828537575849047],[2.464406086427012,48.828339383784545],[2.464470270582348,48.828123420740873],[2.464482304143242,48.827813710367401],[2.464413831731254,48.827585463948061],[2.464381305366112,48.827498759360232]]}},
{"type":"Feature","properties":{"fid":1389},"geometry":{"type":"LineString","coordinates":[[2.464064977870823,48.828675298793613],[2.464117180619106,48.82888748251181],[2.464194985944668,48.829069013823549],[2.464264480349425,48.82919790640446],[2.464263219110611,48.829320637397167],[2.46395069471526,48.829582244085124],[2.464018206327549,48.829903999639143],[2.464050790812014,48.830178841770696],[2.463959204505288,48.830476505744898],[2.463983297342034,48.830716242128169],[2.464176304614405,48.830886600204963],[2.464272538453676,48.830998078574822],[2.464242602909077,48.831212585380996]]}},
{"type":"Feature","properties":{"fid":1390},"geometry":{"type":"LineString","coordinates":[[2.457120283198506,48.833578085571034],[2.456987482124259,48.834126983903907]]}},
{"type":"Feature","properties":{"fid":1391},"geometry":{"type":"LineString","coordinates":[[2.455797254593111,48.835411681840696],[2.455871089265387,48.83568549802677],[2.455930132783861,48.835966306061685],[2.455950714284927,48.836539167509876],[2.455942154492072,48.8368218982055]]}},
{"type":"Feature","properties":{"fid":1392},"geometry":{"type":"LineString","coordinates":[[2.455942154492072,48.8368218982055],[2.456024233192254,48.8371298031092],[2.456365855646626,48.837482030054993],[2.456576204318509,48.83768754554869],[2.45697129448723,48.837881853353338]]}},
{"type":"Feature","properties":{"fid":1393},"geometry":{"type":"LineString","coordinates":[[2.452935416289606,48.840660203132565],[2.451899971306669,48.840978611863918],[2.451109690315956,48.841191236567404],[2.450257732772044,48.841374349891268],[2.449486011458253,48.841505225505792],[2.44975508854511,48.8411791688902],[2.450050107461422,48.840911676340028],[2.450230515593052,48.840596899939776],[2.450392166173752,48.840381394380103],[2.450559896887269,48.840428921303555],[2.450647142123242,48.84055205755115]]}},
{"type":"Feature","properties":{"fid":1394},"geometry":{"type":"LineString","coordinates":[[2.450647142123242,48.84055205755115],[2.45075098704514,48.840780471819215],[2.450937473899801,48.840728726978369],[2.451151322205841,48.840601128246199],[2.451322622663853,48.840309686563032],[2.451103491846109,48.840098277418093],[2.451105584439974,48.839899572230991],[2.451089107827328,48.839782605556891],[2.451161073473868,48.839589855847031]]}},
{"type":"Feature","properties":{"fid":1395},"geometry":{"type":"LineString","coordinates":[[2.465600396392054,48.838680282731012],[2.465491048462859,48.838377678277823],[2.465479538025435,48.83769718450489]]}},
{"type":"Feature","properties":{"fid":1396},"geometry":{"type":"LineString","coordinates":[[2.446642329517854,48.844960396474647],[2.446664325752125,48.844776837608343],[2.446986812805535,48.84442765691314],[2.447203411360144,48.844274523508837],[2.44753102971135,48.844044432225751],[2.448112172516822,48.843769375094773]]}},
{"type":"Feature","properties":{"fid":1397},"geometry":{"type":"LineString","coordinates":[[2.448344268184481,48.843791336418597],[2.448271851360206,48.844225596902959]]}},
{"type":"Feature","properties":{"fid":1398},"geometry":{"type":"LineString","coordinates":[[2.449672235311835,48.84416145514102],[2.450643858956473,48.844481127260018]]}},
{"type":"Feature","properties":{"fid":1399},"geometry":{"type":"LineString","coordinates":[[2.348959234469814,48.860092176297002],[2.349233263464795,48.860064555591102],[2.349996177359211,48.859987654351826],[2.34949496709003,48.859263561865546]]}},
{"type":"Feature","properties":{"fid":1400},"geometry":{"type":"LineString","coordinates":[[2.349744566003435,48.859176038723312],[2.349349263760047,48.858593145768495],[2.34985509554296,48.858535815153935]]}},
{"type":"Feature","properties":{"fid":1401},"geometry":{"type":"LineString","coordinates":[[2.348902647677084,48.859471258424875],[2.349233263464795,48.860064555591102],[2.349424277759666,48.860541103314851]]}},
{"type":"Feature","properties":{"fid":1402},"geometry":{"type":"LineString","coordinates":[[2.350086513858674,48.862015269477787],[2.350423774208578,48.862506330852561]]}},
{"type":"Feature","properties":{"fid":1403},"geometry":{"type":"LineString","coordinates":[[2.350570852735114,48.862968104853422],[2.350801673263562,48.863435665337292]]}},
{"type":"Feature","properties":{"fid":1404},"geometry":{"type":"LineString","coordinates":[[2.349962107809086,48.863634655077156],[2.350080335471098,48.864096800108044],[2.350128397159561,48.86430014717341],[2.348369279547867,48.864711384804949],[2.346769778879321,48.864759443344504],[2.34510798182821,48.864822707864583]]}},
{"type":"Feature","properties":{"fid":1405},"geometry":{"type":"LineString","coordinates":[[2.345659046726112,48.863842915525538],[2.345088313797038,48.863565490172583],[2.345144472033259,48.863326173414514],[2.345843896499021,48.863154501739892]]}},
{"type":"Feature","properties":{"fid":1406},"geometry":{"type":"LineString","coordinates":[[2.460446146173956,48.853982978821641],[2.460788681456856,48.854993221190568]]}},
{"type":"Feature","properties":{"fid":1407},"geometry":{"type":"LineString","coordinates":[[2.461129216202512,48.854941428879386],[2.461416502349209,48.856162019545728],[2.457604182659065,48.855912647869275]]}},
{"type":"Feature","properties":{"fid":1408},"geometry":{"type":"LineString","coordinates":[[2.457604182659065,48.855912647869275],[2.455855031377253,48.854821853219477],[2.454504003204197,48.854340163473097]]}},
{"type":"Feature","properties":{"fid":1409},"geometry":{"type":"LineString","coordinates":[[2.454023784260575,48.854178968843847],[2.453137525413435,48.853833436964756],[2.454387191483631,48.853618981615561]]}},
{"type":"Feature","properties":{"fid":1410},"geometry":{"type":"LineString","coordinates":[[2.452416533513411,48.851297541907506],[2.451959002271517,48.850524133554181],[2.451649399750072,48.85000076879404]]}},
{"type":"Feature","properties":{"fid":1411},"geometry":{"type":"LineString","coordinates":[[2.453015352585889,48.8510250447072],[2.452831303150242,48.850734458772102]]}},
{"type":"Feature","properties":{"fid":1412},"geometry":{"type":"LineString","coordinates":[[2.451959002271517,48.850524133554181],[2.45237418817263,48.850410920140597],[2.452609298409902,48.850791888262648]]}},
{"type":"Feature","properties":{"fid":1413},"geometry":{"type":"LineString","coordinates":[[2.465512757840974,48.831460504580001],[2.465915539845258,48.831997545824969],[2.466820469167668,48.832673710562027],[2.467762921231516,48.833145474636304],[2.468512060232569,48.833476102299088],[2.468880956451257,48.833764125233515],[2.469249261690668,48.834110590059289],[2.469461589950246,48.834502645278761],[2.469630579988192,48.834918832434965],[2.469835279125902,48.835683917150583],[2.469828624102174,48.836144792621646],[2.469862516576031,48.836339104475556]]}},
{"type":"Feature","properties":{"fid":1414},"geometry":{"type":"LineString","coordinates":[[2.469862516576031,48.836339104475556],[2.469807645659216,48.836659836716052],[2.469270380735082,48.837253599136666],[2.468287509509092,48.838131762115218],[2.46729721533709,48.839100147195502],[2.466370931150517,48.840265254663016],[2.465549244240866,48.840957086880181],[2.465058646258722,48.841308488668219],[2.46421222547198,48.841819019986474],[2.463147632150562,48.842219250822055]]}},
{"type":"Feature","properties":{"fid":1415},"geometry":{"type":"LineString","coordinates":[[2.464927722157751,48.843020209934913],[2.465960669925615,48.842498959547662],[2.466923384193566,48.841872043782935],[2.467664246956609,48.841290889287251],[2.468380200469399,48.840545972142223],[2.469083558398056,48.839837015381526]]}},
{"type":"Feature","properties":{"fid":1416},"geometry":{"type":"LineString","coordinates":[[2.470316760978053,48.833869973162003],[2.470541464205024,48.834364711438027],[2.470661131300572,48.834786050210973],[2.470689302965758,48.83549921219192],[2.470663979210531,48.836116547869636]]}},
{"type":"Feature","properties":{"fid":1417},"geometry":{"type":"LineString","coordinates":[[2.470790997876279,48.845988497104557],[2.470358083317274,48.846014104237263]]}},
{"type":"Feature","properties":{"fid":1418},"geometry":{"type":"LineString","coordinates":[[2.472841595207039,48.845680257281394],[2.472600435273807,48.846326616500129]]}},
{"type":"Feature","properties":{"fid":1419},"geometry":{"type":"LineString","coordinates":[[2.47360306967208,48.848232104797248],[2.473527755990843,48.848118394411792],[2.473528700658427,48.848024886584426],[2.473310952498306,48.848092631295401],[2.472659949529135,48.848295164622158]]}},
{"type":"Feature","properties":{"fid":1420},"geometry":{"type":"LineString","coordinates":[[2.457337625055296,48.851682893028574],[2.456388232528403,48.851837964603654]]}},
{"type":"Feature","properties":{"fid":1421},"geometry":{"type":"LineString","coordinates":[[2.45730535669901,48.852302974492424],[2.458512300153429,48.852028557989989],[2.458751226208029,48.852047172476411],[2.459343389220751,48.852202391289595]]}},
{"type":"Feature","properties":{"fid":1422},"geometry":{"type":"LineString","coordinates":[[2.461619186305912,48.833794971451368],[2.461130620908421,48.833655904264319],[2.460978868398407,48.833616155134663],[2.460759895234083,48.833537037425714],[2.460481982042138,48.833435330401258],[2.460305275824275,48.833356402489173],[2.460120174863872,48.833271855651049],[2.45980746901065,48.833264862986226],[2.459605173812506,48.833208141510525],[2.459292931486394,48.833156503463904],[2.459065162318958,48.833110827434403],[2.458769769244862,48.833064844981259],[2.458566838370147,48.833069507292286],[2.458515250623941,48.833152985255104],[2.45843746272417,48.833372215669286]]}},
{"type":"Feature","properties":{"fid":1423},"geometry":{"type":"LineString","coordinates":[[2.464640979143727,48.828894426601543],[2.464594824701918,48.828475760837442],[2.464635338857514,48.827822989947563],[2.464587548602502,48.827538155668336],[2.464488243071148,48.827416288530394]]}},
{"type":"Feature","properties":{"fid":1424},"geometry":{"type":"LineString","coordinates":[[2.431839560283569,48.840919039874542],[2.432656158828512,48.84070219109099],[2.433164480422224,48.840308794289307],[2.434071893181871,48.840542288887839]]}},
{"type":"Feature","properties":{"fid":1425},"geometry":{"type":"LineString","coordinates":[[2.431779773985594,48.84100852571563],[2.430869074231579,48.841058042346603],[2.430181211923959,48.841132124635834],[2.42878589054719,48.840781290466353],[2.42846561996222,48.840665034162868],[2.428255854577702,48.840555006386403],[2.428070152346155,48.840499934035897],[2.427588504073085,48.840315699725743],[2.427001938658606,48.840210598332554],[2.426325518173091,48.84008115703557],[2.425657664453236,48.839963225681558],[2.425146230205504,48.839846042360683],[2.424823605739335,48.840055370449761],[2.424344551082266,48.840042958840904],[2.423966387231479,48.840448418058124],[2.423501444692797,48.840841985125515],[2.423197066036383,48.841033124791238],[2.422983656398829,48.841298395000237],[2.423294303693791,48.841429734428601],[2.423508516610365,48.841607398223864]]}},
{"type":"Feature","properties":{"fid":1426},"geometry":{"type":"LineString","coordinates":[[2.449746596087088,48.85054274645919],[2.450269406693217,48.852005754281628],[2.450335396940768,48.852190412049218]]}},
{"type":"Feature","properties":{"fid":1427},"geometry":{"type":"LineString","coordinates":[[2.450269406693217,48.852005754281628],[2.448888495803252,48.852252324443171],[2.449085609627182,48.852421999886843],[2.44830029219465,48.852790982483498]]}},
{"type":"Feature","properties":{"fid":1428},"geometry":{"type":"LineString","coordinates":[[2.448019598168905,48.850960812208626],[2.448593521949135,48.851932181908751],[2.448888495803252,48.852252324443171]]}},
{"type":"Feature","properties":{"fid":1429},"geometry":{"type":"LineString","coordinates":[[2.448157997294149,48.852789946608993],[2.447882022487271,48.852345178727681],[2.447752860481119,48.85213701512933],[2.447153191976484,48.851170536881]]}},
{"type":"Feature","properties":{"fid":1430},"geometry":{"type":"LineString","coordinates":[[2.447882022487271,48.852345178727681],[2.447521840462939,48.852508549468602],[2.447887901220265,48.852787979905436]]}},
{"type":"Feature","properties":{"fid":1431},"geometry":{"type":"LineString","coordinates":[[2.447752860481119,48.85213701512933],[2.448593521949135,48.851932181908751]]}},
{"type":"Feature","properties":{"fid":1432},"geometry":{"type":"LineString","coordinates":[[2.486838349859079,48.851736063961852],[2.486034010222601,48.851288710888262],[2.485386867788614,48.850928777234607],[2.485259655903326,48.850862598257159],[2.485010761261367,48.850889655134388],[2.485056716622054,48.850552318052543],[2.485142697174986,48.850477680302724],[2.485144410862378,48.850304232206149],[2.485117711603126,48.85013066181547],[2.485118661119737,48.850034562167941],[2.484899712394547,48.849907044093513],[2.484893906652645,48.849775755431608],[2.484924358135914,48.849569615021103],[2.484882758642158,48.849466300159612],[2.484841251997659,48.849353609692798],[2.484941576115794,48.849264969801375],[2.485091297382029,48.849209358353249],[2.48514890959172,48.849129910437114],[2.485157124213944,48.84901743399594],[2.485058700156015,48.848913874608535],[2.484910045423129,48.84886166680274],[2.484826569730481,48.848683163675474],[2.484978003628314,48.848454103959718],[2.485156690271987,48.84834236115146],[2.485499577649878,48.848146940387849],[2.485766809505873,48.848028618694656]]}},
{"type":"Feature","properties":{"fid":1433},"geometry":{"type":"LineString","coordinates":[[2.484890712750901,48.847382696010484],[2.485812934572038,48.846624688132607],[2.486057248343172,48.846339769792031],[2.486338181747435,48.84594249603331],[2.486647613660063,48.845535967769507],[2.486872779376028,48.845030629026638],[2.487018752279427,48.844632774319621],[2.487167676339321,48.84416250028427]]}},
{"type":"Feature","properties":{"fid":1434},"geometry":{"type":"LineString","coordinates":[[2.484832356924406,48.842639550342163],[2.484984950143965,48.84254021384681],[2.486478167341544,48.842368488273308]]}},
{"type":"Feature","properties":{"fid":1435},"geometry":{"type":"LineString","coordinates":[[2.486478167341544,48.842368488273308],[2.48639421161883,48.84223920732375],[2.485365741017129,48.842098834735552],[2.48502632054979,48.841947357411776],[2.484377377905569,48.841494511921923],[2.483375577229808,48.84081511406059],[2.484655565991104,48.839936941829414],[2.483519462232166,48.83919602100773],[2.48311224550443,48.839438039816983],[2.48290248038921,48.839821551841489],[2.482400038978648,48.840175669175153],[2.482083057103197,48.839971546876228],[2.481558566597447,48.839633792765255],[2.480862476054828,48.839100134958663],[2.482153656546291,48.837826959616507],[2.482538883101445,48.837447089910306]]}},
{"type":"Feature","properties":{"fid":1436},"geometry":{"type":"LineString","coordinates":[[2.478989305872411,48.841370768885184],[2.478321042786943,48.840942023129109],[2.477441253260317,48.841874606804858]]}},
{"type":"Feature","properties":{"fid":1437},"geometry":{"type":"LineString","coordinates":[[2.403450383035931,48.847649862045515],[2.403116163520525,48.845773170573914],[2.40255640879573,48.845002837993931]]}},
{"type":"Feature","properties":{"fid":1438},"geometry":{"type":"LineString","coordinates":[[2.403624343460923,48.845569274699578],[2.403775170054753,48.84606582904307],[2.403970719612949,48.84635746173344],[2.404451022540018,48.84659425540999],[2.404932935664068,48.846690414061747],[2.40508855321545,48.84674744439809],[2.405444438074201,48.846683581050385],[2.405377369022073,48.846336333112298],[2.404895672474146,48.846221425138488],[2.404175811387246,48.84581467095137],[2.403684791983898,48.845545020824751]]}},
{"type":"Feature","properties":{"fid":1439},"geometry":{"type":"LineString","coordinates":[[2.40609064403853,48.844703082501177],[2.406496886494647,48.844396355663839],[2.408277490542898,48.84396449993433],[2.408618722271786,48.843938058978097]]}},
{"type":"Feature","properties":{"fid":1440},"geometry":{"type":"LineString","coordinates":[[2.408277490542898,48.84396449993433],[2.407962604693538,48.842922195588642],[2.405344180939384,48.843331132997463],[2.405163909545837,48.842945816707328],[2.40230698216733,48.843362486492481]]}},
{"type":"Feature","properties":{"fid":1441},"geometry":{"type":"LineString","coordinates":[[2.402321027536276,48.843710028095543],[2.402029366990126,48.843764662599206],[2.401697927493222,48.842937908616278],[2.402286123184839,48.842846338627261]]}},
{"type":"Feature","properties":{"fid":1442},"geometry":{"type":"LineString","coordinates":[[2.402273638427947,48.841975197385665],[2.404895558363367,48.841566194376313],[2.405163909545837,48.842945816707328],[2.405344180939384,48.843331132997463],[2.405737257945381,48.844767334035282]]}},
{"type":"Feature","properties":{"fid":1443},"geometry":{"type":"LineString","coordinates":[[3.786144397575333,47.169353920640248],[3.786262979078344,47.169225078546113],[3.786261471610909,47.169121840047573],[3.78622170655077,47.168990702587735],[3.78608115057688,47.168849689911575],[3.785885430399947,47.168642174472929],[3.785634252085956,47.168406876264349],[3.785556335043112,47.168254878360742],[3.785443362857766,47.168058533516167],[3.785401024756965,47.167868749120451],[3.785301055429384,47.167502190075439],[3.785274124315739,47.167189106511998],[3.785064411992144,47.166965258573121],[3.78500097873086,47.166862439868929],[3.785161536175022,47.166546911581541],[3.785112001761372,47.16645338492431],[3.784939980412899,47.166454551296482],[3.784645129329218,47.166526946829002],[3.784598672606682,47.166644589858343],[3.78445220345913,47.16674648458325],[3.782689467041976,47.166673938125861],[3.782622431423883,47.166796412567322],[3.782625159475223,47.166984119174323],[3.782958036561813,47.167160207374884],[3.783210801314416,47.167505789098882],[3.783316207314898,47.167892258851076],[3.783924822370037,47.168336333122859],[3.784768692883976,47.168630976483115],[3.785680973502883,47.168896990784205],[3.785987717599467,47.169167110109917],[3.786253862577535,47.169484435554928],[3.78648036799493,47.169914664589527],[3.787058671090361,47.169929507509998],[3.787116739714064,47.17013561020044],[3.787221310955188,47.17069807400658],[3.786872530513726,47.171319936806356],[3.786931697245767,47.171601121953763],[3.786996351689582,47.172257719321593],[3.787326562609053,47.172718920033155],[3.788403631650291,47.174832880656588],[3.788663478666746,47.175657099453822],[3.788569586656011,47.176765313621317],[3.788142317235391,47.177669299763153],[3.787646243493846,47.177635130028932],[3.786686015398204,47.177866926374016],[3.785918758604214,47.178116177655092],[3.785647248215229,47.178613142840838],[3.785370545945811,47.178990468259776],[3.785210363272126,47.179334151215023],[3.785164717997462,47.179508105604221],[3.784804596003395,47.179829677778244],[3.784739874493541,47.180111702626554],[3.784141720511267,47.180159165482486],[3.783902127543224,47.180249956483863],[3.783835009455712,47.180367738362769],[3.783888380860464,47.180724052934742],[3.783793389771677,47.180818557913817],[3.783669774573405,47.180838166872498],[3.783225868590402,47.180606514750401],[3.782741011759719,47.180398603233655],[3.782292685601155,47.180335929111912],[3.781935811172959,47.180408735781214],[3.781567486778594,47.180641184066097],[3.781244782039134,47.180934333710617],[3.780764421651898,47.181036128273185],[3.780207397242825,47.181072733934009],[3.779678174853087,47.181127922138643],[3.779402593728136,47.181111004716044],[3.779206888679968,47.180905825266244],[3.778782088043946,47.180566086400624],[3.778468161101865,47.180277224832629],[3.778003837780971,47.180059769372619],[3.777809769039409,47.179967210959653],[3.777742266779965,47.179582830056162],[3.777522236089321,47.178645687195953],[3.77735577065729,47.178557635782283],[3.776956184673143,47.178532158739273],[3.776392977902122,47.17861571874267],[3.775491252265074,47.178851722606929],[3.774951118971123,47.179104072650098],[3.774417525616859,47.179332910885769],[3.773900930741631,47.179786901750767],[3.773200720343046,47.180396988432513],[3.773022377972984,47.180440416865935],[3.772623386186669,47.180457158713743],[3.771196122038857,47.180288334259501],[3.76848884276052,47.179896858381518],[3.768178925493048,47.179884835249332],[3.767862460435798,47.1798963201771],[3.766648251512748,47.179702561513935],[3.766240577331052,47.179592625334514],[3.765501764017674,47.179188038853255],[3.765140606142205,47.178960463965453],[3.764731140922291,47.178723820772412],[3.76439196918795,47.178589960264119],[3.764065631574153,47.178390310758807],[3.763697935581707,47.178186239993082],[3.763398200818864,47.17792070983073],[3.763161074935554,47.177701697260645],[3.762986091030978,47.177496354073504],[3.763077321653412,47.177134384522951],[3.763265700045447,47.176828091738869],[3.763174169386733,47.176683208970623],[3.762678320027529,47.176663010250287],[3.76146772026458,47.176717908001464],[3.759270846672141,47.176873125830362],[3.759268133361839,47.17668072671534]]}},
{"type":"Feature","properties":{"fid":1444},"geometry":{"type":"LineString","coordinates":[[4.04913862074405,46.931668463743939],[4.048300495025123,46.931912717411919],[4.047476133043297,46.932152951821507],[4.045746285959386,46.93340778983309],[4.044787516283029,46.933435258800159],[4.043669031681492,46.933708237103311],[4.04336903684883,46.933786051729697],[4.043764157043424,46.932956387687824],[4.044281200216258,46.932763957541496],[4.044032032679792,46.932634791709368],[4.041462257479294,46.93297720881997],[4.04153904597107,46.932694894523586],[4.041990438813075,46.931939826792352],[4.04250060422715,46.931390747261169],[4.042684462472522,46.930976040569071],[4.042433498091548,46.930753014013767],[4.041275006260482,46.930369216693691],[4.040006922598123,46.929986396743324],[4.03884521967721,46.929433631816828],[4.037898790530916,46.928672395163325],[4.037220999065863,46.92762711287876],[4.037575050134057,46.927511277826063]]}},
{"type":"Feature","properties":{"fid":1445},"geometry":{"type":"LineString","coordinates":[[4.037220999065863,46.92762711287876],[4.036444422511987,46.927145956382958]]}},
{"type":"Feature","properties":{"fid":1446},"geometry":{"type":"LineString","coordinates":[[4.042684462472522,46.930976040569071],[4.043838630063832,46.93113456645132],[4.044669047718089,46.931558861556184],[4.04524450737642,46.931553644571252],[4.045569349829118,46.93134417645097],[4.045812344848914,46.931154224752795],[4.046358218607756,46.931036622265751],[4.046825152193345,46.931088706662045],[4.047266501347606,46.931234895261149],[4.047740709987258,46.931662404374016],[4.048152844493335,46.931714981548602],[4.048300495025123,46.931912717411919]]}},
{"type":"Feature","properties":{"fid":1447},"geometry":{"type":"LineString","coordinates":[[2.421043107880128,48.844849833433457],[2.420371321063922,48.845168590097231]]}},
{"type":"Feature","properties":{"fid":1448},"geometry":{"type":"LineString","coordinates":[[2.417602908031349,48.845827572453537],[2.415731332114115,48.845987691564488],[2.415860498304359,48.846624705553879]]}},
{"type":"Feature","properties":{"fid":1449},"geometry":{"type":"LineString","coordinates":[[2.415731332114115,48.845987691564488],[2.415618380348169,48.845292138786405],[2.417580975942804,48.845445859490461]]}},
{"type":"Feature","properties":{"fid":1450},"geometry":{"type":"LineString","coordinates":[[2.457333566145558,48.852072645156426],[2.457840152196872,48.851918181290806]]}},
{"type":"Feature","properties":{"fid":1451},"geometry":{"type":"LineString","coordinates":[[2.461736797212482,48.851475693128222],[2.461182922060743,48.85084566731993],[2.461438293531141,48.850654926129707]]}},
{"type":"Feature","properties":{"fid":1452},"geometry":{"type":"LineString","coordinates":[[2.463064068259929,48.85285562773042],[2.462486922581915,48.852865023597815],[2.461838316999063,48.85307306743038]]}},
{"type":"Feature","properties":{"fid":1453},"geometry":{"type":"LineString","coordinates":[[2.461284250243551,48.853790883448347],[2.461553780898762,48.85487685485392]]}},
{"type":"Feature","properties":{"fid":1454},"geometry":{"type":"LineString","coordinates":[[2.467938649927635,48.852798632940505],[2.4680349936472,48.852699954947418],[2.46834822050856,48.852635715350416],[2.468676322900218,48.852505909225755],[2.469083756550676,48.852259254627221],[2.469362941791491,48.852049533790115],[2.469865964767874,48.851889918425456]]}},
{"type":"Feature","properties":{"fid":1455},"geometry":{"type":"LineString","coordinates":[[2.473528700658427,48.848024886584426],[2.473618176695298,48.84798832495045]]}},
{"type":"Feature","properties":{"fid":1456},"geometry":{"type":"LineString","coordinates":[[2.473310952498306,48.848092631295401],[2.47304031472017,48.848400419456347]]}},
{"type":"Feature","properties":{"fid":1457},"geometry":{"type":"LineString","coordinates":[[2.454387191483631,48.853618981615561],[2.454590169319883,48.85361452652883],[2.456980400658634,48.853981684406243],[2.457186555677159,48.85396855584807],[2.457311053511407,48.853950340825762]]}},
{"type":"Feature","properties":{"fid":1458},"geometry":{"type":"LineString","coordinates":[[2.458366729177552,48.853635815777821],[2.458026462684248,48.853060596384957]]}},
{"type":"Feature","properties":{"fid":1459},"geometry":{"type":"LineString","coordinates":[[2.457653620176952,48.852964762529425],[2.457028271791169,48.853373145834823]]}},
{"type":"Feature","properties":{"fid":1460},"geometry":{"type":"LineString","coordinates":[[2.457711003838464,48.854640692010271],[2.458262824397478,48.854480907291304],[2.458541188264755,48.854355591790721],[2.458804856351236,48.854277088966683],[2.459196881975767,48.854210119837056]]}},
{"type":"Feature","properties":{"fid":1461},"geometry":{"type":"LineString","coordinates":[[2.460684760117053,48.85393199288692],[2.460996822188386,48.854930407808318]]}},
{"type":"Feature","properties":{"fid":1462},"geometry":{"type":"LineString","coordinates":[[2.453024774181034,48.852348317934087],[2.453734781655612,48.852175920805891],[2.455692709712489,48.851679704477284]]}},
{"type":"Feature","properties":{"fid":1463},"geometry":{"type":"LineString","coordinates":[[2.462898482669047,48.852426806283198],[2.463100003498625,48.852312249894212],[2.464561962010238,48.852033274244654]]}},
{"type":"Feature","properties":{"fid":1464},"geometry":{"type":"LineString","coordinates":[[2.467391918016284,48.851728984314093],[2.467684683530511,48.851526400666963],[2.468082379005004,48.851537545295969],[2.468353313170869,48.851440301711271],[2.468616425884004,48.851413342593681],[2.468814604267977,48.851484542382622],[2.469024352301794,48.851464082044593]]}},
{"type":"Feature","properties":{"fid":1465},"geometry":{"type":"LineString","coordinates":[[2.469865964767874,48.851889918425456],[2.470935516621409,48.8515029492305]]}},
{"type":"Feature","properties":{"fid":1466},"geometry":{"type":"LineString","coordinates":[[2.326948179056542,48.877887186275316],[2.32698775752639,48.8796613869211],[2.324742262570425,48.880723836595429],[2.323382034172881,48.882567887417402],[2.32276498394702,48.883848152875842]]}},
{"type":"Feature","properties":{"fid":1467},"geometry":{"type":"LineString","coordinates":[[2.318503022402355,48.886392347202396],[2.318420714791921,48.886632296277654],[2.317618096317578,48.887124642796906],[2.317715153818932,48.88731271209403],[2.316648669249386,48.887988576322215]]}},
{"type":"Feature","properties":{"fid":1468},"geometry":{"type":"LineString","coordinates":[[2.296292635511872,48.873151858854222],[2.295852395305757,48.872845706134122],[2.296210355686541,48.872489705030503],[2.297526322228095,48.870980349231019],[2.298241872853957,48.869646228149556],[2.29895769226602,48.868562558865086],[2.299039900180693,48.867755102807799],[2.299102516651293,48.867376318350942],[2.299325744903162,48.867172527020585],[2.299904853245882,48.865324154547096],[2.299873910557225,48.864947749604404]]}},
{"type":"Feature","properties":{"fid":1469},"geometry":{"type":"LineString","coordinates":[[2.301507537372616,48.864555897761882],[2.301725644043646,48.863075170304434],[2.301568007845715,48.862272117693585]]}},
{"type":"Feature","properties":{"fid":1470},"geometry":{"type":"LineString","coordinates":[[2.302675669376792,48.862235052852625],[2.30320309280156,48.862579819869374],[2.303895605698584,48.862865130901575],[2.304001238987226,48.862936065506524],[2.305416160776348,48.862979948853464],[2.30697717639023,48.863028343757975],[2.310201446648981,48.863014155285164],[2.312431634066137,48.863083245072076],[2.313450103268854,48.86290157164305],[2.31359109290758,48.864065006332545],[2.313636939867585,48.864394912731214],[2.313815225151627,48.865929772150913],[2.31395838263478,48.867140427825696],[2.313264496050752,48.867512210074516]]}},
{"type":"Feature","properties":{"fid":1471},"geometry":{"type":"LineString","coordinates":[[2.305416160776348,48.862979948853464],[2.305405047343682,48.863165730004553],[2.305149333934787,48.863159557581781],[2.305143229423797,48.863084513917691],[2.30410598027706,48.863073799034616],[2.304055494707328,48.863129761635548]]}},
{"type":"Feature","properties":{"fid":1472},"geometry":{"type":"LineString","coordinates":[[2.297882783207053,48.861113365834328],[2.297973204932816,48.861287005124687],[2.298136800767458,48.861273900627381],[2.298262789783384,48.861415280217244],[2.29824040243362,48.861494845356589],[2.298033546388114,48.861554576496061],[2.297762381841626,48.861524288009946]]}},
{"type":"Feature","properties":{"fid":1473},"geometry":{"type":"LineString","coordinates":[[2.301194133759747,48.86098563630825],[2.300129358212305,48.857636121630897],[2.300883547230582,48.8579204561727],[2.302530911986012,48.858520761754562],[2.30350753889914,48.85880773201383],[2.304321215100663,48.859060930754083],[2.305334258855628,48.859282465132615],[2.306351035048176,48.859491120397713],[2.307372072678638,48.859647051295838],[2.307803923279568,48.859714158835551]]}},
{"type":"Feature","properties":{"fid":1474},"geometry":{"type":"LineString","coordinates":[[2.311389887332625,48.859945899087037],[2.312991419134894,48.859952313223488],[2.314423903185795,48.859980699659786],[2.31488153535049,48.85996495772833],[2.316197763154224,48.859950960990368],[2.317036457887829,48.859927622298372],[2.317740965298907,48.859842568506188],[2.31815375923885,48.859788664963325],[2.318267848761799,48.86030030914656],[2.318526596085663,48.860345147057927],[2.31885425698399,48.86082519027913],[2.319334735169503,48.861573318414202],[2.319926320660867,48.861431353300901],[2.320197459997253,48.861343821559224],[2.320572998468387,48.861243710777615]]}},
{"type":"Feature","properties":{"fid":1475},"geometry":{"type":"LineString","coordinates":[[2.32295843260156,48.866057529297933],[2.323432712656066,48.866220097282202]]}},
{"type":"Feature","properties":{"fid":1476},"geometry":{"type":"LineString","coordinates":[[-2.019109117021776,48.63831940257969],[-2.018664727827661,48.638216562167479],[-2.01846023583938,48.638375530873276],[-2.017379161929069,48.638707715431003],[-2.016600899606505,48.637835177670006],[-2.016417955145529,48.637630067029718],[-2.016053337850559,48.637302468823535],[-2.015329505331625,48.636703420371788],[-2.014846245939428,48.636339710416834],[-2.01431049051403,48.635779711120968],[-2.013925127765051,48.635161691306472],[-2.013629429994332,48.634591572311777],[-2.01325000344662,48.633813560464546]]}},
{"type":"Feature","properties":{"fid":1477},"geometry":{"type":"LineString","coordinates":[[-2.016053337850559,48.637302468823535],[-2.015147958075954,48.637932610971141],[-2.013141757204213,48.638449391990846],[-2.012009968576416,48.638548752784196]]}},
{"type":"Feature","properties":{"fid":1478},"geometry":{"type":"LineString","coordinates":[[-2.015147958075954,48.637932610971141],[-2.015610470946928,48.637950700648688],[-2.016600899606505,48.637835177670006]]}},
{"type":"Feature","properties":{"fid":1479},"geometry":{"type":"LineString","coordinates":[[-2.004209853577287,48.646631378134927],[-2.005333409397289,48.647110318639257],[-2.008228679092085,48.647580475452401],[-2.008559335839878,48.647331651650852],[-2.013597875646676,48.648265841336041],[-2.018417550196445,48.64913388327227],[-2.019969235098961,48.64949127798954],[-2.021264280995173,48.649981634824016],[-2.022545460982953,48.65020639895868],[-2.023040761496967,48.650592216195754],[-2.023364864364109,48.65050120218477],[-2.02489609752753,48.649959895300171],[-2.025031105028232,48.649446787971236],[-2.025161263746569,48.649178192075091],[-2.025573890619807,48.648897667845574],[-2.026055596231722,48.648903919920855]]}},
{"type":"Feature","properties":{"fid":1480},"geometry":{"type":"LineString","coordinates":[[-2.026279329806923,48.648315579460785],[-2.025688715094704,48.648236889244338]]}},
{"type":"Feature","properties":{"fid":1481},"geometry":{"type":"LineString","coordinates":[[-2.025866581167478,48.647792698547015],[-2.025561142135573,48.647733047816338],[-2.025109616574272,48.647019192411136],[-2.024873820959097,48.646484155247627],[-2.023788434822613,48.646699116979235],[-2.023766214225875,48.646615487100718],[-2.025539721911633,48.64623689432883]]}},
{"type":"Feature","properties":{"fid":1482},"geometry":{"type":"LineString","coordinates":[[-2.028004569747141,48.649092711393457],[-2.027953326509245,48.649419677000452],[-2.027643175884922,48.649733466319084],[-2.02679907452164,48.649656365931627],[-2.026099275981923,48.649492825512731]]}},
{"type":"Feature","properties":{"fid":1483},"geometry":{"type":"LineString","coordinates":[[-2.023040761496967,48.650592216195754],[-2.021101138349855,48.651456703325522],[-2.021185412987693,48.65218606527926],[-2.021263379905867,48.654214740383843],[-2.019806561893819,48.653665429488598],[-2.01711654876246,48.653713080225479],[-2.015346943702041,48.654041363336582],[-2.013147107525372,48.654763593043441],[-2.012512416992471,48.653174161458963],[-2.011631770592356,48.653455550753897],[-2.010876847316256,48.652423206644855],[-2.010214083755763,48.652018879332473],[-2.008585259273536,48.651448489804572],[-2.008271375235811,48.651132828916644],[-2.008324459964949,48.649467451234514],[-2.008354905348386,48.648009742705511],[-2.008228679092085,48.647580475452401]]}},
{"type":"Feature","properties":{"fid":1484},"geometry":{"type":"LineString","coordinates":[[-2.004209853577287,48.646631378134927],[-2.004595507650756,48.646253402971837],[-2.002391681547542,48.645895042191931],[-2.002818572126105,48.645022034169507],[-2.001001494295937,48.64470376778133],[-1.999689472521473,48.644477010989114],[-1.997930215299095,48.644466346480051],[-1.9982322570219,48.643918073268864],[-1.99629818070148,48.64385835074323],[-1.995714369370689,48.644277504000875],[-1.995433387846958,48.644230573181602],[-1.994633011497893,48.643719187780086],[-1.994139245058312,48.643448628165721],[-1.993968984611251,48.642112110929368],[-1.994231677911441,48.641485631200311],[-1.995603277650557,48.639370271309019],[-1.994850893844789,48.639063591524298],[-1.994142813581468,48.638181874772798],[-1.995372548680951,48.637698022817126]]}},
{"type":"Feature","properties":{"fid":1485},"geometry":{"type":"LineString","coordinates":[[-1.994142813581468,48.638181874772798],[-1.992983011361291,48.636875137003038],[-1.991796155592186,48.636323575494309],[-1.991885529057827,48.63651714760308]]}},
{"type":"Feature","properties":{"fid":1486},"geometry":{"type":"LineString","coordinates":[[-1.641568430594666,48.176293721483411],[-1.639791658144752,48.181606621404264],[-1.640445666610715,48.181693653302609],[-1.64109797627241,48.180004719887336],[-1.64144323031774,48.180084093925586]]}},
{"type":"Feature","properties":{"fid":1487},"geometry":{"type":"LineString","coordinates":[[-1.652686477776194,48.164906902581357],[-1.6513347757401,48.163123579866024],[-1.650940365312475,48.163110948882562],[-1.64753220899514,48.162371420263604],[-1.647914499778125,48.161289772570868],[-1.646598719346359,48.161022139062055],[-1.646916485196375,48.160643124982442],[-1.647418585090736,48.159646027759081],[-1.645894507781085,48.159085890690832],[-1.645188939829588,48.159367418682997],[-1.644176258967606,48.159670438678425],[-1.643143801635342,48.159908448521101],[-1.643047559781487,48.160035185673344],[-1.642577381600461,48.160654334996543],[-1.640966909378304,48.161347352985487],[-1.639803489846685,48.161853605573889],[-1.639318518633369,48.162248575088526],[-1.638983811793859,48.162355717060009],[-1.638078907954216,48.162447703815573],[-1.637208580092788,48.162613500016633],[-1.637150106305468,48.162907109082667],[-1.636693924173453,48.163310331049004],[-1.636931049010522,48.163611107757141],[-1.637409447349048,48.163620481892472],[-1.63880347504343,48.163499859377893],[-1.639751212611934,48.163415579136284]]}},
{"type":"Feature","properties":{"fid":1488},"geometry":{"type":"LineString","coordinates":[[-1.636693924173453,48.163310331049004],[-1.636297037662384,48.163429307385513],[-1.635350952234835,48.163372538971338],[-1.634936746315084,48.163774102899289],[-1.634313385083886,48.164193283863177],[-1.63293749783459,48.16388087602391]]}},
{"type":"Feature","properties":{"fid":1489},"geometry":{"type":"LineString","coordinates":[[-1.637208580092788,48.162613500016633],[-1.636407431201077,48.162447671787625],[-1.635583216448366,48.162498877591204],[-1.635773458184596,48.16194636751694],[-1.635712543425881,48.16173263042306],[-1.636033239451923,48.161281730154407],[-1.63653511836,48.161343193203464],[-1.636740149309462,48.161118996526874],[-1.637098310252604,48.161198879660212],[-1.637343677416438,48.161114051344214],[-1.637495184279341,48.160920149856835],[-1.637870639480797,48.160877188248932],[-1.638288089271907,48.160672822674591],[-1.638702240548775,48.160590747444388],[-1.638754115108327,48.160381970215226],[-1.63895172028126,48.160392988593365],[-1.639164144852686,48.160572571160458],[-1.63955935687786,48.16059460620987],[-1.640272384951919,48.160557144955774],[-1.640713699118749,48.160304845400404],[-1.641268637214618,48.160226615668563],[-1.641477756272335,48.159889483306607],[-1.64237684338682,48.159731917588466],[-1.642710305393728,48.15985034488348],[-1.643047559781487,48.160035185673344]]}},
{"type":"Feature","properties":{"fid":1490},"geometry":{"type":"LineString","coordinates":[[-1.67416960398447,48.115975442915229],[-1.674372838489627,48.114783276282502],[-1.673789524783111,48.114693653667942],[-1.673781134079839,48.114440250662234],[-1.673300688424503,48.114402929402949],[-1.673261641392743,48.113803030556817],[-1.672858580487028,48.113847215791196],[-1.672839199214339,48.114421239855744],[-1.673300688424503,48.114402929402949],[-1.673781134079839,48.114440250662234],[-1.674372838489627,48.114783276282502],[-1.676654096054456,48.11487127153692],[-1.67730251812584,48.114891372074297],[-1.677850251381978,48.114908348553094],[-1.679215882925101,48.114957475870135],[-1.67994972027699,48.115003500477762],[-1.680785600972892,48.115092453574746],[-1.681307759450164,48.114808565757237],[-1.682700005562658,48.114959969491743],[-1.684528236069531,48.115319561927663],[-1.684164344457967,48.115963680247518]]}},
{"type":"Feature","properties":{"fid":1491},"geometry":{"type":"LineString","coordinates":[[-1.684528236069531,48.115319561927663],[-1.684769581242673,48.114717907177855],[-1.685431279333934,48.113159757939108],[-1.685047757198972,48.112949469772495],[-1.68427544934155,48.11310235985809],[-1.68276403163815,48.113782712244401],[-1.682168777573912,48.114191683302622],[-1.681383415414452,48.114514230527654],[-1.681251674050007,48.114405827647445]]}},
{"type":"Feature","properties":{"fid":1492},"geometry":{"type":"LineString","coordinates":[[-1.6808027444481,48.114282732623302],[-1.680820542106336,48.114012093990539],[-1.680817066289241,48.113774940648106],[-1.68087329336827,48.11361764419663],[-1.681196144094631,48.113578968761956],[-1.681196703622422,48.11350611444562],[-1.680273264681993,48.112785126291826],[-1.680274434922904,48.111768954690064],[-1.679765657015929,48.111768027747821],[-1.679728119451296,48.110948396111368],[-1.680830981777542,48.110923362716804],[-1.680873273564862,48.110569267948321],[-1.680635192818113,48.110178740788882],[-1.680279534088932,48.110114169993089],[-1.680141645245255,48.109706150917809],[-1.68012097804475,48.108166335397328],[-1.679911650922747,48.108179353091828],[-1.679882251780301,48.10764955060931],[-1.679114834124716,48.107658900515958],[-1.679107278472389,48.107454800535677],[-1.677820017487891,48.107491257157037],[-1.677818461468847,48.108607589264508],[-1.677184060608933,48.108594021623389],[-1.676969991559125,48.108593125795046],[-1.676777787500632,48.108542023398606],[-1.676190714758977,48.108498377852655],[-1.676278172063358,48.109030572966063],[-1.6764099661701,48.1098852272032],[-1.676425906505267,48.110184145140494],[-1.67661278843699,48.110689498498573],[-1.676670367073463,48.110845196675143],[-1.676827488680804,48.110856577861789],[-1.677153298973398,48.110950537509751],[-1.677529772197302,48.111002543977463],[-1.677821427834661,48.111004901266263],[-1.677834183608824,48.11086475915554],[-1.67802552408357,48.110846586527956],[-1.67845097068343,48.110659353188886],[-1.678599708149193,48.110595883575549],[-1.678599308505861,48.110472554799294]]}},
{"type":"Feature","properties":{"fid":1493},"geometry":{"type":"LineString","coordinates":[[-1.67661278843699,48.110689498498573],[-1.676020387966578,48.110720349368215]]}},
{"type":"Feature","properties":{"fid":1494},"geometry":{"type":"LineString","coordinates":[[-1.680128567793061,48.114097871289893],[-1.680109953263517,48.113961039977845],[-1.679538842821032,48.113692404996556],[-1.679357047373799,48.113699628042042],[-1.679267551830703,48.111739068866719],[-1.677797455837835,48.111741602250206],[-1.677379196094316,48.111742319678505],[-1.677289205898416,48.111742473842035],[-1.675102868136691,48.111932657738102],[-1.674286820212225,48.110639979805725],[-1.674121810005097,48.109885318681144],[-1.6764099661701,48.1098852272032]]}},
{"type":"Feature","properties":{"fid":1495},"geometry":{"type":"LineString","coordinates":[[-1.677821427834661,48.111004901266263],[-1.677797455837835,48.111741602250206]]}},
{"type":"Feature","properties":{"fid":1496},"geometry":{"type":"LineString","coordinates":[[-1.677379196094316,48.111742319678505],[-1.67730313726912,48.113682538392659],[-1.67730251812584,48.114891372074297],[-1.677045505438549,48.115210490417908]]}},
{"type":"Feature","properties":{"fid":1497},"geometry":{"type":"LineString","coordinates":[[-1.681383415414452,48.114514230527654],[-1.681307759450164,48.114808565757237]]}},
{"type":"Feature","properties":{"fid":1498},"geometry":{"type":"LineString","coordinates":[[2.417518704101874,48.840922648845257],[2.416750126165997,48.840856934202527],[2.415384107201487,48.840618244838254]]}},
{"type":"Feature","properties":{"fid":1499},"geometry":{"type":"LineString","coordinates":[[2.415068114467691,48.841630265272471],[2.41672978460867,48.842371702608979],[2.41683941195778,48.842269306692742],[2.417596175246574,48.842318396567528]]}},
{"type":"Feature","properties":{"fid":1500},"geometry":{"type":"LineString","coordinates":[[2.424170471033283,48.847960195162685],[2.424720897965231,48.848175820262881]]}},
{"type":"Feature","properties":{"fid":1501},"geometry":{"type":"LineString","coordinates":[[2.364725617273925,48.866507691234332],[2.363615853367644,48.866211351847909],[2.36404337102435,48.865508825917622],[2.36256233368232,48.865003441960312],[2.363458668326495,48.864503797526325],[2.364660563105702,48.864710568009428],[2.365418238585342,48.865264345183377]]}},
{"type":"Feature","properties":{"fid":1502},"geometry":{"type":"LineString","coordinates":[[2.362280480619897,48.862918781126545],[2.364542507653893,48.861939110169423],[2.365204432130352,48.861762967962854],[2.364621541665813,48.861469662504511],[2.364537595620253,48.859458954477354],[2.364483764597666,48.85816948946033],[2.366387698991254,48.857893327168185],[2.367379111599577,48.857749511355507],[2.367371996210793,48.857473080267361],[2.366574764834632,48.857586330131412],[2.366504659332719,48.857323385159617],[2.367333593617661,48.857186118937463],[2.367333557387833,48.85593649589196],[2.3673093034768,48.854874646799693],[2.367394761046592,48.853873169373543],[2.36869846272138,48.853696524238806]]}},
{"type":"Feature","properties":{"fid":1503},"geometry":{"type":"LineString","coordinates":[[2.36988743644331,48.853578832975614],[2.370142287974012,48.853749466537593],[2.370746855273515,48.854844404514402],[2.371370564994506,48.854340365725712]]}},
{"type":"Feature","properties":{"fid":1504},"geometry":{"type":"LineString","coordinates":[[2.370746855273515,48.854844404514402],[2.370345299713987,48.855146325594099],[2.369670177451089,48.853675550260604]]}},
{"type":"Feature","properties":{"fid":1505},"geometry":{"type":"LineString","coordinates":[[2.373159430890995,48.850543908321939],[2.374775397781237,48.849194249092392],[2.376000777589997,48.849047042170284],[2.377323270726314,48.848889681755637],[2.37788771239368,48.848664876466444],[2.378059673549932,48.848596387017366],[2.378551731881384,48.848598943877185]]}},
{"type":"Feature","properties":{"fid":1506},"geometry":{"type":"LineString","coordinates":[[2.37788771239368,48.848664876466444],[2.377078400760656,48.847696451423445],[2.377700535748585,48.847326554830254],[2.375905320385191,48.846140134012778],[2.375792434602448,48.845796436816435],[2.375127487599455,48.845371461298498],[2.374158691707676,48.845852837576636]]}},
{"type":"Feature","properties":{"fid":1507},"geometry":{"type":"LineString","coordinates":[[2.374345689140663,48.845881494404111],[2.375367562910788,48.847399127306268]]}},
{"type":"Feature","properties":{"fid":1508},"geometry":{"type":"LineString","coordinates":[[2.375616477221788,48.844849051251948],[2.375480033215245,48.844782504961394],[2.374184435762472,48.84543908590588],[2.372735681824644,48.845358785388342]]}},
{"type":"Feature","properties":{"fid":1509},"geometry":{"type":"LineString","coordinates":[[2.350240567381909,48.85900211085147],[2.35098655002488,48.860159004136328]]}},
{"type":"Feature","properties":{"fid":1510},"geometry":{"type":"LineString","coordinates":[[2.348207384761465,48.858775667493617],[2.349349263760047,48.858593145768495]]}},
{"type":"Feature","properties":{"fid":1511},"geometry":{"type":"LineString","coordinates":[[2.342141546781715,48.862984207194238],[2.342408306060115,48.862576159249578],[2.342608046784014,48.862472616792871]]}},
{"type":"Feature","properties":{"fid":1512},"geometry":{"type":"LineString","coordinates":[[2.339822605706252,48.866065297044749],[2.340295689486259,48.86540698093151]]}},
{"type":"Feature","properties":{"fid":1513},"geometry":{"type":"LineString","coordinates":[[2.334594213577891,48.867293628450227],[2.333670525064684,48.867546403994112],[2.333589054223408,48.867755071340731],[2.333170405931511,48.86882730721068]]}},
{"type":"Feature","properties":{"fid":1514},"geometry":{"type":"LineString","coordinates":[[2.332828322843883,48.872254347677419],[2.331168524093574,48.873232237821298]]}},
{"type":"Feature","properties":{"fid":1515},"geometry":{"type":"LineString","coordinates":[[2.320102828377661,48.866044706542382],[2.320132228576891,48.866097892189551],[2.314466260623544,48.867788298926861],[2.31395838263478,48.867140427825696]]}},
{"type":"Feature","properties":{"fid":1516},"geometry":{"type":"LineString","coordinates":[[2.313109482392206,48.861045158552876],[2.313450103268854,48.86290157164305]]}},
{"type":"Feature","properties":{"fid":1517},"geometry":{"type":"LineString","coordinates":[[2.473419541424916,48.852033469903532],[2.474409590585978,48.852967668829102],[2.474038806166592,48.85339444689653],[2.473927715111382,48.853818644898325],[2.473886290925592,48.853981108785028],[2.473339240993241,48.85423436447676],[2.472347855057112,48.854936522701905],[2.472230227983443,48.85517784643492],[2.472228198398326,48.855378221215922],[2.473989529567624,48.856201330783158],[2.474136541220202,48.856160518265263],[2.474328224702106,48.855843510686022],[2.474622663241004,48.855720427767288],[2.475482038116675,48.855648190245439],[2.476434814872571,48.855659272619278],[2.476664271168985,48.855750103489868],[2.477773558946696,48.855817137811805],[2.478150095154356,48.855860239168003],[2.478830495144858,48.855883933834342],[2.479409017247447,48.855623880603801],[2.480009233637291,48.855287911246926],[2.480629763847068,48.855014215011366],[2.481071185337496,48.854850295410337],[2.48144509493946,48.85463080335677],[2.481346372069253,48.854029224235475],[2.481841732877142,48.85403751989405]]}},
{"type":"Feature","properties":{"fid":1518},"geometry":{"type":"LineString","coordinates":[[2.484472646736775,48.854372220283288],[2.484870770276196,48.854465945652031],[2.48541203474638,48.854793034258556],[2.485820254648194,48.854808608658701],[2.486287075667843,48.855077098477857]]}},
{"type":"Feature","properties":{"fid":1519},"geometry":{"type":"LineString","coordinates":[[2.486256760425498,48.855347998325072],[2.486603901164199,48.85524556198402],[2.487562146130798,48.855232395032651],[2.487960103049453,48.855227188832551],[2.488135730006732,48.85511564919068],[2.488170841803429,48.855093349806701],[2.488246579968477,48.85484492178756],[2.488316132170691,48.854693204115463],[2.487645607297975,48.854301216852456]]}},
{"type":"Feature","properties":{"fid":1520},"geometry":{"type":"LineString","coordinates":[[2.488135730006732,48.85511564919068],[2.487273442580005,48.854641319935105]]}},
{"type":"Feature","properties":{"fid":1521},"geometry":{"type":"LineString","coordinates":[[2.488316132170691,48.854693204115463],[2.488435396497875,48.854277399841678],[2.488498156281078,48.853996255659013]]}},
{"type":"Feature","properties":{"fid":1522},"geometry":{"type":"LineString","coordinates":[[2.488498156281078,48.853996255659013],[2.488545154872021,48.853763090253643],[2.488417465172237,48.853632856956686]]}},
{"type":"Feature","properties":{"fid":1523},"geometry":{"type":"LineString","coordinates":[[2.48777369788662,48.853898633579824],[2.487303214697901,48.853878696512851],[2.487141668401723,48.854000931893218]]}},
{"type":"Feature","properties":{"fid":1524},"geometry":{"type":"LineString","coordinates":[[2.487491980603048,48.853367227666411],[2.486880607893101,48.853845370043963]]}},
{"type":"Feature","properties":{"fid":1525},"geometry":{"type":"LineString","coordinates":[[2.306607128844646,48.869823948094094],[2.305010653376436,48.87036122268885],[2.302782627628451,48.869274388713308]]}},
{"type":"Feature","properties":{"fid":1526},"geometry":{"type":"LineString","coordinates":[[2.30191031294339,48.864854727130137],[2.30320017512266,48.864760650670718],[2.303249118415646,48.865016599646083],[2.307622790421939,48.866119915568092],[2.307687833416473,48.866338896714197]]}},
{"type":"Feature","properties":{"fid":1527},"geometry":{"type":"LineString","coordinates":[[2.313543884124281,48.867901735365741],[2.314039210827141,48.868005238690628],[2.31460396166315,48.86886529022479],[2.315060038441621,48.868432583238011],[2.315554096579774,48.86829721337368],[2.315305009817667,48.868123043492872],[2.315537598670716,48.86795853838651],[2.315497340314572,48.867833931565777],[2.315935850524117,48.86794008577025],[2.317029134194524,48.867635387832564],[2.317608412285713,48.867389938733609],[2.318017132091671,48.867371538893764],[2.31832356251668,48.867165990183317],[2.31898706446967,48.866886464971252],[2.319416635436342,48.866875088824166],[2.320450481756909,48.867108987026477],[2.320748362894395,48.867154963856699],[2.322173956885831,48.866781906046299],[2.322640936580911,48.866737657618899],[2.32273489088757,48.866688465646192]]}},
{"type":"Feature","properties":{"fid":1528},"geometry":{"type":"LineString","coordinates":[[2.3241496786643,48.866281216038111],[2.324662503978975,48.866987721643227],[2.326507102045217,48.866399571078603]]}},
{"type":"Feature","properties":{"fid":1529},"geometry":{"type":"LineString","coordinates":[[2.331926616827926,48.864935004580076],[2.333445068162837,48.86720794329743],[2.333670525064684,48.867546403994112],[2.333589054223408,48.867755071340731],[2.333836522603045,48.867882130405235],[2.334357640891666,48.868871751849341]]}},
{"type":"Feature","properties":{"fid":1530},"geometry":{"type":"LineString","coordinates":[[2.335939519183837,48.868881857529459],[2.335931621846182,48.869706384033165]]}},
{"type":"Feature","properties":{"fid":1531},"geometry":{"type":"LineString","coordinates":[[2.593465338198512,48.84561175188179],[2.593732423417467,48.843735522954205],[2.593746177459132,48.843325094327653],[2.593643961824836,48.84308066329794]]}},
{"type":"Feature","properties":{"fid":1532},"geometry":{"type":"LineString","coordinates":[[2.593727610569125,48.845647485035485],[2.59391787377463,48.845998902424107]]}},
{"type":"Feature","properties":{"fid":1533},"geometry":{"type":"LineString","coordinates":[[2.591738332073986,48.845545534017134],[2.591873809744583,48.84580279026725],[2.591797712833908,48.846161839188412],[2.591462487493106,48.846188334054666],[2.591314877397092,48.846335366893079],[2.591061519821723,48.846587731261167],[2.59076800504015,48.846635096073477],[2.590588130212907,48.846876322805983],[2.590000606765327,48.847033235651416],[2.589686438988226,48.84694592326268]]}},
{"type":"Feature","properties":{"fid":1534},"geometry":{"type":"LineString","coordinates":[[2.590110089138754,48.847277897382256],[2.590156720927496,48.847151236690657],[2.590000606765327,48.847033235651416]]}},
{"type":"Feature","properties":{"fid":1535},"geometry":{"type":"LineString","coordinates":[[2.591314877397092,48.846335366893079],[2.591369403985775,48.846042910801522],[2.59117244437083,48.845793485822554],[2.590838732818508,48.845516998711659]]}},
{"type":"Feature","properties":{"fid":1536},"geometry":{"type":"LineString","coordinates":[[2.317766540096202,48.84137569970175],[2.317460509182333,48.841693552985824],[2.316047822135795,48.842599220477538]]}},
{"type":"Feature","properties":{"fid":1537},"geometry":{"type":"LineString","coordinates":[[2.316734498942274,48.843126347856106],[2.317605348531831,48.84220447401286],[2.318203206837166,48.841677784517252],[2.318374435649151,48.8414883607173]]}},
{"type":"Feature","properties":{"fid":1538},"geometry":{"type":"LineString","coordinates":[[2.319695127460387,48.841784958271489],[2.320513602024885,48.84229104133054],[2.32061743041787,48.842796806761179]]}},
{"type":"Feature","properties":{"fid":1539},"geometry":{"type":"LineString","coordinates":[[2.355327613939626,48.830962825627331],[2.35470692879603,48.831387057434348],[2.354928715696361,48.831828337887806],[2.355198304048769,48.832079839263862],[2.354216856711163,48.833423768460023]]}},
{"type":"Feature","properties":{"fid":1540},"geometry":{"type":"LineString","coordinates":[[2.353200564661814,48.834879359186267],[2.352530568962024,48.835846142216774],[2.351333461444988,48.835859659934748],[2.350211979207773,48.835883578407518],[2.350153674944902,48.836243676731655]]}},
{"type":"Feature","properties":{"fid":1541},"geometry":{"type":"LineString","coordinates":[[2.349040893390093,48.835895250912834],[2.348347139708629,48.835983453855022],[2.346732208206356,48.83608966634074],[2.345245908900283,48.836267890074808]]}},
{"type":"Feature","properties":{"fid":1542},"geometry":{"type":"LineString","coordinates":[[2.345726618542737,48.838814407761774],[2.346005579613275,48.840283040368298]]}},
{"type":"Feature","properties":{"fid":1543},"geometry":{"type":"LineString","coordinates":[[2.34356383919532,48.841290072440877],[2.34246027547104,48.843540140904906],[2.342054477273474,48.844284160540454]]}},
{"type":"Feature","properties":{"fid":1544},"geometry":{"type":"LineString","coordinates":[[2.342514190421579,48.846385376637649],[2.342839162798512,48.846901640676734],[2.343178931541619,48.847518543036422]]}},
{"type":"Feature","properties":{"fid":1545},"geometry":{"type":"LineString","coordinates":[[2.472998807006074,48.845016663937962],[2.474041911901735,48.84466732978877],[2.475091581637566,48.844168617963291],[2.475163611437062,48.844094828057592],[2.476204824441806,48.843561631447265],[2.476661659967753,48.843338592764951],[2.476777110749822,48.843159067312442],[2.476819359036246,48.84272417838163],[2.476791012286564,48.842529021313332],[2.476320678905477,48.841958319447841]]}},
{"type":"Feature","properties":{"fid":1546},"geometry":{"type":"LineString","coordinates":[[2.476320678905477,48.841958319447841],[2.47573649307084,48.841914300817038],[2.47497898076634,48.841898874718474],[2.475156487086601,48.842526034558666]]}},
{"type":"Feature","properties":{"fid":1547},"geometry":{"type":"LineString","coordinates":[[2.47616055872724,48.841526804260532],[2.477026161864686,48.840991037216249],[2.477320264126387,48.840372216324518],[2.479464314705361,48.839079017072834],[2.480172590468847,48.83867185025931],[2.480143584994569,48.838541701712813],[2.480693408080433,48.838104013709589],[2.481201126916456,48.837496755758472],[2.481590033770628,48.837031591823234],[2.482031546769715,48.83639408006951]]}},
{"type":"Feature","properties":{"fid":1548},"geometry":{"type":"LineString","coordinates":[[2.484988415481913,48.837350217519088],[2.485166820065992,48.837346966159657],[2.485350110109001,48.837197728835243],[2.485441444018497,48.837056454679107]]}},
{"type":"Feature","properties":{"fid":1549},"geometry":{"type":"LineString","coordinates":[[2.484191542034617,48.83817324531892],[2.484617688437819,48.838435323604195],[2.483519462232166,48.83919602100773]]}},
{"type":"Feature","properties":{"fid":1550},"geometry":{"type":"LineString","coordinates":[[2.482083057103197,48.839971546876228],[2.481558597749831,48.840497194360317]]}},
{"type":"Feature","properties":{"fid":1551},"geometry":{"type":"LineString","coordinates":[[2.488372574941605,48.838810556432023],[2.488633170574174,48.838457024596678],[2.488543932551679,48.838286613740941],[2.488871948117833,48.838097777458934]]}},
{"type":"Feature","properties":{"fid":1552},"geometry":{"type":"LineString","coordinates":[[2.489289477170417,48.839218791181096],[2.488859674514302,48.84008077129694],[2.48871413139015,48.842560570661355],[2.489463661694682,48.843388910641131],[2.489307944284517,48.844045638280349],[2.489157236703852,48.845277918488193],[2.488276012675586,48.845480693485811]]}},
{"type":"Feature","properties":{"fid":1553},"geometry":{"type":"LineString","coordinates":[[2.487275648024522,48.848765319264963],[2.486873937782332,48.849204420406444],[2.486716169305684,48.849451283987506],[2.486572499492877,48.849420662669068],[2.486421646993503,48.849350003830487],[2.486311187338283,48.84940953940287],[2.486294135232421,48.849601997519805],[2.486520636701379,48.849685483215751],[2.486518788931923,48.849873005752471],[2.486715327921023,48.849921356779483],[2.486764982324759,48.850265375538228],[2.486801341889248,48.850420556602757],[2.4867688411652,48.850642953193805],[2.486619137825796,48.850839842868282],[2.486300249148537,48.850903484678788],[2.486210989660622,48.851118136122835],[2.486035378476843,48.851252403670649],[2.486034010222601,48.851288710888262]]}},
{"type":"Feature","properties":{"fid":1554},"geometry":{"type":"LineString","coordinates":[[2.436918402620458,48.850864618820331],[2.437022163508142,48.85148750716484],[2.437323852571192,48.852832289965193],[2.435248824393767,48.853387085122691],[2.43308544552672,48.853772892448902],[2.432705466760369,48.853840651523306],[2.432525942408101,48.853878335617573],[2.432486320723181,48.853886652591996],[2.430987639094385,48.854201228715432],[2.428721573611775,48.854676837139138],[2.428895439946942,48.855407785917919],[2.427233353601903,48.855510490779807]]}},
{"type":"Feature","properties":{"fid":1555},"geometry":{"type":"LineString","coordinates":[[2.427372392366586,48.856479954288439],[2.422910217846603,48.85569621002351],[2.421946661448232,48.8555269442518],[2.421820697442585,48.855951404864847],[2.421871302355056,48.856171685117424],[2.421682380069636,48.856805875167318]]}},
{"type":"Feature","properties":{"fid":1556},"geometry":{"type":"LineString","coordinates":[[2.422910217846603,48.85569621002351],[2.423362576140662,48.854011696266113]]}},
{"type":"Feature","properties":{"fid":1557},"geometry":{"type":"LineString","coordinates":[[2.429951047078715,48.852940976706329],[2.429597892239092,48.851036456922671]]}},
{"type":"Feature","properties":{"fid":1558},"geometry":{"type":"LineString","coordinates":[[2.431016638077562,48.85001459267],[2.430747974894101,48.84866755131408]]}},
{"type":"Feature","properties":{"fid":1559},"geometry":{"type":"LineString","coordinates":[[2.437810858876175,48.848217304143212],[2.437992462671434,48.849331530965856]]}},
{"type":"Feature","properties":{"fid":1560},"geometry":{"type":"LineString","coordinates":[[2.437992462671434,48.849331530965856],[2.438098157358957,48.850424283571861]]}},
{"type":"Feature","properties":{"fid":1561},"geometry":{"type":"LineString","coordinates":[[2.319882664196,48.874872449884457],[2.317697449011144,48.876647347986648],[2.316246353674608,48.877825881216182],[2.312570904022461,48.877639011305938],[2.310260839715888,48.877521502868035],[2.310028362655441,48.877931233697467],[2.309764710506381,48.87839590074902]]}},
{"type":"Feature","properties":{"fid":1562},"geometry":{"type":"LineString","coordinates":[[2.30925443481399,48.879500801938384],[2.310325193690052,48.879532182230292],[2.310427625227648,48.879812814977413],[2.311165974346334,48.880167118832411],[2.311231123124648,48.879827441955548],[2.311219266964236,48.879577335652201],[2.310799871105647,48.879184862403051],[2.310240177636199,48.879081623657775],[2.310050678846645,48.878699912411406]]}},
{"type":"Feature","properties":{"fid":1563},"geometry":{"type":"LineString","coordinates":[[2.308985880435027,48.878509122474739],[2.307847073673654,48.878587737798775],[2.307847073673654,48.878587737798775],[2.307271963991683,48.878504398994806],[2.306718531963724,48.878502459140044],[2.305278440645217,48.87803389787242],[2.305903785415756,48.87774384889228],[2.308310433077331,48.87787430422307],[2.310028362655441,48.877931233697467]]}},
{"type":"Feature","properties":{"fid":1564},"geometry":{"type":"LineString","coordinates":[[2.312570904022461,48.877639011305938],[2.312802063179109,48.876555966061012],[2.315683085562617,48.876552466937397],[2.317697449011144,48.876647347986648]]}},
{"type":"Feature","properties":{"fid":1565},"geometry":{"type":"LineString","coordinates":[[2.319882664196,48.874872449884457],[2.322937857770226,48.875150995887161],[2.32424027462456,48.875263564308668]]}},
{"type":"Feature","properties":{"fid":1566},"geometry":{"type":"LineString","coordinates":[[2.373649583610443,48.843682390820447],[2.37180079288302,48.842647083721374]]}},
{"type":"Feature","properties":{"fid":1567},"geometry":{"type":"LineString","coordinates":[[2.362738619577608,48.851202167388479],[2.361998229911026,48.851504191798547],[2.360502639099518,48.852346353971782],[2.361130631289339,48.852953555038198]]}},
{"type":"Feature","properties":{"fid":1568},"geometry":{"type":"LineString","coordinates":[[2.359974663303094,48.853007954843044],[2.359974663303094,48.853007954843044],[2.359356859863206,48.853393530280158],[2.358992273303577,48.853461589654678],[2.358967940974725,48.853591481520979],[2.358831481924089,48.853595751238394],[2.35872687194545,48.853475170127162],[2.359341458712159,48.853413451239575],[2.359094854175771,48.853747187844661],[2.359068799725465,48.85401709434921],[2.359146310819443,48.854430972669391]]}},
{"type":"Feature","properties":{"fid":1569},"geometry":{"type":"LineString","coordinates":[[2.359609496353212,48.855356630497099],[2.358702439219434,48.855460376851113],[2.357675378696907,48.855523227980456]]}},
{"type":"Feature","properties":{"fid":1570},"geometry":{"type":"LineString","coordinates":[[2.356861495773131,48.855736616353134],[2.357085817557155,48.856219621146074]]}},
{"type":"Feature","properties":{"fid":1571},"geometry":{"type":"LineString","coordinates":[[2.356614949665516,48.85632880502714],[2.3563546062014,48.855827029776854]]}},
{"type":"Feature","properties":{"fid":1572},"geometry":{"type":"LineString","coordinates":[[2.355743489968282,48.855914479498715],[2.355233860792052,48.855271708334918],[2.355006498295745,48.854660379276474],[2.354038601433411,48.855100233812841],[2.35381581740078,48.855190296444157],[2.35420957342416,48.855827529892139],[2.353266989097791,48.856057478962377],[2.353831003972652,48.85696813492622]]}},
{"type":"Feature","properties":{"fid":1573},"geometry":{"type":"LineString","coordinates":[[2.361824044898918,48.853619517451165],[2.361600101976486,48.853689591767008],[2.361215971876906,48.853809789067533],[2.361154504458595,48.853569419971109]]}},
{"type":"Feature","properties":{"fid":1574},"geometry":{"type":"LineString","coordinates":[[2.361600101976486,48.853689591767008],[2.361488563966481,48.85351869411565],[2.361273030552122,48.853482537796886],[2.361159423949796,48.853353734183244]]}},
{"type":"Feature","properties":{"fid":1575},"geometry":{"type":"LineString","coordinates":[[2.361094227482206,48.853379297051248],[2.360976504628294,48.853253415672363],[2.360935962452445,48.85316068332687],[2.360718022480518,48.853011993877573],[2.36057099648028,48.852951197983145],[2.360419813786126,48.852920384824429],[2.360322686933216,48.852807346332661],[2.360123634959784,48.852920434839788]]}},
{"type":"Feature","properties":{"fid":1576},"geometry":{"type":"LineString","coordinates":[[2.476259060116902,48.810520912257942],[2.473986129365573,48.807553017505384]]}},
{"type":"Feature","properties":{"fid":1577},"geometry":{"type":"LineString","coordinates":[[2.470187822475121,48.849795084907697],[2.469978101351566,48.849699983168605]]}},
{"type":"Feature","properties":{"fid":1578},"geometry":{"type":"LineString","coordinates":[[2.474866009048408,48.848342477615482],[2.475289433689908,48.848363421718716],[2.475668231501788,48.848370083212146],[2.475900693224767,48.848268826488422]]}},
{"type":"Feature","properties":{"fid":1579},"geometry":{"type":"LineString","coordinates":[[2.474302417262487,48.848268003486297],[2.474142709830534,48.848240867738049],[2.47408570612358,48.848258120065644],[2.474043149701328,48.848345447417422],[2.473982155464062,48.848382685448037],[2.473763600676484,48.848440879365775]]}},
{"type":"Feature","properties":{"fid":1580},"geometry":{"type":"LineString","coordinates":[[2.476562720857104,48.850720345118852],[2.476385893943706,48.851038036547926],[2.476379442117532,48.851303051264793],[2.476612181504712,48.851519104365238],[2.476275943860155,48.851705133604057]]}},
{"type":"Feature","properties":{"fid":1581},"geometry":{"type":"LineString","coordinates":[[2.476938680612432,48.850269633358288],[2.477454318897468,48.85009630366249],[2.47785435243294,48.849875513823761],[2.4782201101496,48.849672076003102],[2.478372354017635,48.84960272841532],[2.478266874784048,48.849542258703018],[2.47825357298588,48.84935717045559],[2.47808680147403,48.849363944313119],[2.477897298909932,48.848992431832777],[2.477759586745933,48.848719713322673],[2.477114023094294,48.849474767230589],[2.476815990873951,48.849823338213895]]}},
{"type":"Feature","properties":{"fid":1582},"geometry":{"type":"LineString","coordinates":[[2.477114023094294,48.849474767230589],[2.476961906388073,48.848823101348231],[2.477015299134329,48.848810712848142],[2.476851575321949,48.848053335316749],[2.47678851079034,48.847512913500942]]}},
{"type":"Feature","properties":{"fid":1583},"geometry":{"type":"LineString","coordinates":[[2.319204962800324,48.862584751354731],[2.321636283550216,48.861868985341189],[2.324174333805851,48.861124967888614]]}},
{"type":"Feature","properties":{"fid":1584},"geometry":{"type":"LineString","coordinates":[[2.301533515135556,48.864843780770045],[2.301347652078425,48.86628802121195],[2.301119161620671,48.868416463653546],[2.300985798142371,48.869871434600135],[2.300969477580721,48.870061204358549],[2.300854972934259,48.871712133630119]]}},
{"type":"Feature","properties":{"fid":1585},"geometry":{"type":"LineString","coordinates":[[2.29533191644706,48.871758332028449],[2.295060788271176,48.871552025848665],[2.294346569886224,48.870552656151048],[2.292917536568584,48.86860390547519],[2.292612470073458,48.868182033700812],[2.290706175009506,48.867335613737062],[2.290376834993085,48.867263317429753]]}},
{"type":"Feature","properties":{"fid":1586},"geometry":{"type":"LineString","coordinates":[[2.347892764499492,48.872481843155441],[2.347892697524738,48.872476758717355],[2.350040674274963,48.872138235907158],[2.352638120045232,48.871752249714916]]}},
{"type":"Feature","properties":{"fid":1587},"geometry":{"type":"LineString","coordinates":[[2.349061955366587,48.877451887804341],[2.346842931541944,48.877922965925741],[2.347269165407941,48.879000451538289],[2.345848398155578,48.878632642798202],[2.345300912169435,48.878759669393915],[2.345943322084629,48.87970455974002],[2.346261480777071,48.880152625183193],[2.346341346870666,48.880434352913582],[2.346456878352285,48.880895051592084],[2.346567765276538,48.882020620478045]]}},
{"type":"Feature","properties":{"fid":1588},"geometry":{"type":"LineString","coordinates":[[2.341473999021704,48.883997757014306],[2.339684105381455,48.884187126368261],[2.338490558331007,48.884291537377841]]}},
{"type":"Feature","properties":{"fid":1589},"geometry":{"type":"LineString","coordinates":[[2.338281419321909,48.884413781992308],[2.337819042029601,48.884166824320786]]}},
{"type":"Feature","properties":{"fid":1590},"geometry":{"type":"LineString","coordinates":[[2.338521830896381,48.884521334312936],[2.338764906746812,48.884918410077965],[2.338723693888237,48.885178220040373],[2.338692158463187,48.885273059579767],[2.338349560163757,48.885381182692932],[2.338498854876265,48.885567034293814],[2.338546531888673,48.885992358842614],[2.337962158131893,48.886112761057284]]}},
{"type":"Feature","properties":{"fid":1591},"geometry":{"type":"LineString","coordinates":[[2.338815687726389,48.88629130732236],[2.338536464245751,48.886784916810342],[2.337744073365217,48.887080579558244],[2.337491878769825,48.88723420652579],[2.337284948987068,48.887257390071994]]}},
{"type":"Feature","properties":{"fid":1592},"geometry":{"type":"LineString","coordinates":[[2.336988861136952,48.88779967936398],[2.337012324131335,48.887972907682915],[2.337242675816204,48.888344235409228],[2.337158120572753,48.888433780109779],[2.337244507126868,48.888566149159409]]}},
{"type":"Feature","properties":{"fid":1593},"geometry":{"type":"LineString","coordinates":[[2.338169368417128,48.888485758688226],[2.338645662382917,48.888336990678617],[2.339163505797198,48.888164825011295],[2.339605899986683,48.887962236737515],[2.339772417437467,48.88776810418765]]}},
{"type":"Feature","properties":{"fid":1594},"geometry":{"type":"LineString","coordinates":[[2.341576321299597,48.887588688953151],[2.341909199163529,48.888350987807925],[2.342190315159755,48.888676561654805],[2.342502810838169,48.889175654586964],[2.342949541171313,48.889807138174362],[2.340491130530546,48.889712438691454],[2.338739422068874,48.889955994885071],[2.336756231900659,48.890218056256529],[2.334292969010116,48.890555686344463],[2.333615099543138,48.889451761230333],[2.333125967671296,48.888563912854515],[2.33274748347125,48.887919212919847],[2.332517723622322,48.886912788579806],[2.332535944324844,48.886526584662597],[2.330639960725322,48.885365834087459],[2.331019201274339,48.885357952195271],[2.331175409779828,48.885593858949818],[2.330817821961062,48.885686874674526],[2.330725741951865,48.885771372306976],[2.330831251577419,48.885821969270118],[2.330471732800443,48.886064994844723],[2.330576857077785,48.886145594194083],[2.329053729949567,48.887242227926578],[2.329302278316959,48.887373639080209],[2.329096132565446,48.887482499953059],[2.328560260466163,48.887874552729585],[2.328695522507231,48.88797032473547],[2.328389621841286,48.88816988807163],[2.328319765463621,48.888294514068079],[2.328310312209084,48.888439481718528],[2.328376685981165,48.888584874693251],[2.328489459309039,48.888660517872189],[2.328625367995371,48.88870628639188],[2.328837490965752,48.888722477708839],[2.329012087030886,48.888708454096758],[2.329187262776099,48.888649427076906],[2.330204962370497,48.887940022340999],[2.330311955025125,48.88787561151419],[2.329725468004501,48.88748727476743],[2.329587887670389,48.887571516697882],[2.330204962370497,48.887940022340999],[2.330311955025125,48.88787561151419],[2.331804038567729,48.886833797115138],[2.331676805448609,48.886703068321225],[2.331754554926504,48.886553480697771],[2.331848167491617,48.886443131165343],[2.331530420452092,48.886292192120699],[2.331424074574648,48.88630660050719],[2.331432812567132,48.886216636320825],[2.331592491545245,48.886182522784878],[2.331556890534529,48.886002298055956],[2.331770800104239,48.885878474024203],[2.33196851768078,48.885834570826916],[2.332052885205866,48.885760030674852],[2.332538043432987,48.886362822798191]]}},
{"type":"Feature","properties":{"fid":1595},"geometry":{"type":"LineString","coordinates":[[2.332052885205866,48.885760030674852],[2.331889811715684,48.885467828671068],[2.331762068375074,48.88537710274025],[2.331450105030444,48.885460373536795],[2.331175409779828,48.885593858949818]]}},
{"type":"Feature","properties":{"fid":1596},"geometry":{"type":"LineString","coordinates":[[2.331019201274339,48.885357952195271],[2.330447708464802,48.884234073955575]]}},
{"type":"Feature","properties":{"fid":1597},"geometry":{"type":"LineString","coordinates":[[2.33713943649904,48.881961672268865],[2.337725763831444,48.880953705570874]]}},
{"type":"Feature","properties":{"fid":1598},"geometry":{"type":"LineString","coordinates":[[2.351219180493595,48.878144382738469],[2.351151592554773,48.877741365822679],[2.351510708317301,48.87751827797608],[2.350504544392048,48.873694743538614],[2.350040674274963,48.872138235907158],[2.349553002127704,48.870365310924086],[2.355583327612914,48.869022895151694],[2.35735355807885,48.868664673588405],[2.361738724623613,48.868050537913078],[2.362732253608828,48.867895573989799]]}},
{"type":"Feature","properties":{"fid":1599},"geometry":{"type":"LineString","coordinates":[[2.329922965770175,48.850290268274485],[2.332691670314751,48.850261641705075],[2.332809255092398,48.850547347754777],[2.333950919227884,48.850922526578152],[2.333967831688719,48.851203917096747],[2.33576262586906,48.851293908503372],[2.337067694761293,48.851465973371759]]}},
{"type":"Feature","properties":{"fid":1600},"geometry":{"type":"LineString","coordinates":[[2.347743469974823,48.855823241573255],[2.348309905365094,48.855654088448219]]}},
{"type":"Feature","properties":{"fid":1601},"geometry":{"type":"LineString","coordinates":[[2.35324849875734,48.852869043187013],[2.353313083794541,48.852645554131676]]}},
{"type":"Feature","properties":{"fid":1602},"geometry":{"type":"LineString","coordinates":[[2.476609759133927,48.84649842876015],[2.477386281580811,48.847058007351137],[2.478719178411589,48.847168653466397]]}},
{"type":"Feature","properties":{"fid":1603},"geometry":{"type":"LineString","coordinates":[[2.478713187194121,48.847415049921587],[2.478591098227571,48.847809637513897],[2.477809953650921,48.848713841087118]]}},
{"type":"Feature","properties":{"fid":1604},"geometry":{"type":"LineString","coordinates":[[2.392013346134334,48.848982518504549],[2.390576431896621,48.850464234721912]]}},
{"type":"Feature","properties":{"fid":1605},"geometry":{"type":"LineString","coordinates":[[2.272145737269304,48.881024471730591],[2.271682899515036,48.880265981615452],[2.270761424947528,48.878930163290711],[2.269977017416687,48.877555165544265],[2.269601891884914,48.877272832801339],[2.268830875233128,48.877108100556939],[2.265607017025255,48.876688302360989],[2.263685563389595,48.876386452610838],[2.263396782881217,48.876434684046771],[2.263256931753073,48.876673861988955]]}},
{"type":"Feature","properties":{"fid":1606},"geometry":{"type":"LineString","coordinates":[[2.461986584266277,48.833368732497995],[2.461655136255747,48.833178735332361],[2.461231517901884,48.832845553044628],[2.460985241514046,48.832914927447398],[2.46066598249732,48.832814810619077],[2.46041107226196,48.832686789631957],[2.460125814358006,48.83239651778738],[2.460007256600748,48.832097160516348],[2.459851183916088,48.832113431301877],[2.459894742049142,48.83202895739133],[2.460143789330689,48.831691758154605],[2.460229049342863,48.831706239785532],[2.460209376407527,48.831544037563177],[2.46025331984297,48.831424412891742],[2.460134562425819,48.831183077466306]]}},
{"type":"Feature","properties":{"fid":1607},"geometry":{"type":"LineString","coordinates":[[2.464950231193109,48.830521855537228],[2.46516840045868,48.831104369729125],[2.465351992002433,48.831501663585648],[2.46458868059664,48.831570072472402]]}},
{"type":"Feature","properties":{"fid":1608},"geometry":{"type":"LineString","coordinates":[[2.461780388493126,48.830121630689945],[2.461053085543785,48.829813877094487],[2.460643240128131,48.829522934055241],[2.460732946920045,48.829316841786365],[2.458815999410003,48.828383076592075],[2.458128644797122,48.828313885185914],[2.457951617932625,48.828494800349169],[2.454837797716492,48.827175584602656],[2.454939817040105,48.82699020202304],[2.455289996922605,48.827000057413144],[2.456312569717634,48.826112641852163],[2.457941211457506,48.82468281186631],[2.458205186990951,48.82456010949042],[2.458032036751904,48.82436934695879],[2.458035642742341,48.824022446995293],[2.458017166277089,48.823649260235882]]}},
{"type":"Feature","properties":{"fid":1609},"geometry":{"type":"LineString","coordinates":[[2.458496174530239,48.822221534875865],[2.458325402612986,48.822621638730652],[2.458033844559458,48.822992014185935],[2.457944481458472,48.823165067470214],[2.457619086245914,48.823180111880902],[2.4574535523123,48.823460198209006],[2.457278774950951,48.823426365446366],[2.45706888011768,48.823161095244672],[2.456907731025981,48.82301994482534],[2.45677237434114,48.822804572031799],[2.456323273981208,48.822686892106042],[2.455838374350046,48.82240384904631],[2.455792220131376,48.822031942239335],[2.455608131115883,48.821692447137728],[2.455385225958672,48.8214766738744],[2.455214081148327,48.82109593724757],[2.455072808488319,48.820819712493837]]}},
{"type":"Feature","properties":{"fid":1610},"geometry":{"type":"LineString","coordinates":[[2.454129393405085,48.820446246339714],[2.455045010628409,48.820516971116611],[2.455558267944046,48.820478009427227],[2.455846554051705,48.82042150208941],[2.456420368997516,48.820572790900258],[2.457060339525097,48.82037745986085],[2.457560226792484,48.820421028282915],[2.457785369588049,48.820422049402069],[2.458334517437906,48.820540177392758],[2.458545008552192,48.820747629152393],[2.458818813198111,48.820881027636368],[2.458302980085468,48.821167789695785],[2.458387963000595,48.821415972640054],[2.458485026050413,48.821705509822166],[2.458496174530239,48.822221534875865]]}},
{"type":"Feature","properties":{"fid":1611},"geometry":{"type":"LineString","coordinates":[[2.458205186990951,48.82456010949042],[2.458440926256365,48.824747025237109],[2.459400434573138,48.825106542572314],[2.459673900503935,48.825275041524407],[2.459709287971174,48.825481698962477],[2.460866233193401,48.826106412741566],[2.462957416270755,48.827123528608666],[2.463445373616726,48.827117458961737],[2.464005246237503,48.827417325413414],[2.464244202165568,48.827294497871577],[2.464488243071148,48.827416288530394]]}},
{"type":"Feature","properties":{"fid":1612},"geometry":{"type":"LineString","coordinates":[[2.464440548425185,48.834355814015268],[2.464243590747822,48.834658158262243],[2.463967746379752,48.834714741196798],[2.463615388287361,48.834911397502182],[2.46346465619485,48.834968540263425],[2.463275538999514,48.835108108877719],[2.462745340322852,48.835273728395933]]}},
{"type":"Feature","properties":{"fid":1613},"geometry":{"type":"LineString","coordinates":[[2.455751384282025,48.842616128595843],[2.454912546407172,48.842760168826018],[2.454147783078569,48.842743260370938]]}},
{"type":"Feature","properties":{"fid":1614},"geometry":{"type":"LineString","coordinates":[[2.434586436305843,48.850812302794886],[2.432715691643645,48.851125292172291],[2.432390294504595,48.851123748948382],[2.431554023652613,48.850913285468152],[2.430940146408015,48.850968185530455],[2.429597892239092,48.851036456922671]]}},
{"type":"Feature","properties":{"fid":1615},"geometry":{"type":"LineString","coordinates":[[2.429441302008016,48.850092690253454],[2.429444956010811,48.84964968482646]]}},
{"type":"Feature","properties":{"fid":1616},"geometry":{"type":"LineString","coordinates":[[2.427753507676135,48.849717141504577],[2.426424272597532,48.849749023779069]]}},
{"type":"Feature","properties":{"fid":1617},"geometry":{"type":"LineString","coordinates":[[2.472626843192034,48.84047011928989],[2.472758160315006,48.839918573944537]]}},
{"type":"Feature","properties":{"fid":1618},"geometry":{"type":"LineString","coordinates":[[2.473067904155633,48.838696809734415],[2.474252829209124,48.838981036588642]]}},
{"type":"Feature","properties":{"fid":1619},"geometry":{"type":"LineString","coordinates":[[2.474676695796071,48.839083179789981],[2.475914621388691,48.83771643680295],[2.476946578298764,48.838373477645241],[2.478025490263856,48.838096912941012]]}},
{"type":"Feature","properties":{"fid":1620},"geometry":{"type":"LineString","coordinates":[[2.480032157276114,48.837869405468737],[2.480693408080433,48.838104013709589]]}},
{"type":"Feature","properties":{"fid":1621},"geometry":{"type":"LineString","coordinates":[[2.481201126916456,48.837496755758472],[2.482153656546291,48.837826959616507]]}},
{"type":"Feature","properties":{"fid":1622},"geometry":{"type":"LineString","coordinates":[[2.483532328408396,48.836957367403741],[2.48327019030867,48.837695709746576]]}},
{"type":"Feature","properties":{"fid":1623},"geometry":{"type":"LineString","coordinates":[[2.484344503200154,48.837113243066668],[2.484508950093414,48.836259758312039]]}},
{"type":"Feature","properties":{"fid":1624},"geometry":{"type":"LineString","coordinates":[[2.483342059363978,48.836155113295412],[2.482852966383669,48.836735553107168]]}},
{"type":"Feature","properties":{"fid":1625},"geometry":{"type":"LineString","coordinates":[[2.479926368104608,48.839402833767856],[2.478321042786943,48.840942023129109],[2.477320264126387,48.840372216324518],[2.476025344906031,48.841162404491826]]}},
{"type":"Feature","properties":{"fid":1626},"geometry":{"type":"LineString","coordinates":[[2.369271346115294,48.851842078890286],[2.368686284701981,48.851457102979531],[2.368067838968056,48.850680167821409]]}},
{"type":"Feature","properties":{"fid":1627},"geometry":{"type":"LineString","coordinates":[[2.366563593829633,48.851832160319766],[2.366721391390539,48.852487965740217]]}},
{"type":"Feature","properties":{"fid":1628},"geometry":{"type":"LineString","coordinates":[[2.365973300305539,48.852277001603547],[2.366247452405602,48.852852501946927],[2.36652087934146,48.85354895697273]]}},
{"type":"Feature","properties":{"fid":1629},"geometry":{"type":"LineString","coordinates":[[2.365752213164606,48.856192937810128],[2.366217357749585,48.857384883047899],[2.366504659332719,48.857323385159617]]}},
{"type":"Feature","properties":{"fid":1630},"geometry":{"type":"LineString","coordinates":[[2.366574764834632,48.857586330131412],[2.366339812678784,48.857608544452638],[2.366387698991254,48.857893327168185]]}},
{"type":"Feature","properties":{"fid":1631},"geometry":{"type":"LineString","coordinates":[[2.364483764597666,48.85816948946033],[2.363831992336666,48.858333687107447]]}},
{"type":"Feature","properties":{"fid":1632},"geometry":{"type":"LineString","coordinates":[[2.361708607956452,48.860488630036031],[2.360756032199369,48.859947331665197]]}},
{"type":"Feature","properties":{"fid":1633},"geometry":{"type":"LineString","coordinates":[[2.359782712549017,48.859346565055105],[2.361671126603828,48.858442425078387]]}},
{"type":"Feature","properties":{"fid":1634},"geometry":{"type":"LineString","coordinates":[[2.364537595620253,48.859458954477354],[2.363057465025567,48.859881128698177],[2.36282071085911,48.85978854098434]]}},
{"type":"Feature","properties":{"fid":1635},"geometry":{"type":"LineString","coordinates":[[2.359057442557905,48.857359183839407],[2.35834369455779,48.856507655201774],[2.35813073040748,48.856281033507628]]}},
{"type":"Feature","properties":{"fid":1636},"geometry":{"type":"LineString","coordinates":[[2.464189737300718,48.856389256065604],[2.462717981123023,48.856274312422507],[2.462652928248442,48.856513550765214],[2.464480645176734,48.857711135819763],[2.463096552899879,48.858407004730161],[2.462495876943501,48.858439188820697],[2.461703575734832,48.858747652340114],[2.461388256593173,48.858977503826843],[2.461094295698262,48.859562615559362],[2.460966558859096,48.859809829676806],[2.460322675115185,48.860337609871912],[2.459768050455936,48.860706791310776]]}},
{"type":"Feature","properties":{"fid":1637},"geometry":{"type":"LineString","coordinates":[[2.464480645176734,48.857711135819763],[2.466647267364148,48.856591498892833]]}},
{"type":"Feature","properties":{"fid":1638},"geometry":{"type":"LineString","coordinates":[[2.467428879210094,48.856655810848636],[2.46782150445362,48.855694162506744],[2.468508848476295,48.854573901515586],[2.46888753186022,48.854261715062549],[2.469332146888099,48.853971468655978]]}},
{"type":"Feature","properties":{"fid":1639},"geometry":{"type":"LineString","coordinates":[[2.410630258305018,48.844334226307737],[2.409263303186116,48.840552244048261]]}},
{"type":"Feature","properties":{"fid":1640},"geometry":{"type":"LineString","coordinates":[[2.408915186533984,48.8405497211929],[2.40882246050856,48.840362670304863],[2.407665436493253,48.840351246590096],[2.406975869594283,48.840239527966631],[2.405940907625202,48.840126090571729],[2.405559422266487,48.840099578087148],[2.405525324852482,48.840220927949076],[2.404865162554232,48.840559652164039],[2.40478686154063,48.84061056359193],[2.404789792529852,48.840785165551779],[2.404641910377343,48.840796446112854],[2.404365010984304,48.839742046506416],[2.400591632955074,48.839717498006408],[2.400298003506946,48.839752415012256],[2.399945198281825,48.839611654916425],[2.396884668882685,48.839550662305776],[2.396596890817887,48.839047600212808],[2.395246164380998,48.839359986017691],[2.394426453066932,48.839304537967031],[2.391224128501977,48.837356946287187]]}},
{"type":"Feature","properties":{"fid":1641},"geometry":{"type":"LineString","coordinates":[[2.386463777851455,48.835915579305642],[2.387318335662488,48.835187043080786],[2.385546901675135,48.834182694211421],[2.385036185918115,48.833944098320025],[2.384716664023677,48.833948155225137],[2.38436713408337,48.834299766340351],[2.384178600884435,48.834179092533375],[2.384536092204149,48.833884524468452],[2.384416025351095,48.833815504692403],[2.384262163911972,48.833683609080808],[2.38318084097228,48.834584362434697],[2.380700831363884,48.836560900017318],[2.380203225155075,48.836290415742752],[2.380146252645432,48.836342971945761],[2.379716925656453,48.83613487830749],[2.378923507023791,48.835713762864266],[2.376821485341338,48.834585599394934],[2.376424906935579,48.834354101125705],[2.376347610371473,48.834319497161125],[2.376811683974919,48.833949833671113]]}},
{"type":"Feature","properties":{"fid":1642},"geometry":{"type":"LineString","coordinates":[[2.46843404230696,48.849564222551727],[2.469004479353407,48.849271051207438],[2.468286266430608,48.848714893268372]]}},
{"type":"Feature","properties":{"fid":1643},"geometry":{"type":"LineString","coordinates":[[2.46693442079849,48.848634362143649],[2.466313713356382,48.848948023378959]]}},
{"type":"Feature","properties":{"fid":1644},"geometry":{"type":"LineString","coordinates":[[2.442920801433377,48.850635680713388],[2.443010299696394,48.85153622516367],[2.443125437707582,48.851791754305367],[2.443387535663194,48.852524251791479],[2.442690772898916,48.852855897886869]]}},
{"type":"Feature","properties":{"fid":1645},"geometry":{"type":"LineString","coordinates":[[2.438839261086076,48.853026473851052],[2.437666332568173,48.853173876501522],[2.437497969796663,48.853106132929611],[2.437323852571192,48.852832289965193]]}},
{"type":"Feature","properties":{"fid":1646},"geometry":{"type":"LineString","coordinates":[[2.432486320723181,48.853886652591996],[2.432525942408101,48.853878335617573],[2.432217676885479,48.853136986925833],[2.43292917088295,48.853017615219805]]}},
{"type":"Feature","properties":{"fid":1647},"geometry":{"type":"LineString","coordinates":[[2.43292917088295,48.853017615219805],[2.43308544552672,48.853772892448902]]}},
{"type":"Feature","properties":{"fid":1648},"geometry":{"type":"LineString","coordinates":[[2.424541464373921,48.85373065028238],[2.42456516945079,48.853993126355562],[2.42693117405652,48.854116068272532],[2.427604374647821,48.854135826729632],[2.429080186296073,48.853981278100285],[2.430807077930929,48.853788648615371],[2.430987639094385,48.854201228715432]]}},
{"type":"Feature","properties":{"fid":1649},"geometry":{"type":"LineString","coordinates":[[2.424695232404346,48.852876260803306],[2.423756899307661,48.852746535904132]]}},
{"type":"Feature","properties":{"fid":1650},"geometry":{"type":"LineString","coordinates":[[2.42361885619137,48.853247247499752],[2.424010599313357,48.853298618097789],[2.42420860550614,48.853703754519287]]}},
{"type":"Feature","properties":{"fid":1651},"geometry":{"type":"LineString","coordinates":[[1.099114201239431,49.444666950864566],[1.099469547431304,49.444542458730425],[1.100193083441394,49.446163374020188],[1.100457015305625,49.446754625199247],[1.100480951233053,49.446850591079155],[1.102110809052934,49.447751500587472],[1.105895993290009,49.446594870714293],[1.106321146350773,49.446897129267725],[1.108559281936615,49.44605086358861],[1.110987253626542,49.44748872279272],[1.114465286809588,49.449631704772138],[1.114183722565958,49.449844842253512],[1.114380958504753,49.450065435786158],[1.116789232134623,49.451466606587196],[1.117175232708797,49.451204890027157],[1.116462741720307,49.450803386390767],[1.117121338070101,49.450339542842741],[1.116887237843555,49.450190888041895],[1.116881135088432,49.450123863343308],[1.116654362771928,49.450008786894053],[1.116925940117969,49.449834530942098],[1.116513312896546,49.449655211476646],[1.116364309129054,49.449519034043398],[1.116751724935305,49.449218298065077],[1.116482615402307,49.449091407677045],[1.115929097247429,49.449255698790139],[1.115213619634779,49.449579213791367],[1.115207087729728,49.449757591758527],[1.115633137886126,49.450037519341485],[1.116379679549669,49.449508118162861],[1.116732079723446,49.449229147509563],[1.116957640382336,49.449143415541563],[1.117351343589667,49.449138382319703],[1.117764377275845,49.44930655039515],[1.118205305300871,49.449413798146423],[1.118469946167206,49.449429065449714],[1.118583133092884,49.449375049272476],[1.119813911413691,49.450108083455262],[1.11841024020807,49.451062339276994],[1.117822324692539,49.450763173925104],[1.117175232708797,49.451204890027157],[1.116789232134623,49.451466606587196],[1.114380958504753,49.450065435786158],[1.113839701565842,49.449719568118866],[1.11263212964605,49.448939424430357],[1.110791059225801,49.447823101129977],[1.10951121406132,49.447033429367195],[1.109055938767095,49.446619161612809],[1.108559281936615,49.44605086358861]]}},
{"type":"Feature","properties":{"fid":1652},"geometry":{"type":"LineString","coordinates":[[1.100193083441394,49.446163374020188],[1.09818969266212,49.446518484201647]]}},
{"type":"Feature","properties":{"fid":1653},"geometry":{"type":"LineString","coordinates":[[1.097279051545504,49.445346251068827],[1.097023203087297,49.444910768715623],[1.095926533909852,49.445189137689042],[1.095131797624837,49.445109706602146],[1.094208461312288,49.44525503641637]]}},
{"type":"Feature","properties":{"fid":1654},"geometry":{"type":"LineString","coordinates":[[1.093291542377858,49.443639442824626],[1.094253352314478,49.443421221851921],[1.094488092848123,49.443318942810322],[1.095516029094787,49.442987925408069]]}},
{"type":"Feature","properties":{"fid":1655},"geometry":{"type":"LineString","coordinates":[[1.098340864315682,49.439919715499151],[1.098877012816017,49.439881043272742],[1.099414805075799,49.439787195003348]]}},
{"type":"Feature","properties":{"fid":1656},"geometry":{"type":"LineString","coordinates":[[1.098079703776564,49.439936477743146],[1.098210249364382,49.440333509920407],[1.098742631621514,49.44097213723137],[1.098778951561844,49.441066582207867]]}},
{"type":"Feature","properties":{"fid":1657},"geometry":{"type":"LineString","coordinates":[[1.098764213235363,49.441156254430581],[1.098241153405999,49.440886175039488],[1.097984904978801,49.440876572027356],[1.097950547485478,49.440686828025356]]}},
{"type":"Feature","properties":{"fid":1658},"geometry":{"type":"LineString","coordinates":[[1.098989317853482,49.441515938240293],[1.100256150805,49.441447678706332],[1.101599922674785,49.441424136201576],[1.101454065843279,49.44120432411291],[1.101615545321739,49.441000486377924],[1.101365343832634,49.4405949781722],[1.098873697946374,49.441334229348733]]}},
{"type":"Feature","properties":{"fid":1659},"geometry":{"type":"LineString","coordinates":[[1.09958324309274,49.440173273631324],[1.099835900118153,49.440468306845979]]}},
{"type":"Feature","properties":{"fid":1660},"geometry":{"type":"LineString","coordinates":[[1.094618997541412,49.440992575956315],[1.094106071096893,49.441094879596683]]}},
{"type":"Feature","properties":{"fid":1661},"geometry":{"type":"LineString","coordinates":[[1.094035473288202,49.440233547141666],[1.093468647807482,49.440357935574191],[1.092737568344853,49.440642747968418]]}},
{"type":"Feature","properties":{"fid":1662},"geometry":{"type":"LineString","coordinates":[[1.093038588720743,49.441030773688617],[1.091839217673442,49.441312526216173]]}},
{"type":"Feature","properties":{"fid":1663},"geometry":{"type":"LineString","coordinates":[[1.091029960908744,49.441592788010304],[1.090482370548226,49.441885311115989],[1.089608608441856,49.442221522022102],[1.088806993796162,49.442606104595257],[1.08868546246357,49.442542703117184]]}},
{"type":"Feature","properties":{"fid":1664},"geometry":{"type":"LineString","coordinates":[[1.092398062706009,49.441979099123479],[1.092299515244923,49.442027908970921],[1.091581798109947,49.442195664962448],[1.090823332091023,49.442452307700613],[1.09003718566761,49.442647827795284],[1.089000368486384,49.442927078730051],[1.088806993796162,49.442606104595257]]}},
{"type":"Feature","properties":{"fid":1665},"geometry":{"type":"LineString","coordinates":[[1.088387685185427,49.442722544117807],[1.086891862791779,49.442984415817754],[1.086175914234875,49.443171855697457]]}},
{"type":"Feature","properties":{"fid":1666},"geometry":{"type":"LineString","coordinates":[[1.086891862791779,49.442984415817754],[1.086996368374407,49.443164549535531],[1.08636535056686,49.443383130720058]]}},
{"type":"Feature","properties":{"fid":1667},"geometry":{"type":"LineString","coordinates":[[1.085371929634273,49.442275162622472],[1.086190422535029,49.441836185955665]]}},
{"type":"Feature","properties":{"fid":1668},"geometry":{"type":"LineString","coordinates":[[1.086630423597622,49.443678758538368],[1.085327427897037,49.444219398854095],[1.082161683448076,49.445496451374041]]}},
{"type":"Feature","properties":{"fid":1669},"geometry":{"type":"LineString","coordinates":[[1.08153652398423,49.444827473006853],[1.084895935563545,49.443461503011427]]}},
{"type":"Feature","properties":{"fid":1670},"geometry":{"type":"LineString","coordinates":[[1.088232205998696,49.445426700408561],[1.092767511919257,49.444564929983819],[1.093739078005751,49.444404882072476]]}},
{"type":"Feature","properties":{"fid":1671},"geometry":{"type":"LineString","coordinates":[[1.086438491220141,49.445753677778569],[1.08633834366382,49.445773136366391]]}},
{"type":"Feature","properties":{"fid":1672},"geometry":{"type":"LineString","coordinates":[[1.085867381810827,49.445129549816841],[1.082937187267155,49.446326282767643],[1.080301056173826,49.447402113153501],[1.078032477678403,49.448304550386027],[1.077448562803279,49.447676171189649],[1.076803553270347,49.447939228924767],[1.075656465016343,49.448646087759549],[1.075353264983714,49.448747242562554],[1.075078579365109,49.448772158426614]]}},
{"type":"Feature","properties":{"fid":1673},"geometry":{"type":"LineString","coordinates":[[1.077448562803279,49.447676171189649],[1.077153998845299,49.447260148285174],[1.078115945198836,49.44684380276427],[1.078832136845034,49.446533814290504],[1.078566237779026,49.446094544508455],[1.079452200544187,49.445734903222771],[1.080413865054695,49.445292783315693]]}},
{"type":"Feature","properties":{"fid":1674},"geometry":{"type":"LineString","coordinates":[[1.078566237779026,49.446094544508455],[1.077708568450068,49.446440684625813],[1.078115945198836,49.44684380276427]]}},
{"type":"Feature","properties":{"fid":1675},"geometry":{"type":"LineString","coordinates":[[-1.551204981914184,47.218157805081752],[-1.55080754819835,47.217993774244775],[-1.550143639195701,47.216664295596118],[-1.550581032392311,47.216451116111394],[-1.54944023314836,47.216283635287013],[-1.548675248894459,47.216591343780898],[-1.548686711624337,47.217293178544978],[-1.549650615585715,47.21905184461184],[-1.550353599178538,47.219710168996755]]}},
{"type":"Feature","properties":{"fid":1676},"geometry":{"type":"LineString","coordinates":[[-1.574214174165991,47.205442504150142],[-1.573024391060823,47.206387812081488],[-1.570857623831481,47.207682010654814],[-1.566668984750699,47.208876295154248],[-1.564693841485919,47.209607503671918],[-1.565233200525157,47.209749556611463],[-1.566576586456309,47.211738122660023],[-1.562145479966367,47.21318677664965],[-1.566226919941527,47.214675424749721],[-1.5682239987752,47.214482303706951],[-1.570725518667079,47.214301895850461],[-1.573650815730042,47.214594666272546],[-1.574691937708843,47.214716852022129],[-1.574937195748255,47.215556451388018],[-1.577048600990044,47.216142622948411],[-1.578508066955082,47.216672881322829],[-1.579589317318194,47.216140134454129],[-1.58205132792767,47.217463647276439],[-1.583508102299042,47.217961287068619],[-1.583779715139813,47.218264935827648],[-1.583913056968013,47.218422982323546],[-1.587628140527601,47.217573514347372]]}},
{"type":"Feature","properties":{"fid":1677},"geometry":{"type":"LineString","coordinates":[[-1.587009718358653,47.216226075641877],[-1.585967695219038,47.214127780844635],[-1.587191188155163,47.208803837933658],[-1.582302033240186,47.207682720067609],[-1.583075608623962,47.206917120530115],[-1.583392551896858,47.206136933270102],[-1.583542286450927,47.205363366594433],[-1.580372089871367,47.203316626174882],[-1.578786925369676,47.202432056687698],[-1.577537229445984,47.201546448251435],[-1.578197981131882,47.201144659937562],[-1.578893073390231,47.201427481024062],[-1.57920356511958,47.201415195856448],[-1.579526227859029,47.201827077884523],[-1.580566033208403,47.201655265892185],[-1.580566033208403,47.201655265892185],[-1.580408858767296,47.201498159817326],[-1.58039390675482,47.201041436233609],[-1.580137039002317,47.200839277475708],[-1.579989883262901,47.200518447510397],[-1.581141842069016,47.200538183055052],[-1.581317950860177,47.200073895705231],[-1.581107463591278,47.199853570257972],[-1.58017709710581,47.200184384356746],[-1.579599425755005,47.200435903333734],[-1.579657978038756,47.200841903434082],[-1.579451034942596,47.201225744186125],[-1.579660134020063,47.201429794722848],[-1.579937033607122,47.201304508092697],[-1.580062595291325,47.200676975286264],[-1.580871102764388,47.200173247948676],[-1.581107463591278,47.199853570257972],[-1.581137196712109,47.199640068014688],[-1.577918941341267,47.20068205106206],[-1.576254091320236,47.201956511918823],[-1.575027069634513,47.20358928842321],[-1.574214174165991,47.205442504150142]]}},
{"type":"Feature","properties":{"fid":1678},"geometry":{"type":"LineString","coordinates":[[2.26872979727939,48.904952938921063],[2.268048030994434,48.903442054348076],[2.270018736848087,48.90307237879496],[2.27481579755967,48.902614531807657],[2.27629052313693,48.903381581049679],[2.275683925837585,48.903930716582657]]}},
{"type":"Feature","properties":{"fid":1679},"geometry":{"type":"LineString","coordinates":[[2.27481579755967,48.902614531807657],[2.276394005503521,48.90110781686721],[2.275201083733035,48.900753127004407],[2.275419976314069,48.900517535541816],[2.271867483633834,48.89929561514883],[2.269030666441505,48.898299079521877],[2.264808317829128,48.896610866697948],[2.263215307088165,48.895763969002296],[2.261721964599171,48.894649157040497],[2.260518349136023,48.893378169134778],[2.259604146194065,48.8936568217295],[2.257075244597954,48.89462041971845],[2.256735405177644,48.894934201232843],[2.256402779872437,48.894742602107314],[2.256374767309055,48.89502672942011],[2.255298719522949,48.894893686598436],[2.254370914154023,48.894445666722845],[2.254230368919249,48.894223668175023],[2.253565374696552,48.89382466167941],[2.252919356664078,48.893773249537126],[2.252153151217834,48.893334117106832],[2.25209558922106,48.892338700839353],[2.25152757421055,48.891861314926253],[2.251242435018057,48.891701586633076],[2.250929938661172,48.891778605062505],[2.250519364545884,48.892012954534295],[2.250403929999012,48.891712135169236],[2.249896640323128,48.892009055338285],[2.24970708116285,48.891865716643061],[2.249393215464297,48.892037489906869],[2.248063367192016,48.891239417767629],[2.247592571873147,48.890667855317353],[2.247645036597976,48.890352293091183],[2.248173992573575,48.89021346405525],[2.247773685848821,48.889737111927857],[2.2482310138068,48.889582037998345],[2.247523902296903,48.88859459253635]]}},
{"type":"Feature","properties":{"fid":1680},"geometry":{"type":"LineString","coordinates":[[2.467884539246473,48.84586353482338],[2.466547428032157,48.844898092732841],[2.466391803395207,48.844905296143111],[2.465513106998427,48.845380253336948]]}},
{"type":"Feature","properties":{"fid":1681},"geometry":{"type":"LineString","coordinates":[[2.175613021847206,48.87814972899843],[2.177545693249397,48.87884306508689],[2.178336726695627,48.878159264814521],[2.179240636051,48.877384335282343],[2.180618423013323,48.876161767827163],[2.180724717195173,48.876039009504751],[2.181015873148779,48.875354065559272],[2.180986435946401,48.874568137198779],[2.181324991566847,48.873858244029186],[2.181565413167169,48.873630143141],[2.181560974948253,48.873469291294839],[2.179617664414463,48.873439960957818],[2.179515453856161,48.87331629203949],[2.179497598706182,48.87312318373958],[2.179729612891805,48.872986926797672],[2.179856066921638,48.872918869734526],[2.179995799476514,48.872892257635698],[2.180187034292212,48.872691391766708],[2.18029331538852,48.872577247019649],[2.180361301345239,48.872683395379113],[2.18054508889022,48.872955753040323],[2.180612786744851,48.873080278851674],[2.181280699861039,48.873130798106246],[2.181524184603812,48.873150842843053],[2.181671603725927,48.873078332335417],[2.181980913611067,48.873342355900341],[2.181560974948253,48.873469291294839]]}},
{"type":"Feature","properties":{"fid":1682},"geometry":{"type":"LineString","coordinates":[[2.175471661187627,48.874546260629018],[2.174717326766087,48.874335539976073],[2.17399667109242,48.874096229302424],[2.173414812601004,48.873890037045491],[2.172773774255339,48.873682284200761],[2.172309746074353,48.873513659918778],[2.171881130169893,48.873308519533651],[2.171661612133911,48.873095634903819],[2.171538800859947,48.872933963179115],[2.171486881748381,48.872694668548313],[2.171532909597196,48.87242848233555],[2.171668748978931,48.872208866708846],[2.171715615905824,48.872075811269298]]}},
{"type":"Feature","properties":{"fid":1683},"geometry":{"type":"LineString","coordinates":[[2.169390714383502,48.871804203218908],[2.168789947290367,48.874080864201723],[2.168489178648893,48.874921940175426],[2.168244296600093,48.874989162414565],[2.167649475076138,48.874723118393668]]}},
{"type":"Feature","properties":{"fid":1684},"geometry":{"type":"LineString","coordinates":[[2.457604182659065,48.855912647869275],[2.457347982810672,48.857755543362288],[2.45905613398288,48.858768958143145],[2.458750288668319,48.860115614237927],[2.458378235775048,48.861590352795162],[2.456109124337322,48.861494472131561],[2.455826877023491,48.860573100013724],[2.455575949217927,48.859758856135763],[2.45532077927163,48.859351143470029],[2.455337804476656,48.858772919699412]]}},
{"type":"Feature","properties":{"fid":1685},"geometry":{"type":"LineString","coordinates":[[2.455362247314128,48.858600045016985],[2.455130693364852,48.858534499928467],[2.454832593082522,48.858356613107681],[2.454624227664862,48.858125640810563],[2.454437943433339,48.858108743571457],[2.454202627391315,48.858129068005717],[2.454202627391315,48.858129068005717],[2.454082933684465,48.857946643438467],[2.454059734892994,48.857839550186],[2.454157854383815,48.857759757219299],[2.454052917463381,48.857716483540813],[2.453988849801696,48.857641300021903],[2.454069806207437,48.857575970150954]]}},
{"type":"Feature","properties":{"fid":1686},"geometry":{"type":"LineString","coordinates":[[2.453551500803328,48.857751809993054],[2.453371928655518,48.857806425835157]]}},
{"type":"Feature","properties":{"fid":1687},"geometry":{"type":"LineString","coordinates":[[2.451588457525265,48.855891234068892],[2.450862890912058,48.855836832257467]]}},
{"type":"Feature","properties":{"fid":1688},"geometry":{"type":"LineString","coordinates":[[2.450683876893539,48.855876093418146],[2.450727312089878,48.855576224374268],[2.450890733065651,48.855453938582414],[2.451589330280814,48.855318058363125],[2.451866918111178,48.855282138706478],[2.452394534818194,48.855168761452575],[2.45271681999069,48.855253678449138],[2.452902475640177,48.855329418808957],[2.453250480268646,48.855384503255557],[2.453410359602076,48.855599208979022],[2.453643509616681,48.855686571421572]]}},
{"type":"Feature","properties":{"fid":1689},"geometry":{"type":"LineString","coordinates":[[2.456938462878038,48.856354857229498],[2.456507112011415,48.856373404734178]]}},
{"type":"Feature","properties":{"fid":1690},"geometry":{"type":"LineString","coordinates":[[-0.225127816581605,51.493319856659753],[-0.225191327113297,51.493249114883731],[-0.224541054919327,51.493074288528511],[-0.224700353412269,51.492905396949723],[-0.22565413091363,51.492902333479485],[-0.227065514310815,51.492733388286844],[-0.227362438530892,51.492715174568424]]}},
{"type":"Feature","properties":{"fid":1691},"geometry":{"type":"LineString","coordinates":[[-0.224700353412269,51.492905396949723],[-0.224395783641683,51.492806824315096],[-0.224197938219205,51.492647041660028],[-0.223576204606134,51.492062069717797]]}},
{"type":"Feature","properties":{"fid":1692},"geometry":{"type":"LineString","coordinates":[[-0.01849415998289,51.503432526925288],[-0.018299313885707,51.503033131028388],[-0.018589917167226,51.502771007282497],[-0.017598012242374,51.502709617604033],[-0.018143504528805,51.503270771376265],[-0.0178227742329,51.503597409438477],[-0.01577218621636,51.503497467822108],[-0.015398762670294,51.504633446192777],[-0.014955131180807,51.504622757699636],[-0.019481635517732,51.505088933925862],[-0.01967312724147,51.503765896171778],[-0.022213111501033,51.504066736499411],[-0.022952397683093,51.504453113615519],[-0.022838308571208,51.505370261004678],[-0.022330081993124,51.507083650390328],[-0.02313486223634,51.507425929359499]]}},
{"type":"Feature","properties":{"fid":1693},"geometry":{"type":"LineString","coordinates":[[-0.022330081993124,51.507083650390328],[-0.020747904210881,51.506844998798343]]}},
{"type":"Feature","properties":{"fid":1694},"geometry":{"type":"LineString","coordinates":[[-0.022213111501033,51.504066736499411],[-0.022286521774494,51.503597138409965],[-0.024999245707412,51.503936326009466],[-0.024885315229098,51.504300567048652],[-0.02504619432123,51.504700765799321],[-0.025603644376742,51.504900086578154]]}},
{"type":"Feature","properties":{"fid":1695},"geometry":{"type":"LineString","coordinates":[[-0.024885315229098,51.504300567048652],[-0.024484837071574,51.504437739178925],[-0.023596270356174,51.504395189895341],[-0.023333192474576,51.504550338737005],[-0.022952397683093,51.504453113615519]]}},
{"type":"Feature","properties":{"fid":1696},"geometry":{"type":"LineString","coordinates":[[-0.01967312724147,51.503765896171778],[-0.01849415998289,51.503432526925288]]}},
{"type":"Feature","properties":{"fid":1697},"geometry":{"type":"LineString","coordinates":[[-0.127284494337294,51.499733142167905],[-0.127288164303202,51.499475593389889],[-0.128334204103714,51.499582636362746],[-0.128363918250595,51.499379865669908],[-0.127509710814052,51.499342512513351],[-0.127192924080152,51.499451365238329],[-0.126981983622567,51.499483165521866],[-0.126750326305862,51.499456993803257],[-0.126796719895706,51.499248494419433],[-0.127120583093743,51.499251118841066],[-0.127460782218762,51.499242704939206],[-0.127543293548397,51.498932293968657],[-0.127387845770945,51.498898921695329],[-0.127447538603727,51.498631608819203],[-0.127153992002361,51.498569751528777],[-0.127052768161601,51.498317051813402],[-0.126719395447281,51.498298712325031],[-0.127052768161601,51.498317051813402],[-0.127153992002361,51.498569751528777],[-0.127447538603727,51.498631608819203],[-0.127387845770945,51.498898921695329],[-0.127543293548397,51.498932293968657],[-0.128108663489871,51.498982109334506],[-0.128078533930066,51.499312491800772],[-0.128490481757506,51.499360784156231],[-0.128497224651436,51.49946695184525],[-0.128634653458102,51.499484818448856],[-0.128617484755531,51.499837325940483],[-0.127258453201445,51.500197467742602],[-0.127095791263243,51.500873330395898],[-0.126004422341343,51.500857781424088],[-0.125840619710413,51.50103472256599]]}},
{"type":"Feature","properties":{"fid":1698},"geometry":{"type":"LineString","coordinates":[[-0.126004422341343,51.500857781424088],[-0.126070684029256,51.499620007845792],[-0.125709006536474,51.498618771827715],[-0.12593114388997,51.498629230552872],[-0.125832281546124,51.497876698947515],[-0.125829753901934,51.497568390818948],[-0.126622037917356,51.497570068727455],[-0.12664113885373,51.496931587438482],[-0.127170107684041,51.496945089501757],[-0.127083103960757,51.496245430475568],[-0.127513461207916,51.496181618491065],[-0.127540817551086,51.495941687838666],[-0.128286508273297,51.495880706109602],[-0.128007495993203,51.494840206875118],[-0.129019457791461,51.494847158096384]]}},
{"type":"Feature","properties":{"fid":1699},"geometry":{"type":"LineString","coordinates":[[-0.136135384226577,51.489365408946448],[-0.134991376379991,51.487202410414014],[-0.134451245160536,51.487279606694187]]}},
{"type":"Feature","properties":{"fid":1700},"geometry":{"type":"LineString","coordinates":[[-0.134991376379991,51.487202410414014],[-0.134217947726985,51.485754134910216],[-0.136883143189422,51.485347744304384],[-0.139171480932928,51.484908120543153],[-0.141255553196452,51.485005220143229],[-0.145643961261426,51.485699792218355]]}},
{"type":"Feature","properties":{"fid":1701},"geometry":{"type":"LineString","coordinates":[[-0.149893463011157,51.48580069319334],[-0.150260852830035,51.485732839100486],[-0.14993319047718,51.48433733814457],[-0.149645612944004,51.483008712586241]]}},
{"type":"Feature","properties":{"fid":1702},"geometry":{"type":"LineString","coordinates":[[-0.149923463508063,51.482990155318497],[-0.150276138932699,51.483307940840561],[-0.152879167171343,51.482998459222635],[-0.155872341346169,51.482602405754633]]}},
{"type":"Feature","properties":{"fid":1703},"geometry":{"type":"LineString","coordinates":[[-0.159157324105309,51.482198774172836],[-0.162890848958683,51.481695570284273],[-0.164983608733879,51.481398602469113],[-0.165729033100521,51.481337398466806],[-0.165818776346326,51.481143738808044],[-0.16580718108043,51.480963251299045],[-0.165365048625304,51.480708474804793],[-0.164773258687245,51.480244764109159],[-0.16452017474463,51.479751302527113],[-0.162834808436601,51.479495736918196],[-0.161431039261192,51.47938198180001],[-0.160496380058762,51.479213945450219],[-0.160146112362364,51.479063193809367],[-0.160088296084561,51.47895829936963],[-0.158237564930646,51.479347216885152],[-0.157785464401323,51.479696431348486],[-0.157376716303212,51.479961858412601],[-0.157388963811274,51.48041881304222],[-0.157946697964881,51.481680953586775],[-0.155201450081333,51.48208320528623]]}},
{"type":"Feature","properties":{"fid":1704},"geometry":{"type":"LineString","coordinates":[[-0.149338331073229,51.482358310868371],[-0.14914123431834,51.48140617140438],[-0.149480627976735,51.481387081027691],[-0.149514035358331,51.480843919305798],[-0.1500411776687,51.480564934743043],[-0.150154807222385,51.480211183231681],[-0.150556808523439,51.479839609467923],[-0.151351170025186,51.480011216716157],[-0.151089951529558,51.480453720722743],[-0.150636972352983,51.480560718469022],[-0.150351309740393,51.480621008575284],[-0.150097544636002,51.481180296993379],[-0.150027421285299,51.481681838143338],[-0.149992019735072,51.481927300047282],[-0.149649908130851,51.481903923846431],[-0.149838910405982,51.48246281012009],[-0.149923463508063,51.482990155318497]]}},
{"type":"Feature","properties":{"fid":1705},"geometry":{"type":"LineString","coordinates":[[-0.140361045427843,51.488516847624282],[-0.138968529407385,51.489743486537648]]}}
]
}
